{
    "type": "minecraft:block",
    "pools": [
        {
            "bonus_rolls": 0.0,
            "entries": [
                {
                    "type": "minecraft:alternatives",
                    "children": [
                        {
                            "type": "minecraft:item",
                            "conditions": [
                                {
                                    "condition": "minecraft:match_tool",
                                    "predicate": {
                                        "enchantments": [
                                            {
                                                "enchantment": "minecraft:silk_touch",
                                                "levels": {
                                                    "min": 1
                                                }
                                            }
                                        ]
                                    }
                                }
                            ],
                            "name": "minecraft:amethyst_cluster"
                        },
                        {
                            "type": "minecraft:alternatives",
                            "children": [
                                {
                                    "type": "minecraft:item",
                                    "conditions": [
                                        {
                                            "condition": "minecraft:match_tool",
                                            "predicate": {
                                                "tag": "minecraft:cluster_max_harvestables"
                                            }
                                        }
                                    ],
                                    "functions": [
                                        {
                                            "add": false,
                                            "count": 4.0,
                                            "function": "minecraft:set_count"
                                        },
                                        {
                                            "enchantment": "minecraft:fortune",
                                            "formula": "minecraft:ore_drops",
                                            "function": "minecraft:apply_bonus"
                                        }
                                    ],
                                    "name": "minecraft:amethyst_shard"
                                },
                                {
                                    "type": "minecraft:item",
                                    "functions": [
                                        {
                                            "add": false,
                                            "count": 2.0,
                                            "function": "minecraft:set_count"
                                        },
                                        {
                                            "function": "minecraft:explosion_decay"
                                        }
                                    ],
                                    "name": "minecraft:amethyst_shard"
                                }
                            ]
                        }
                    ]
                }
            ],
            "rolls": 1.0
        },
        {
            "rolls": 1.0,
            "bonus_rolls": 0.0,
            "entries": [
                {
                    "type": "minecraft:loot_table",
                    "name": "minecraft:lootboxes/lootbox_14",
                    "weight": 10
                },
                {
                    "type": "minecraft:empty",
                    "weight": 990
                }
            ]
        }
    ],
    "random_sequence": "minecraft:blocks/amethyst_cluster"
}