{
    "type": "minecraft:block",
    "pools": [
        {
            "bonus_rolls": 0.0,
            "entries": [
                {
                    "type": "minecraft:item",
                    "functions": [
                        {
                            "add": false,
                            "count": {
                                "type": "minecraft:binomial",
                                "n": 3.0,
                                "p": 0.53333336
                            },
                            "function": "minecraft:set_count"
                        }
                    ],
                    "name": "minecraft:pumpkin_seeds"
                }
            ],
            "functions": [
                {
                    "function": "minecraft:explosion_decay"
                }
            ],
            "rolls": 1.0
        },
        {
            "rolls": 1.0,
            "bonus_rolls": 0.0,
            "entries": [
                {
                    "type": "minecraft:loot_table",
                    "name": "minecraft:lootboxes/lootbox_21",
                    "weight": 250
                },
                {
                    "type": "minecraft:empty",
                    "weight": 750
                }
            ]
        }
    ],
    "random_sequence": "minecraft:blocks/attached_pumpkin_stem"
}