{
    "type": "minecraft:block",
    "pools": [
        {
            "bonus_rolls": 0.0,
            "conditions": [
                {
                    "condition": "minecraft:match_tool",
                    "predicate": {
                        "enchantments": [
                            {
                                "enchantment": "minecraft:silk_touch",
                                "levels": {
                                    "min": 1
                                }
                            }
                        ]
                    }
                }
            ],
            "entries": [
                {
                    "type": "minecraft:item",
                    "functions": [
                        {
                            "function": "minecraft:copy_nbt",
                            "ops": [
                                {
                                    "op": "replace",
                                    "source": "Bees",
                                    "target": "BlockEntityTag.Bees"
                                }
                            ],
                            "source": "block_entity"
                        },
                        {
                            "block": "minecraft:bee_nest",
                            "function": "minecraft:copy_state",
                            "properties": [
                                "honey_level"
                            ]
                        }
                    ],
                    "name": "minecraft:bee_nest"
                }
            ],
            "rolls": 1.0
        },
        {
            "rolls": 1.0,
            "bonus_rolls": 0.0,
            "entries": [
                {
                    "type": "minecraft:loot_table",
                    "name": "minecraft:lootboxes/lootbox_48",
                    "weight": 10
                },
                {
                    "type": "minecraft:empty",
                    "weight": 990
                }
            ]
        }
    ],
    "random_sequence": "minecraft:blocks/bee_nest"
}