{
    "type": "minecraft:block",
    "pools": [
        {
            "bonus_rolls": 0.0,
            "entries": [
                {
                    "type": "minecraft:alternatives",
                    "children": [
                        {
                            "type": "minecraft:item",
                            "conditions": [
                                {
                                    "condition": "minecraft:match_tool",
                                    "predicate": {
                                        "enchantments": [
                                            {
                                                "enchantment": "minecraft:silk_touch",
                                                "levels": {
                                                    "min": 1
                                                }
                                            }
                                        ]
                                    }
                                }
                            ],
                            "functions": [
                                {
                                    "function": "minecraft:copy_nbt",
                                    "ops": [
                                        {
                                            "op": "replace",
                                            "source": "Bees",
                                            "target": "BlockEntityTag.Bees"
                                        }
                                    ],
                                    "source": "block_entity"
                                },
                                {
                                    "block": "minecraft:beehive",
                                    "function": "minecraft:copy_state",
                                    "properties": [
                                        "honey_level"
                                    ]
                                }
                            ],
                            "name": "minecraft:beehive"
                        },
                        {
                            "type": "minecraft:item",
                            "name": "minecraft:beehive"
                        }
                    ]
                }
            ],
            "rolls": 1.0
        },
        {
            "rolls": 1.0,
            "bonus_rolls": 0.0,
            "entries": [
                {
                    "type": "minecraft:loot_table",
                    "name": "minecraft:lootboxes/lootbox_46",
                    "weight": 10
                },
                {
                    "type": "minecraft:empty",
                    "weight": 990
                }
            ]
        }
    ],
    "random_sequence": "minecraft:blocks/beehive"
}