{
    "type": "minecraft:block",
    "pools": [
        {
            "bonus_rolls": 0.0,
            "conditions": [
                {
                    "condition": "minecraft:survives_explosion"
                }
            ],
            "entries": [
                {
                    "type": "minecraft:item",
                    "functions": [
                        {
                            "function": "minecraft:copy_name",
                            "source": "block_entity"
                        },
                        {
                            "function": "minecraft:copy_nbt",
                            "ops": [
                                {
                                    "op": "replace",
                                    "source": "Patterns",
                                    "target": "BlockEntityTag.Patterns"
                                }
                            ],
                            "source": "block_entity"
                        }
                    ],
                    "name": "minecraft:blue_banner"
                }
            ],
            "rolls": 1.0
        },
        {
            "rolls": 1.0,
            "bonus_rolls": 0.0,
            "entries": [
                {
                    "type": "minecraft:loot_table",
                    "name": "minecraft:lootboxes/lootbox_85",
                    "weight": 10
                },
                {
                    "type": "minecraft:empty",
                    "weight": 990
                }
            ]
        }
    ],
    "random_sequence": "minecraft:blocks/blue_banner"
}