{
    "type": "minecraft:block",
    "pools": [
        {
            "bonus_rolls": 0.0,
            "conditions": [
                {
                    "block": "minecraft:cave_vines",
                    "condition": "minecraft:block_state_property",
                    "properties": {
                        "berries": "true"
                    }
                }
            ],
            "entries": [
                {
                    "type": "minecraft:item",
                    "name": "minecraft:glow_berries"
                }
            ],
            "rolls": 1.0
        },
        {
            "rolls": 1.0,
            "bonus_rolls": 0.0,
            "entries": [
                {
                    "type": "minecraft:loot_table",
                    "name": "minecraft:lootboxes/lootbox_39",
                    "weight": 250
                },
                {
                    "type": "minecraft:empty",
                    "weight": 750
                }
            ]
        }
    ],
    "random_sequence": "minecraft:blocks/cave_vines"
}