{
    "type": "minecraft:block",
    "pools": [
        {
            "bonus_rolls": 0.0,
            "entries": [
                {
                    "type": "minecraft:alternatives",
                    "children": [
                        {
                            "type": "minecraft:item",
                            "conditions": [
                                {
                                    "condition": "minecraft:any_of",
                                    "terms": [
                                        {
                                            "condition": "minecraft:match_tool",
                                            "predicate": {
                                                "items": [
                                                    "minecraft:shears"
                                                ]
                                            }
                                        },
                                        {
                                            "condition": "minecraft:match_tool",
                                            "predicate": {
                                                "enchantments": [
                                                    {
                                                        "enchantment": "minecraft:silk_touch",
                                                        "levels": {
                                                            "min": 1
                                                        }
                                                    }
                                                ]
                                            }
                                        }
                                    ]
                                }
                            ],
                            "name": "minecraft:cobweb"
                        },
                        {
                            "type": "minecraft:item",
                            "conditions": [
                                {
                                    "condition": "minecraft:survives_explosion"
                                }
                            ],
                            "name": "minecraft:string"
                        }
                    ]
                }
            ],
            "rolls": 1.0
        },
        {
            "rolls": 1.0,
            "bonus_rolls": 0.0,
            "entries": [
                {
                    "type": "minecraft:loot_table",
                    "name": "minecraft:lootboxes/lootbox_31",
                    "weight": 250
                },
                {
                    "type": "minecraft:empty",
                    "weight": 750
                }
            ]
        }
    ],
    "random_sequence": "minecraft:blocks/cobweb"
}