{
    "type": "minecraft:block",
    "pools": [
        {
            "bonus_rolls": 0.0,
            "entries": [
                {
                    "type": "minecraft:item",
                    "functions": [
                        {
                            "function": "minecraft:explosion_decay"
                        }
                    ],
                    "name": "minecraft:composter"
                }
            ],
            "rolls": 1.0
        },
        {
            "bonus_rolls": 0.0,
            "conditions": [
                {
                    "block": "minecraft:composter",
                    "condition": "minecraft:block_state_property",
                    "properties": {
                        "level": "8"
                    }
                }
            ],
            "entries": [
                {
                    "type": "minecraft:item",
                    "name": "minecraft:bone_meal"
                }
            ],
            "rolls": 1.0
        },
        {
            "rolls": 1.0,
            "bonus_rolls": 0.0,
            "entries": [
                {
                    "type": "minecraft:loot_table",
                    "name": "minecraft:lootboxes/lootbox_34",
                    "weight": 250
                },
                {
                    "type": "minecraft:empty",
                    "weight": 1500
                }
            ]
        }
    ],
    "random_sequence": "minecraft:blocks/composter"
}