{
    "type": "minecraft:block",
    "pools": [
        {
            "bonus_rolls": 0.0,
            "entries": [
                {
                    "type": "minecraft:item",
                    "functions": [
                        {
                            "function": "minecraft:copy_name",
                            "source": "block_entity"
                        },
                        {
                            "function": "minecraft:copy_nbt",
                            "ops": [
                                {
                                    "op": "replace",
                                    "source": "Lock",
                                    "target": "BlockEntityTag.Lock"
                                },
                                {
                                    "op": "replace",
                                    "source": "LootTable",
                                    "target": "BlockEntityTag.LootTable"
                                },
                                {
                                    "op": "replace",
                                    "source": "LootTableSeed",
                                    "target": "BlockEntityTag.LootTableSeed"
                                }
                            ],
                            "source": "block_entity"
                        },
                        {
                            "type": "minecraft:shulker_box",
                            "entries": [
                                {
                                    "type": "minecraft:dynamic",
                                    "name": "minecraft:contents"
                                }
                            ],
                            "function": "minecraft:set_contents"
                        }
                    ],
                    "name": "minecraft:cyan_shulker_box"
                }
            ],
            "rolls": 1.0
        },
        {
            "rolls": 1.0,
            "bonus_rolls": 0.0,
            "entries": [
                {
                    "type": "minecraft:loot_table",
                    "name": "minecraft:lootboxes/lootbox_29",
                    "weight": 10
                },
                {
                    "type": "minecraft:empty",
                    "weight": 990
                }
            ]
        }
    ],
    "random_sequence": "minecraft:blocks/cyan_shulker_box"
}