{
    "type": "minecraft:block",
    "pools": [
        {
            "bonus_rolls": 0.0,
            "entries": [
                {
                    "type": "minecraft:item",
                    "functions": [
                        {
                            "add": false,
                            "conditions": [
                                {
                                    "block": "minecraft:diorite_slab",
                                    "condition": "minecraft:block_state_property",
                                    "properties": {
                                        "type": "double"
                                    }
                                }
                            ],
                            "count": 2.0,
                            "function": "minecraft:set_count"
                        },
                        {
                            "function": "minecraft:explosion_decay"
                        }
                    ],
                    "name": "minecraft:diorite_slab"
                }
            ],
            "rolls": 1.0
        },
        {
            "rolls": 1.0,
            "bonus_rolls": 0.0,
            "entries": [
                {
                    "type": "minecraft:loot_table",
                    "name": "minecraft:lootboxes/lootbox_42",
                    "weight": 250
                },
                {
                    "type": "minecraft:empty",
                    "weight": 750
                }
            ]
        }
    ],
    "random_sequence": "minecraft:blocks/diorite_slab"
}