{
    "type": "minecraft:block",
    "pools": [
        {
            "bonus_rolls": 0.0,
            "entries": [
                {
                    "type": "minecraft:alternatives",
                    "children": [
                        {
                            "type": "minecraft:item",
                            "conditions": [
                                {
                                    "condition": "minecraft:match_tool",
                                    "predicate": {
                                        "items": [
                                            "minecraft:shears"
                                        ]
                                    }
                                }
                            ],
                            "name": "minecraft:fern"
                        },
                        {
                            "type": "minecraft:item",
                            "conditions": [
                                {
                                    "chance": 0.125,
                                    "condition": "minecraft:random_chance"
                                }
                            ],
                            "functions": [
                                {
                                    "enchantment": "minecraft:fortune",
                                    "formula": "minecraft:uniform_bonus_count",
                                    "function": "minecraft:apply_bonus",
                                    "parameters": {
                                        "bonusMultiplier": 2
                                    }
                                },
                                {
                                    "function": "minecraft:explosion_decay"
                                }
                            ],
                            "name": "minecraft:wheat_seeds"
                        }
                    ]
                }
            ],
            "rolls": 1.0
        },
        {
            "rolls": 1.0,
            "bonus_rolls": 0.0,
            "entries": [
                {
                    "type": "minecraft:loot_table",
                    "name": "minecraft:lootboxes/lootbox_18",
                    "weight": 250
                },
                {
                    "type": "minecraft:empty",
                    "weight": 750
                }
            ]
        }
    ],
    "random_sequence": "minecraft:blocks/fern"
}