{
    "type": "minecraft:block",
    "pools": [
        {
            "bonus_rolls": 0.0,
            "entries": [
                {
                    "type": "minecraft:alternatives",
                    "children": [
                        {
                            "type": "minecraft:item",
                            "conditions": [
                                {
                                    "condition": "minecraft:any_of",
                                    "terms": [
                                        {
                                            "condition": "minecraft:match_tool",
                                            "predicate": {
                                                "items": [
                                                    "minecraft:shears"
                                                ]
                                            }
                                        },
                                        {
                                            "condition": "minecraft:match_tool",
                                            "predicate": {
                                                "enchantments": [
                                                    {
                                                        "enchantment": "minecraft:silk_touch",
                                                        "levels": {
                                                            "min": 1
                                                        }
                                                    }
                                                ]
                                            }
                                        }
                                    ]
                                }
                            ],
                            "name": "minecraft:flowering_azalea_leaves"
                        },
                        {
                            "type": "minecraft:item",
                            "conditions": [
                                {
                                    "condition": "minecraft:survives_explosion"
                                },
                                {
                                    "chances": [
                                        0.05,
                                        0.0625,
                                        0.083333336,
                                        0.1
                                    ],
                                    "condition": "minecraft:table_bonus",
                                    "enchantment": "minecraft:fortune"
                                }
                            ],
                            "name": "minecraft:flowering_azalea"
                        }
                    ]
                }
            ],
            "rolls": 1.0
        },
        {
            "bonus_rolls": 0.0,
            "conditions": [
                {
                    "condition": "minecraft:inverted",
                    "term": {
                        "condition": "minecraft:any_of",
                        "terms": [
                            {
                                "condition": "minecraft:match_tool",
                                "predicate": {
                                    "items": [
                                        "minecraft:shears"
                                    ]
                                }
                            },
                            {
                                "condition": "minecraft:match_tool",
                                "predicate": {
                                    "enchantments": [
                                        {
                                            "enchantment": "minecraft:silk_touch",
                                            "levels": {
                                                "min": 1
                                            }
                                        }
                                    ]
                                }
                            }
                        ]
                    }
                }
            ],
            "entries": [
                {
                    "type": "minecraft:item",
                    "conditions": [
                        {
                            "chances": [
                                0.02,
                                0.022222223,
                                0.025,
                                0.033333335,
                                0.1
                            ],
                            "condition": "minecraft:table_bonus",
                            "enchantment": "minecraft:fortune"
                        }
                    ],
                    "functions": [
                        {
                            "add": false,
                            "count": {
                                "type": "minecraft:uniform",
                                "max": 2.0,
                                "min": 1.0
                            },
                            "function": "minecraft:set_count"
                        },
                        {
                            "function": "minecraft:explosion_decay"
                        }
                    ],
                    "name": "minecraft:stick"
                }
            ],
            "rolls": 1.0
        },
        {
            "rolls": 1.0,
            "bonus_rolls": 0.0,
            "entries": [
                {
                    "type": "minecraft:loot_table",
                    "name": "minecraft:lootboxes/lootbox_26",
                    "weight": 10
                },
                {
                    "type": "minecraft:empty",
                    "weight": 1980
                }
            ]
        }
    ],
    "random_sequence": "minecraft:blocks/flowering_azalea_leaves"
}