{
    "type": "minecraft:block",
    "pools": [
        {
            "bonus_rolls": 0.0,
            "entries": [
                {
                    "type": "minecraft:alternatives",
                    "children": [
                        {
                            "type": "minecraft:item",
                            "conditions": [
                                {
                                    "condition": "minecraft:match_tool",
                                    "predicate": {
                                        "enchantments": [
                                            {
                                                "enchantment": "minecraft:silk_touch",
                                                "levels": {
                                                    "min": 1
                                                }
                                            }
                                        ]
                                    }
                                }
                            ],
                            "name": "minecraft:glowstone"
                        },
                        {
                            "type": "minecraft:item",
                            "functions": [
                                {
                                    "add": false,
                                    "count": {
                                        "type": "minecraft:uniform",
                                        "max": 4.0,
                                        "min": 2.0
                                    },
                                    "function": "minecraft:set_count"
                                },
                                {
                                    "enchantment": "minecraft:fortune",
                                    "formula": "minecraft:uniform_bonus_count",
                                    "function": "minecraft:apply_bonus",
                                    "parameters": {
                                        "bonusMultiplier": 1
                                    }
                                },
                                {
                                    "function": "minecraft:limit_count",
                                    "limit": {
                                        "max": 4.0,
                                        "min": 1.0
                                    }
                                },
                                {
                                    "function": "minecraft:explosion_decay"
                                }
                            ],
                            "name": "minecraft:glowstone_dust"
                        }
                    ]
                }
            ],
            "rolls": 1.0
        },
        {
            "rolls": 1.0,
            "bonus_rolls": 0.0,
            "entries": [
                {
                    "type": "minecraft:loot_table",
                    "name": "minecraft:lootboxes/lootbox_33",
                    "weight": 250
                },
                {
                    "type": "minecraft:empty",
                    "weight": 750
                }
            ]
        }
    ],
    "random_sequence": "minecraft:blocks/glowstone"
}