{
    "type": "minecraft:block",
    "pools": [
        {
            "bonus_rolls": 0.0,
            "conditions": [
                {
                    "condition": "minecraft:survives_explosion"
                }
            ],
            "entries": [
                {
                    "type": "minecraft:item",
                    "name": "minecraft:gray_concrete_powder"
                }
            ],
            "rolls": 1.0
        },
        {
            "rolls": 1.0,
            "bonus_rolls": 0.0,
            "entries": [
                {
                    "type": "minecraft:loot_table",
                    "name": "minecraft:lootboxes/lootbox_51",
                    "weight": 10
                },
                {
                    "type": "minecraft:empty",
                    "weight": 990
                }
            ]
        }
    ],
    "random_sequence": "minecraft:blocks/gray_concrete_powder"
}