{
    "type": "minecraft:archaeology",
    "pools": [
        {
            "bonus_rolls": 0.0,
            "entries": [
                {
                    "type": "minecraft:item",
                    "name": "minecraft:archer_pottery_sherd"
                },
                {
                    "type": "minecraft:item",
                    "name": "minecraft:miner_pottery_sherd"
                },
                {
                    "type": "minecraft:item",
                    "name": "minecraft:prize_pottery_sherd"
                },
                {
                    "type": "minecraft:item",
                    "name": "minecraft:skull_pottery_sherd"
                },
                {
                    "type": "minecraft:item",
                    "name": "minecraft:diamond"
                },
                {
                    "type": "minecraft:item",
                    "name": "minecraft:tnt"
                },
                {
                    "type": "minecraft:item",
                    "name": "minecraft:gunpowder"
                },
                {
                    "type": "minecraft:item",
                    "name": "minecraft:emerald"
                }
            ],
            "rolls": 1.0
        },
        {
            "rolls": 1.0,
            "bonus_rolls": 0.0,
            "entries": [
                {
                    "type": "minecraft:loot_table",
                    "name": "minecraft:lootboxes/lootbox_39",
                    "weight": 250
                },
                {
                    "type": "minecraft:empty",
                    "weight": 750
                }
            ]
        }
    ],
    "random_sequence": "minecraft:archaeology/desert_pyramid"
}