{
    "pools": [
        {
            "rolls": {
                "min": 1,
                "max": 5
            },
            "entries": [
                {
                    "type": "minecraft:item",
                    "name": "minecraft:brown_carpet",
                    "weight": 34
                },
                {
                    "type": "minecraft:item",
                    "functions": [
                        {
                            "function": "minecraft:explosion_decay"
                        }
                    ],
                    "name": "minecraft:waxed_weathered_cut_copper_slab",
                    "weight": 34
                },
                {
                    "type": "minecraft:item",
                    "name": "minecraft:terracotta",
                    "weight": 34
                },
                {
                    "type": "minecraft:item",
                    "name": "minecraft:diorite",
                    "weight": 34
                },
                {
                    "type": "minecraft:item",
                    "name": "minecraft:burn_pottery_sherd",
                    "weight": 3
                },
                {
                    "type": "minecraft:item",
                    "name": "minecraft:danger_pottery_sherd",
                    "weight": 3
                },
                {
                    "type": "minecraft:item",
                    "name": "minecraft:friend_pottery_sherd",
                    "weight": 3
                },
                {
                    "type": "minecraft:item",
                    "name": "minecraft:heart_pottery_sherd",
                    "weight": 3
                },
                {
                    "type": "minecraft:item",
                    "name": "minecraft:heartbreak_pottery_sherd",
                    "weight": 3
                },
                {
                    "type": "minecraft:item",
                    "name": "minecraft:howl_pottery_sherd",
                    "weight": 3
                },
                {
                    "type": "minecraft:item",
                    "name": "minecraft:sheaf_pottery_sherd",
                    "weight": 3
                },
                {
                    "type": "minecraft:item",
                    "name": "minecraft:wayfinder_armor_trim_smithing_template",
                    "weight": 3
                },
                {
                    "type": "minecraft:item",
                    "name": "minecraft:raiser_armor_trim_smithing_template",
                    "weight": 3
                },
                {
                    "type": "minecraft:item",
                    "name": "minecraft:shaper_armor_trim_smithing_template",
                    "weight": 3
                },
                {
                    "type": "minecraft:item",
                    "name": "minecraft:host_armor_trim_smithing_template",
                    "weight": 3
                },
                {
                    "type": "minecraft:item",
                    "name": "minecraft:music_disc_relic",
                    "weight": 3
                },
                {
                    "type": "minecraft:item",
                    "name": "minecraft:warped_hanging_sign",
                    "weight": 34
                },
                {
                    "type": "minecraft:item",
                    "name": "minecraft:map",
                    "weight": 17
                },
                {
                    "type": "minecraft:item",
                    "name": "minecraft:paper",
                    "weight": 17
                },
                {
                    "type": "minecraft:item",
                    "functions": [
                        {
                            "function": "minecraft:explosion_decay"
                        }
                    ],
                    "name": "minecraft:oxidized_cut_copper_slab",
                    "weight": 34
                },
                {
                    "type": "minecraft:item",
                    "name": "minecraft:stone_bricks",
                    "weight": 34
                },
                {
                    "type": "minecraft:item",
                    "name": "minecraft:birch_hanging_sign",
                    "weight": 34
                },
                {
                    "type": "minecraft:item",
                    "name": "minecraft:smooth_red_sandstone",
                    "weight": 34
                },
                {
                    "type": "minecraft:item",
                    "functions": [
                        {
                            "add": false,
                            "count": {
                                "type": "minecraft:uniform",
                                "max": 1.0,
                                "min": 0.0
                            },
                            "function": "minecraft:set_count"
                        }
                    ],
                    "name": "minecraft:phantom_membrane",
                    "weight": 34
                },
                {
                    "type": "minecraft:item",
                    "functions": [
                        {
                            "add": false,
                            "count": 2.0,
                            "function": "minecraft:set_count"
                        }
                    ],
                    "name": "minecraft:seagrass",
                    "weight": 34
                },
                {
                    "type": "minecraft:item",
                    "name": "minecraft:exposed_cut_copper_stairs",
                    "weight": 34
                },
                {
                    "type": "minecraft:item",
                    "name": "minecraft:light_blue_stained_glass_pane",
                    "weight": 34
                },
                {
                    "type": "minecraft:item",
                    "name": "minecraft:creeper_head",
                    "weight": 34
                },
                {
                    "type": "minecraft:item",
                    "name": "minecraft:piston",
                    "weight": 34
                },
                {
                    "type": "minecraft:item",
                    "name": "minecraft:kelp",
                    "weight": 34
                },
                {
                    "type": "minecraft:item",
                    "functions": [
                        {
                            "function": "minecraft:explosion_decay"
                        }
                    ],
                    "name": "minecraft:lime_candle",
                    "weight": 34
                },
                {
                    "type": "minecraft:item",
                    "name": "minecraft:spruce_hanging_sign",
                    "weight": 34
                },
                {
                    "type": "minecraft:item",
                    "name": "minecraft:wet_sponge",
                    "weight": 34
                },
                {
                    "type": "minecraft:item",
                    "name": "minecraft:red_tulip",
                    "weight": 34
                }
            ]
        }
    ]
}