{
    "pools": [
        {
            "rolls": {
                "min": 1,
                "max": 5
            },
            "entries": [
                {
                    "type": "minecraft:item",
                    "name": "minecraft:bamboo_trapdoor",
                    "weight": 257
                },
                {
                    "type": "minecraft:item",
                    "name": "minecraft:twisting_vines",
                    "weight": 129
                },
                {
                    "type": "minecraft:item",
                    "name": "minecraft:twisting_vines",
                    "weight": 129
                },
                {
                    "type": "minecraft:item",
                    "name": "minecraft:beacon",
                    "weight": 257
                },
                {
                    "type": "minecraft:item",
                    "name": "minecraft:acacia_sign",
                    "weight": 257
                },
                {
                    "type": "minecraft:item",
                    "name": "minecraft:mushroom_stem",
                    "weight": 257
                },
                {
                    "type": "minecraft:item",
                    "name": "minecraft:polished_blackstone_pressure_plate",
                    "weight": 257
                },
                {
                    "type": "minecraft:item",
                    "name": "minecraft:stripped_oak_wood",
                    "weight": 257
                },
                {
                    "type": "minecraft:item",
                    "name": "minecraft:moss_carpet",
                    "weight": 257
                },
                {
                    "type": "minecraft:item",
                    "name": "minecraft:packed_mud",
                    "weight": 257
                },
                {
                    "type": "minecraft:item",
                    "functions": [
                        {
                            "type": "minecraft:shulker_box",
                            "entries": [
                                {
                                    "type": "minecraft:dynamic",
                                    "name": "minecraft:contents"
                                }
                            ],
                            "function": "minecraft:set_contents"
                        }
                    ],
                    "name": "minecraft:white_shulker_box",
                    "weight": 257
                },
                {
                    "type": "minecraft:item",
                    "name": "minecraft:birch_pressure_plate",
                    "weight": 257
                },
                {
                    "type": "minecraft:item",
                    "functions": [
                        {
                            "function": "minecraft:explosion_decay"
                        }
                    ],
                    "name": "minecraft:diorite_slab",
                    "weight": 257
                },
                {
                    "type": "minecraft:item",
                    "functions": [
                        {
                            "add": false,
                            "count": {
                                "type": "minecraft:uniform",
                                "max": 2.0,
                                "min": 0.0
                            },
                            "function": "minecraft:set_count"
                        }
                    ],
                    "name": "minecraft:prismarine_shard",
                    "weight": 11
                },
                {
                    "type": "minecraft:item",
                    "name": "minecraft:cod",
                    "weight": 29
                },
                {
                    "type": "minecraft:item",
                    "name": "minecraft:prismarine_crystals",
                    "weight": 18
                },
                {
                    "type": "minecraft:empty",
                    "weight": 11
                },
                {
                    "type": "minecraft:item",
                    "name": "minecraft:wet_sponge",
                    "weight": 11
                },
                {
                    "type": "minecraft:empty",
                    "weight": 39
                },
                {
                    "type": "minecraft:item",
                    "name": "minecraft:tide_armor_trim_smithing_template",
                    "weight": 11
                },
                {
                    "type": "minecraft:item",
                    "name": "minecraft:cod",
                    "weight": 75
                },
                {
                    "type": "minecraft:item",
                    "name": "minecraft:salmon",
                    "weight": 31
                },
                {
                    "type": "minecraft:item",
                    "name": "minecraft:tropical_fish",
                    "weight": 3
                },
                {
                    "type": "minecraft:item",
                    "name": "minecraft:pufferfish",
                    "weight": 16
                },
                {
                    "type": "minecraft:item",
                    "name": "minecraft:horn_coral",
                    "weight": 257
                },
                {
                    "type": "minecraft:item",
                    "name": "minecraft:red_stained_glass",
                    "weight": 257
                },
                {
                    "type": "minecraft:item",
                    "name": "minecraft:kelp",
                    "weight": 257
                },
                {
                    "type": "minecraft:item",
                    "name": "minecraft:sculk",
                    "weight": 257
                },
                {
                    "type": "minecraft:item",
                    "name": "minecraft:deepslate_gold_ore",
                    "weight": 129
                },
                {
                    "type": "minecraft:item",
                    "functions": [
                        {
                            "function": "minecraft:explosion_decay"
                        }
                    ],
                    "name": "minecraft:raw_gold",
                    "weight": 129
                },
                {
                    "type": "minecraft:item",
                    "name": "minecraft:soul_campfire",
                    "weight": 129
                },
                {
                    "type": "minecraft:item",
                    "functions": [
                        {
                            "add": false,
                            "count": 1.0,
                            "function": "minecraft:set_count"
                        }
                    ],
                    "name": "minecraft:soul_soil",
                    "weight": 129
                },
                {
                    "type": "minecraft:item",
                    "name": "minecraft:dropper",
                    "weight": 257
                },
                {
                    "type": "minecraft:item",
                    "name": "minecraft:gray_stained_glass",
                    "weight": 257
                }
            ]
        }
    ]
}