{
    "pools": [
        {
            "rolls": {
                "min": 10,
                "max": 50
            },
            "entries": [
                {
                    "type": "minecraft:item",
                    "functions": [
                        {
                            "add": false,
                            "count": {
                                "type": "minecraft:uniform",
                                "max": 3.0,
                                "min": 1.0
                            },
                            "function": "minecraft:set_count"
                        }
                    ],
                    "name": "minecraft:gold_nugget",
                    "weight": 2
                },
                {
                    "type": "minecraft:item",
                    "name": "minecraft:dandelion",
                    "weight": 5
                },
                {
                    "type": "minecraft:item",
                    "name": "minecraft:poppy",
                    "weight": 2
                },
                {
                    "type": "minecraft:item",
                    "functions": [
                        {
                            "add": false,
                            "count": {
                                "type": "minecraft:uniform",
                                "max": 7.0,
                                "min": 1.0
                            },
                            "function": "minecraft:set_count"
                        }
                    ],
                    "name": "minecraft:potato",
                    "weight": 13
                },
                {
                    "type": "minecraft:item",
                    "functions": [
                        {
                            "add": false,
                            "count": {
                                "type": "minecraft:uniform",
                                "max": 4.0,
                                "min": 1.0
                            },
                            "function": "minecraft:set_count"
                        }
                    ],
                    "name": "minecraft:bread",
                    "weight": 13
                },
                {
                    "type": "minecraft:item",
                    "functions": [
                        {
                            "add": false,
                            "count": {
                                "type": "minecraft:uniform",
                                "max": 5.0,
                                "min": 1.0
                            },
                            "function": "minecraft:set_count"
                        }
                    ],
                    "name": "minecraft:apple",
                    "weight": 13
                },
                {
                    "type": "minecraft:item",
                    "name": "minecraft:book",
                    "weight": 2
                },
                {
                    "type": "minecraft:item",
                    "name": "minecraft:feather",
                    "weight": 2
                },
                {
                    "type": "minecraft:item",
                    "functions": [
                        {
                            "add": false,
                            "count": {
                                "type": "minecraft:uniform",
                                "max": 4.0,
                                "min": 1.0
                            },
                            "function": "minecraft:set_count"
                        }
                    ],
                    "name": "minecraft:emerald",
                    "weight": 5
                },
                {
                    "type": "minecraft:item",
                    "functions": [
                        {
                            "add": false,
                            "count": {
                                "type": "minecraft:uniform",
                                "max": 2.0,
                                "min": 1.0
                            },
                            "function": "minecraft:set_count"
                        }
                    ],
                    "name": "minecraft:oak_sapling",
                    "weight": 8
                },
                {
                    "type": "minecraft:item",
                    "name": "minecraft:sniffer_egg",
                    "weight": 58
                },
                {
                    "type": "minecraft:item",
                    "name": "minecraft:blue_wool",
                    "weight": 58
                },
                {
                    "type": "minecraft:item",
                    "name": "minecraft:jungle_sapling",
                    "weight": 58
                },
                {
                    "type": "minecraft:item",
                    "functions": [
                        {
                            "add": false,
                            "count": 2.0,
                            "function": "minecraft:set_count"
                        }
                    ],
                    "name": "minecraft:grass",
                    "weight": 15
                },
                {
                    "type": "minecraft:item",
                    "name": "minecraft:wheat_seeds",
                    "weight": 15
                },
                {
                    "type": "minecraft:item",
                    "functions": [
                        {
                            "add": false,
                            "count": 2.0,
                            "function": "minecraft:set_count"
                        }
                    ],
                    "name": "minecraft:grass",
                    "weight": 15
                },
                {
                    "type": "minecraft:item",
                    "name": "minecraft:wheat_seeds",
                    "weight": 15
                },
                {
                    "type": "minecraft:item",
                    "name": "minecraft:bamboo_mosaic_stairs",
                    "weight": 58
                },
                {
                    "type": "minecraft:item",
                    "name": "minecraft:waxed_cut_copper_stairs",
                    "weight": 58
                },
                {
                    "type": "minecraft:item",
                    "name": "minecraft:redstone_lamp",
                    "weight": 58
                },
                {
                    "type": "minecraft:item",
                    "name": "minecraft:magenta_stained_glass_pane",
                    "weight": 58
                },
                {
                    "type": "minecraft:item",
                    "functions": [
                        {
                            "function": "minecraft:explosion_decay"
                        }
                    ],
                    "name": "minecraft:polished_blackstone_slab",
                    "weight": 58
                }
            ]
        }
    ]
}