{
    "pools": [
        {
            "rolls": {
                "min": 1,
                "max": 5
            },
            "entries": [
                {
                    "type": "minecraft:item",
                    "name": "minecraft:basalt",
                    "weight": 76
                },
                {
                    "type": "minecraft:item",
                    "functions": [
                        {
                            "function": "minecraft:explosion_decay"
                        }
                    ],
                    "name": "minecraft:andesite_slab",
                    "weight": 76
                },
                {
                    "type": "minecraft:item",
                    "functions": [
                        {
                            "add": false,
                            "count": {
                                "type": "minecraft:uniform",
                                "max": 3.0,
                                "min": 1.0
                            },
                            "function": "minecraft:set_count"
                        }
                    ],
                    "name": "minecraft:map",
                    "weight": 16
                },
                {
                    "type": "minecraft:item",
                    "functions": [
                        {
                            "add": false,
                            "count": {
                                "type": "minecraft:uniform",
                                "max": 5.0,
                                "min": 1.0
                            },
                            "function": "minecraft:set_count"
                        }
                    ],
                    "name": "minecraft:paper",
                    "weight": 23
                },
                {
                    "type": "minecraft:item",
                    "name": "minecraft:compass",
                    "weight": 8
                },
                {
                    "type": "minecraft:item",
                    "functions": [
                        {
                            "add": false,
                            "count": {
                                "type": "minecraft:uniform",
                                "max": 4.0,
                                "min": 1.0
                            },
                            "function": "minecraft:set_count"
                        }
                    ],
                    "name": "minecraft:bread",
                    "weight": 23
                },
                {
                    "type": "minecraft:item",
                    "functions": [
                        {
                            "add": false,
                            "count": {
                                "type": "minecraft:uniform",
                                "max": 2.0,
                                "min": 1.0
                            },
                            "function": "minecraft:set_count"
                        }
                    ],
                    "name": "minecraft:stick",
                    "weight": 8
                },
                {
                    "type": "minecraft:item",
                    "name": "minecraft:birch_sapling",
                    "weight": 76
                },
                {
                    "type": "minecraft:item",
                    "functions": [
                        {
                            "add": false,
                            "count": {
                                "type": "minecraft:uniform",
                                "max": 2.0,
                                "min": 0.0
                            },
                            "function": "minecraft:set_count"
                        }
                    ],
                    "name": "minecraft:string",
                    "weight": 38
                },
                {
                    "type": "minecraft:item",
                    "functions": [
                        {
                            "add": false,
                            "count": {
                                "type": "minecraft:uniform",
                                "max": 1.0,
                                "min": -1.0
                            },
                            "function": "minecraft:set_count"
                        }
                    ],
                    "name": "minecraft:spider_eye",
                    "weight": 38
                },
                {
                    "type": "minecraft:item",
                    "functions": [
                        {
                            "add": false,
                            "count": {
                                "type": "minecraft:uniform",
                                "max": 2.0,
                                "min": 0.0
                            },
                            "function": "minecraft:set_count"
                        }
                    ],
                    "name": "minecraft:leather",
                    "weight": 38
                },
                {
                    "type": "minecraft:item",
                    "functions": [
                        {
                            "add": false,
                            "count": {
                                "type": "minecraft:uniform",
                                "max": 3.0,
                                "min": 1.0
                            },
                            "function": "minecraft:set_count"
                        }
                    ],
                    "name": "minecraft:beef",
                    "weight": 38
                },
                {
                    "type": "minecraft:item",
                    "name": "minecraft:spruce_fence_gate",
                    "weight": 76
                },
                {
                    "type": "minecraft:item",
                    "name": "minecraft:deepslate_bricks",
                    "weight": 76
                },
                {
                    "type": "minecraft:item",
                    "name": "minecraft:salmon",
                    "weight": 38
                },
                {
                    "type": "minecraft:item",
                    "name": "minecraft:bone_meal",
                    "weight": 38
                },
                {
                    "type": "minecraft:item",
                    "name": "minecraft:brown_candle",
                    "weight": 76
                },
                {
                    "type": "minecraft:item",
                    "name": "minecraft:lapis_ore",
                    "weight": 38
                },
                {
                    "type": "minecraft:item",
                    "functions": [
                        {
                            "add": false,
                            "count": {
                                "type": "minecraft:uniform",
                                "max": 9.0,
                                "min": 4.0
                            },
                            "function": "minecraft:set_count"
                        },
                        {
                            "function": "minecraft:explosion_decay"
                        }
                    ],
                    "name": "minecraft:lapis_lazuli",
                    "weight": 38
                },
                {
                    "type": "minecraft:item",
                    "name": "minecraft:blue_wool",
                    "weight": 76
                },
                {
                    "type": "minecraft:item",
                    "name": "minecraft:furnace",
                    "weight": 76
                },
                {
                    "type": "minecraft:item",
                    "name": "minecraft:waxed_exposed_cut_copper_stairs",
                    "weight": 76
                },
                {
                    "type": "minecraft:item",
                    "name": "minecraft:light_weighted_pressure_plate",
                    "weight": 76
                },
                {
                    "type": "minecraft:item",
                    "name": "minecraft:chiseled_red_sandstone",
                    "weight": 76
                },
                {
                    "type": "minecraft:item",
                    "name": "minecraft:red_carpet",
                    "weight": 76
                },
                {
                    "type": "minecraft:item",
                    "name": "minecraft:coarse_dirt",
                    "weight": 76
                },
                {
                    "type": "minecraft:item",
                    "name": "minecraft:dead_horn_coral_fan",
                    "weight": 76
                },
                {
                    "type": "minecraft:item",
                    "functions": [
                        {
                            "add": false,
                            "count": {
                                "type": "minecraft:uniform",
                                "max": 2.0,
                                "min": 0.0
                            },
                            "function": "minecraft:set_count"
                        }
                    ],
                    "name": "minecraft:rotten_flesh",
                    "weight": 19
                },
                {
                    "type": "minecraft:item",
                    "name": "minecraft:iron_ingot",
                    "weight": 19
                },
                {
                    "type": "minecraft:item",
                    "name": "minecraft:carrot",
                    "weight": 19
                },
                {
                    "type": "minecraft:item",
                    "name": "minecraft:potato",
                    "weight": 19
                }
            ]
        }
    ]
}