{
    "pools": [
        {
            "rolls": {
                "min": 10,
                "max": 50
            },
            "entries": [
                {
                    "type": "minecraft:item",
                    "name": "minecraft:crafting_table",
                    "weight": 246
                },
                {
                    "type": "minecraft:item",
                    "name": "minecraft:waxed_weathered_cut_copper_stairs",
                    "weight": 246
                },
                {
                    "type": "minecraft:item",
                    "name": "minecraft:flower_pot",
                    "weight": 123
                },
                {
                    "type": "minecraft:item",
                    "name": "minecraft:acacia_sapling",
                    "weight": 123
                },
                {
                    "type": "minecraft:item",
                    "name": "minecraft:warped_sign",
                    "weight": 246
                },
                {
                    "type": "minecraft:item",
                    "name": "minecraft:brown_mushroom_block",
                    "weight": 123
                },
                {
                    "type": "minecraft:item",
                    "functions": [
                        {
                            "add": false,
                            "count": {
                                "type": "minecraft:uniform",
                                "max": 2.0,
                                "min": -6.0
                            },
                            "function": "minecraft:set_count"
                        },
                        {
                            "function": "minecraft:limit_count",
                            "limit": {
                                "min": 0.0
                            }
                        },
                        {
                            "function": "minecraft:explosion_decay"
                        }
                    ],
                    "name": "minecraft:brown_mushroom",
                    "weight": 123
                },
                {
                    "type": "minecraft:item",
                    "name": "minecraft:light_blue_banner",
                    "weight": 246
                },
                {
                    "type": "minecraft:item",
                    "name": "minecraft:deepslate_bricks",
                    "weight": 246
                },
                {
                    "type": "minecraft:item",
                    "name": "minecraft:stone_stairs",
                    "weight": 246
                },
                {
                    "type": "minecraft:item",
                    "name": "minecraft:magenta_glazed_terracotta",
                    "weight": 246
                },
                {
                    "type": "minecraft:item",
                    "functions": [
                        {
                            "add": false,
                            "count": {
                                "type": "minecraft:uniform",
                                "max": 5.0,
                                "min": 1.0
                            },
                            "function": "minecraft:set_count"
                        }
                    ],
                    "name": "minecraft:iron_ingot",
                    "weight": 94
                },
                {
                    "type": "minecraft:item",
                    "functions": [
                        {
                            "add": false,
                            "count": {
                                "type": "minecraft:uniform",
                                "max": 5.0,
                                "min": 1.0
                            },
                            "function": "minecraft:set_count"
                        }
                    ],
                    "name": "minecraft:gold_ingot",
                    "weight": 10
                },
                {
                    "type": "minecraft:item",
                    "functions": [
                        {
                            "add": false,
                            "count": {
                                "type": "minecraft:uniform",
                                "max": 5.0,
                                "min": 1.0
                            },
                            "function": "minecraft:set_count"
                        }
                    ],
                    "name": "minecraft:emerald",
                    "weight": 42
                },
                {
                    "type": "minecraft:item",
                    "name": "minecraft:diamond",
                    "weight": 5
                },
                {
                    "type": "minecraft:item",
                    "name": "minecraft:experience_bottle",
                    "weight": 5
                },
                {
                    "type": "minecraft:item",
                    "functions": [
                        {
                            "add": false,
                            "count": {
                                "type": "minecraft:uniform",
                                "max": 10.0,
                                "min": 1.0
                            },
                            "function": "minecraft:set_count"
                        }
                    ],
                    "name": "minecraft:iron_nugget",
                    "weight": 52
                },
                {
                    "type": "minecraft:item",
                    "functions": [
                        {
                            "add": false,
                            "count": {
                                "type": "minecraft:uniform",
                                "max": 10.0,
                                "min": 1.0
                            },
                            "function": "minecraft:set_count"
                        }
                    ],
                    "name": "minecraft:gold_nugget",
                    "weight": 10
                },
                {
                    "type": "minecraft:item",
                    "functions": [
                        {
                            "add": false,
                            "count": {
                                "type": "minecraft:uniform",
                                "max": 10.0,
                                "min": 1.0
                            },
                            "function": "minecraft:set_count"
                        }
                    ],
                    "name": "minecraft:lapis_lazuli",
                    "weight": 20
                },
                {
                    "type": "minecraft:empty",
                    "weight": 5
                },
                {
                    "type": "minecraft:item",
                    "functions": [
                        {
                            "add": false,
                            "count": 2.0,
                            "function": "minecraft:set_count"
                        }
                    ],
                    "name": "minecraft:coast_armor_trim_smithing_template",
                    "weight": 0
                }
            ]
        }
    ]
}