{
    "pools": [
        {
            "rolls": {
                "min": 10,
                "max": 50
            },
            "entries": [
                {
                    "type": "minecraft:item",
                    "name": "minecraft:white_concrete_powder",
                    "weight": 15
                },
                {
                    "type": "minecraft:item",
                    "name": "minecraft:dark_oak_hanging_sign",
                    "weight": 15
                },
                {
                    "type": "minecraft:item",
                    "name": "minecraft:red_nether_brick_stairs",
                    "weight": 15
                },
                {
                    "type": "minecraft:item",
                    "functions": [
                        {
                            "type": "minecraft:shulker_box",
                            "entries": [
                                {
                                    "type": "minecraft:dynamic",
                                    "name": "minecraft:contents"
                                }
                            ],
                            "function": "minecraft:set_contents"
                        }
                    ],
                    "name": "minecraft:cyan_shulker_box",
                    "weight": 15
                },
                {
                    "type": "minecraft:item",
                    "name": "minecraft:magenta_banner",
                    "weight": 15
                },
                {
                    "type": "minecraft:item",
                    "name": "minecraft:bell",
                    "weight": 15
                },
                {
                    "type": "minecraft:item",
                    "name": "minecraft:cyan_carpet",
                    "weight": 15
                },
                {
                    "type": "minecraft:item",
                    "name": "minecraft:scaffolding",
                    "weight": 15
                },
                {
                    "type": "minecraft:item",
                    "name": "minecraft:white_wool",
                    "weight": 8
                },
                {
                    "type": "minecraft:item",
                    "functions": [
                        {
                            "add": false,
                            "count": {
                                "type": "minecraft:uniform",
                                "max": 2.0,
                                "min": 1.0
                            },
                            "function": "minecraft:set_count"
                        }
                    ],
                    "name": "minecraft:mutton",
                    "weight": 8
                },
                {
                    "type": "minecraft:item",
                    "name": "minecraft:deepslate_coal_ore",
                    "weight": 8
                },
                {
                    "type": "minecraft:item",
                    "functions": [
                        {
                            "function": "minecraft:explosion_decay"
                        }
                    ],
                    "name": "minecraft:coal",
                    "weight": 8
                },
                {
                    "type": "minecraft:item",
                    "name": "minecraft:acacia_pressure_plate",
                    "weight": 15
                }
            ]
        }
    ]
}