{
    "pools": [
        {
            "rolls": {
                "min": 10,
                "max": 50
            },
            "entries": [
                {
                    "type": "minecraft:item",
                    "name": "minecraft:melon_seeds",
                    "weight": 14
                },
                {
                    "type": "minecraft:item",
                    "name": "minecraft:birch_fence_gate",
                    "weight": 14
                },
                {
                    "type": "minecraft:item",
                    "name": "minecraft:red_candle",
                    "weight": 14
                },
                {
                    "type": "minecraft:item",
                    "name": "minecraft:deepslate_tile_stairs",
                    "weight": 14
                },
                {
                    "type": "minecraft:item",
                    "name": "minecraft:glowstone",
                    "weight": 7
                },
                {
                    "type": "minecraft:item",
                    "functions": [
                        {
                            "add": false,
                            "count": {
                                "type": "minecraft:uniform",
                                "max": 4.0,
                                "min": 2.0
                            },
                            "function": "minecraft:set_count"
                        },
                        {
                            "function": "minecraft:limit_count",
                            "limit": {
                                "max": 4.0,
                                "min": 1.0
                            }
                        },
                        {
                            "function": "minecraft:explosion_decay"
                        }
                    ],
                    "name": "minecraft:glowstone_dust",
                    "weight": 7
                },
                {
                    "type": "minecraft:item",
                    "name": "minecraft:deepslate_emerald_ore",
                    "weight": 7
                },
                {
                    "type": "minecraft:item",
                    "functions": [
                        {
                            "function": "minecraft:explosion_decay"
                        }
                    ],
                    "name": "minecraft:emerald",
                    "weight": 7
                },
                {
                    "type": "minecraft:item",
                    "name": "minecraft:amethyst_cluster",
                    "weight": 5
                },
                {
                    "type": "minecraft:item",
                    "functions": [
                        {
                            "add": false,
                            "count": 4.0,
                            "function": "minecraft:set_count"
                        }
                    ],
                    "name": "minecraft:amethyst_shard",
                    "weight": 5
                },
                {
                    "type": "minecraft:item",
                    "functions": [
                        {
                            "add": false,
                            "count": 2.0,
                            "function": "minecraft:set_count"
                        },
                        {
                            "function": "minecraft:explosion_decay"
                        }
                    ],
                    "name": "minecraft:amethyst_shard",
                    "weight": 5
                },
                {
                    "type": "minecraft:item",
                    "name": "minecraft:birch_button",
                    "weight": 14
                },
                {
                    "type": "minecraft:item",
                    "name": "minecraft:end_stone_brick_wall",
                    "weight": 14
                },
                {
                    "type": "minecraft:item",
                    "name": "minecraft:diorite",
                    "weight": 14
                }
            ]
        }
    ]
}