{
    "pools": [
        {
            "rolls": {
                "min": 1,
                "max": 5
            },
            "entries": [
                {
                    "type": "minecraft:item",
                    "functions": [
                        {
                            "add": false,
                            "count": {
                                "type": "minecraft:uniform",
                                "max": 5.0,
                                "min": 2.0
                            },
                            "function": "minecraft:set_count"
                        }
                    ],
                    "name": "minecraft:string",
                    "weight": 27
                },
                {
                    "type": "minecraft:item",
                    "name": "minecraft:totem_of_undying",
                    "weight": 14
                },
                {
                    "type": "minecraft:item",
                    "functions": [
                        {
                            "add": false,
                            "count": {
                                "type": "minecraft:uniform",
                                "max": 1.0,
                                "min": 0.0
                            },
                            "function": "minecraft:set_count"
                        }
                    ],
                    "name": "minecraft:emerald",
                    "weight": 14
                },
                {
                    "type": "minecraft:item",
                    "name": "minecraft:torchflower",
                    "weight": 27
                },
                {
                    "type": "minecraft:item",
                    "name": "minecraft:cherry_sapling",
                    "weight": 27
                },
                {
                    "type": "minecraft:item",
                    "name": "minecraft:brown_bed",
                    "weight": 27
                },
                {
                    "type": "minecraft:item",
                    "name": "minecraft:iron_door",
                    "weight": 27
                },
                {
                    "type": "minecraft:item",
                    "name": "minecraft:bamboo_pressure_plate",
                    "weight": 27
                },
                {
                    "type": "minecraft:item",
                    "functions": [
                        {
                            "function": "minecraft:explosion_decay"
                        }
                    ],
                    "name": "minecraft:light_gray_candle",
                    "weight": 27
                },
                {
                    "type": "minecraft:item",
                    "functions": [
                        {
                            "add": false,
                            "count": 1.0,
                            "function": "minecraft:set_count"
                        }
                    ],
                    "name": "minecraft:tropical_fish",
                    "weight": 14
                },
                {
                    "type": "minecraft:item",
                    "name": "minecraft:bone_meal",
                    "weight": 14
                },
                {
                    "type": "minecraft:item",
                    "name": "minecraft:sculk_catalyst",
                    "weight": 27
                },
                {
                    "type": "minecraft:item",
                    "name": "minecraft:observer",
                    "weight": 27
                },
                {
                    "type": "minecraft:item",
                    "functions": [
                        {
                            "add": false,
                            "count": {
                                "type": "minecraft:uniform",
                                "max": 1.0,
                                "min": 0.0
                            },
                            "function": "minecraft:set_count"
                        }
                    ],
                    "name": "minecraft:rotten_flesh",
                    "weight": 9
                },
                {
                    "type": "minecraft:item",
                    "functions": [
                        {
                            "add": false,
                            "count": {
                                "type": "minecraft:uniform",
                                "max": 1.0,
                                "min": 0.0
                            },
                            "function": "minecraft:set_count"
                        }
                    ],
                    "name": "minecraft:gold_nugget",
                    "weight": 9
                },
                {
                    "type": "minecraft:item",
                    "name": "minecraft:gold_ingot",
                    "weight": 9
                },
                {
                    "type": "minecraft:item",
                    "name": "minecraft:dead_tube_coral_block",
                    "weight": 27
                },
                {
                    "type": "minecraft:item",
                    "name": "minecraft:stone_pressure_plate",
                    "weight": 27
                },
                {
                    "type": "minecraft:item",
                    "name": "minecraft:ladder",
                    "weight": 27
                },
                {
                    "type": "minecraft:item",
                    "name": "minecraft:stone",
                    "weight": 14
                },
                {
                    "type": "minecraft:item",
                    "name": "minecraft:cobblestone",
                    "weight": 14
                },
                {
                    "type": "minecraft:item",
                    "functions": [
                        {
                            "add": false,
                            "count": {
                                "type": "minecraft:uniform",
                                "max": 2.0,
                                "min": 0.0
                            },
                            "function": "minecraft:set_count"
                        }
                    ],
                    "name": "minecraft:leather",
                    "weight": 27
                },
                {
                    "type": "minecraft:item",
                    "name": "minecraft:crimson_door",
                    "weight": 27
                },
                {
                    "type": "minecraft:item",
                    "name": "minecraft:flower_pot",
                    "weight": 14
                },
                {
                    "type": "minecraft:item",
                    "name": "minecraft:flowering_azalea",
                    "weight": 14
                },
                {
                    "type": "minecraft:item",
                    "name": "minecraft:sandstone_wall",
                    "weight": 27
                },
                {
                    "type": "minecraft:item",
                    "functions": [
                        {
                            "function": "minecraft:explosion_decay"
                        }
                    ],
                    "name": "minecraft:candle",
                    "weight": 27
                }
            ]
        }
    ]
}