{
    "pools": [
        {
            "rolls": {
                "min": 10,
                "max": 50
            },
            "entries": [
                {
                    "type": "minecraft:item",
                    "name": "minecraft:oak_hanging_sign",
                    "weight": 11
                },
                {
                    "type": "minecraft:item",
                    "name": "minecraft:green_bed",
                    "weight": 11
                },
                {
                    "type": "minecraft:item",
                    "name": "minecraft:nether_wart_block",
                    "weight": 11
                },
                {
                    "type": "minecraft:item",
                    "name": "minecraft:carved_pumpkin",
                    "weight": 11
                },
                {
                    "type": "minecraft:item",
                    "name": "minecraft:red_sandstone_wall",
                    "weight": 11
                },
                {
                    "type": "minecraft:item",
                    "name": "minecraft:dripstone_block",
                    "weight": 11
                },
                {
                    "type": "minecraft:item",
                    "name": "minecraft:acacia_door",
                    "weight": 11
                },
                {
                    "type": "minecraft:item",
                    "name": "minecraft:white_stained_glass",
                    "weight": 11
                },
                {
                    "type": "minecraft:item",
                    "name": "minecraft:soul_soil",
                    "weight": 11
                },
                {
                    "type": "minecraft:item",
                    "name": "minecraft:lantern",
                    "weight": 11
                },
                {
                    "type": "minecraft:item",
                    "name": "minecraft:observer",
                    "weight": 11
                }
            ]
        }
    ]
}