{
    "pools": [
        {
            "rolls": {
                "min": 10,
                "max": 50
            },
            "entries": [
                {
                    "type": "minecraft:item",
                    "name": "minecraft:mycelium",
                    "weight": 36
                },
                {
                    "type": "minecraft:item",
                    "name": "minecraft:dirt",
                    "weight": 36
                },
                {
                    "type": "minecraft:item",
                    "name": "minecraft:lime_candle",
                    "weight": 71
                },
                {
                    "type": "minecraft:item",
                    "name": "minecraft:deepslate_iron_ore",
                    "weight": 36
                },
                {
                    "type": "minecraft:item",
                    "functions": [
                        {
                            "function": "minecraft:explosion_decay"
                        }
                    ],
                    "name": "minecraft:raw_iron",
                    "weight": 36
                },
                {
                    "type": "minecraft:item",
                    "name": "minecraft:warped_fungus",
                    "weight": 71
                },
                {
                    "type": "minecraft:item",
                    "name": "minecraft:birch_fence",
                    "weight": 71
                },
                {
                    "type": "minecraft:item",
                    "name": "minecraft:exposed_copper",
                    "weight": 71
                },
                {
                    "type": "minecraft:item",
                    "name": "minecraft:sponge",
                    "weight": 71
                },
                {
                    "type": "minecraft:item",
                    "name": "minecraft:smooth_basalt",
                    "weight": 71
                },
                {
                    "type": "minecraft:item",
                    "name": "minecraft:bamboo_fence",
                    "weight": 71
                },
                {
                    "type": "minecraft:item",
                    "name": "minecraft:waxed_copper_block",
                    "weight": 71
                },
                {
                    "type": "minecraft:item",
                    "functions": [
                        {
                            "add": false,
                            "count": {
                                "type": "minecraft:uniform",
                                "max": 3.0,
                                "min": 1.0
                            },
                            "function": "minecraft:set_count"
                        }
                    ],
                    "name": "minecraft:book",
                    "weight": 26
                },
                {
                    "type": "minecraft:item",
                    "functions": [
                        {
                            "add": false,
                            "count": {
                                "type": "minecraft:uniform",
                                "max": 7.0,
                                "min": 2.0
                            },
                            "function": "minecraft:set_count"
                        }
                    ],
                    "name": "minecraft:paper",
                    "weight": 26
                },
                {
                    "type": "minecraft:item",
                    "name": "minecraft:map",
                    "weight": 3
                },
                {
                    "type": "minecraft:item",
                    "name": "minecraft:compass",
                    "weight": 3
                },
                {
                    "type": "minecraft:item",
                    "functions": [
                        {
                            "function": "minecraft:enchant_with_levels",
                            "levels": 30.0,
                            "treasure": true
                        }
                    ],
                    "name": "minecraft:book",
                    "weight": 14
                },
                {
                    "type": "minecraft:item",
                    "name": "minecraft:eye_armor_trim_smithing_template",
                    "weight": 3
                }
            ]
        }
    ]
}