{
    "pools": [
        {
            "rolls": {
                "min": 1,
                "max": 5
            },
            "entries": [
                {
                    "type": "minecraft:item",
                    "name": "minecraft:dark_oak_button",
                    "weight": 22
                },
                {
                    "type": "minecraft:item",
                    "name": "minecraft:chest",
                    "weight": 22
                },
                {
                    "type": "minecraft:item",
                    "name": "minecraft:magenta_stained_glass",
                    "weight": 22
                },
                {
                    "type": "minecraft:item",
                    "name": "minecraft:brick_wall",
                    "weight": 22
                },
                {
                    "type": "minecraft:item",
                    "name": "minecraft:crafting_table",
                    "weight": 22
                },
                {
                    "type": "minecraft:item",
                    "name": "minecraft:magenta_glazed_terracotta",
                    "weight": 22
                },
                {
                    "type": "minecraft:item",
                    "name": "minecraft:oxeye_daisy",
                    "weight": 22
                },
                {
                    "type": "minecraft:item",
                    "name": "minecraft:grass_block",
                    "weight": 11
                },
                {
                    "type": "minecraft:item",
                    "name": "minecraft:dirt",
                    "weight": 11
                },
                {
                    "type": "minecraft:item",
                    "functions": [
                        {
                            "add": false,
                            "count": {
                                "type": "minecraft:uniform",
                                "max": 2.0,
                                "min": 0.0
                            },
                            "function": "minecraft:set_count"
                        }
                    ],
                    "name": "minecraft:gunpowder",
                    "weight": 11
                },
                {
                    "type": "minecraft:tag",
                    "expand": true,
                    "name": "minecraft:creeper_drop_music_discs",
                    "weight": 11
                },
                {
                    "type": "minecraft:item",
                    "functions": [
                        {
                            "function": "minecraft:explosion_decay"
                        }
                    ],
                    "name": "minecraft:bamboo_slab",
                    "weight": 22
                },
                {
                    "type": "minecraft:item",
                    "name": "minecraft:cracked_stone_bricks",
                    "weight": 22
                },
                {
                    "type": "minecraft:item",
                    "name": "minecraft:light_gray_stained_glass_pane",
                    "weight": 22
                },
                {
                    "type": "minecraft:item",
                    "functions": [
                        {
                            "add": false,
                            "count": {
                                "type": "minecraft:uniform",
                                "max": 2.0,
                                "min": 0.0
                            },
                            "function": "minecraft:set_count"
                        }
                    ],
                    "name": "minecraft:leather",
                    "weight": 22
                },
                {
                    "type": "minecraft:item",
                    "name": "minecraft:cobbled_deepslate",
                    "weight": 22
                },
                {
                    "type": "minecraft:item",
                    "name": "minecraft:trapped_chest",
                    "weight": 22
                },
                {
                    "type": "minecraft:item",
                    "name": "minecraft:mangrove_planks",
                    "weight": 22
                },
                {
                    "type": "minecraft:item",
                    "name": "minecraft:spruce_log",
                    "weight": 22
                },
                {
                    "type": "minecraft:item",
                    "name": "minecraft:orange_candle",
                    "weight": 22
                },
                {
                    "type": "minecraft:item",
                    "functions": [
                        {
                            "type": "minecraft:shulker_box",
                            "entries": [
                                {
                                    "type": "minecraft:dynamic",
                                    "name": "minecraft:contents"
                                }
                            ],
                            "function": "minecraft:set_contents"
                        }
                    ],
                    "name": "minecraft:lime_shulker_box",
                    "weight": 22
                },
                {
                    "type": "minecraft:item",
                    "name": "minecraft:purpur_block",
                    "weight": 22
                }
            ]
        }
    ]
}