{
    "pools": [
        {
            "rolls": {
                "min": 10,
                "max": 50
            },
            "entries": [
                {
                    "type": "minecraft:item",
                    "name": "minecraft:sandstone",
                    "weight": 71
                },
                {
                    "type": "minecraft:item",
                    "name": "minecraft:bee_nest",
                    "weight": 71
                },
                {
                    "type": "minecraft:item",
                    "name": "minecraft:dark_oak_fence",
                    "weight": 71
                },
                {
                    "type": "minecraft:item",
                    "name": "minecraft:blue_ice",
                    "weight": 3
                },
                {
                    "type": "minecraft:item",
                    "name": "minecraft:snow_block",
                    "weight": 6
                },
                {
                    "type": "minecraft:item",
                    "functions": [
                        {
                            "add": false,
                            "count": {
                                "type": "minecraft:uniform",
                                "max": 7.0,
                                "min": 1.0
                            },
                            "function": "minecraft:set_count"
                        }
                    ],
                    "name": "minecraft:potato",
                    "weight": 13
                },
                {
                    "type": "minecraft:item",
                    "functions": [
                        {
                            "add": false,
                            "count": {
                                "type": "minecraft:uniform",
                                "max": 4.0,
                                "min": 1.0
                            },
                            "function": "minecraft:set_count"
                        }
                    ],
                    "name": "minecraft:bread",
                    "weight": 13
                },
                {
                    "type": "minecraft:item",
                    "functions": [
                        {
                            "add": false,
                            "count": {
                                "type": "minecraft:uniform",
                                "max": 5.0,
                                "min": 1.0
                            },
                            "function": "minecraft:set_count"
                        }
                    ],
                    "name": "minecraft:beetroot_seeds",
                    "weight": 13
                },
                {
                    "type": "minecraft:item",
                    "name": "minecraft:beetroot_soup",
                    "weight": 3
                },
                {
                    "type": "minecraft:item",
                    "name": "minecraft:furnace",
                    "weight": 3
                },
                {
                    "type": "minecraft:item",
                    "functions": [
                        {
                            "add": false,
                            "count": {
                                "type": "minecraft:uniform",
                                "max": 4.0,
                                "min": 1.0
                            },
                            "function": "minecraft:set_count"
                        }
                    ],
                    "name": "minecraft:emerald",
                    "weight": 3
                },
                {
                    "type": "minecraft:item",
                    "functions": [
                        {
                            "add": false,
                            "count": {
                                "type": "minecraft:uniform",
                                "max": 7.0,
                                "min": 1.0
                            },
                            "function": "minecraft:set_count"
                        }
                    ],
                    "name": "minecraft:snowball",
                    "weight": 13
                },
                {
                    "type": "minecraft:item",
                    "functions": [
                        {
                            "add": false,
                            "count": {
                                "type": "minecraft:uniform",
                                "max": 4.0,
                                "min": 1.0
                            },
                            "function": "minecraft:set_count"
                        }
                    ],
                    "name": "minecraft:coal",
                    "weight": 6
                },
                {
                    "type": "minecraft:item",
                    "functions": [
                        {
                            "add": false,
                            "count": {
                                "type": "minecraft:uniform",
                                "max": 2.0,
                                "min": 1.0
                            },
                            "function": "minecraft:set_count"
                        }
                    ],
                    "name": "minecraft:mutton",
                    "weight": 71
                },
                {
                    "type": "minecraft:item",
                    "name": "minecraft:lapis_block",
                    "weight": 71
                },
                {
                    "type": "minecraft:item",
                    "name": "minecraft:oak_sign",
                    "weight": 71
                },
                {
                    "type": "minecraft:item",
                    "name": "minecraft:jungle_sign",
                    "weight": 71
                },
                {
                    "type": "minecraft:item",
                    "name": "minecraft:stone",
                    "weight": 71
                },
                {
                    "type": "minecraft:item",
                    "name": "minecraft:mossy_cobblestone",
                    "weight": 71
                }
            ]
        }
    ]
}