{
    "pools": [
        {
            "rolls": {
                "min": 10,
                "max": 50
            },
            "entries": [
                {
                    "type": "minecraft:item",
                    "name": "minecraft:crimson_sign",
                    "weight": 10
                },
                {
                    "type": "minecraft:item",
                    "name": "minecraft:amethyst_block",
                    "weight": 10
                },
                {
                    "type": "minecraft:item",
                    "name": "minecraft:polished_blackstone_brick_wall",
                    "weight": 10
                },
                {
                    "type": "minecraft:item",
                    "name": "minecraft:warped_door",
                    "weight": 10
                },
                {
                    "type": "minecraft:item",
                    "name": "minecraft:purple_candle",
                    "weight": 10
                },
                {
                    "type": "minecraft:item",
                    "name": "minecraft:lime_concrete_powder",
                    "weight": 10
                },
                {
                    "type": "minecraft:item",
                    "name": "minecraft:beacon",
                    "weight": 10
                },
                {
                    "type": "minecraft:item",
                    "name": "minecraft:black_glazed_terracotta",
                    "weight": 10
                },
                {
                    "type": "minecraft:item",
                    "name": "minecraft:purple_banner",
                    "weight": 10
                },
                {
                    "type": "minecraft:item",
                    "name": "minecraft:wet_sponge",
                    "weight": 10
                }
            ]
        }
    ]
}