{
    "pools": [
        {
            "rolls": {
                "min": 1,
                "max": 5
            },
            "entries": [
                {
                    "type": "minecraft:item",
                    "name": "minecraft:fern",
                    "weight": 61
                },
                {
                    "type": "minecraft:item",
                    "functions": [
                        {
                            "function": "minecraft:explosion_decay"
                        }
                    ],
                    "name": "minecraft:wheat_seeds",
                    "weight": 61
                },
                {
                    "type": "minecraft:item",
                    "name": "minecraft:chiseled_quartz_block",
                    "weight": 121
                },
                {
                    "type": "minecraft:item",
                    "name": "minecraft:torch",
                    "weight": 121
                },
                {
                    "type": "minecraft:item",
                    "name": "minecraft:pink_carpet",
                    "weight": 121
                },
                {
                    "type": "minecraft:item",
                    "name": "minecraft:polished_blackstone",
                    "weight": 121
                },
                {
                    "type": "minecraft:item",
                    "name": "minecraft:flower_pot",
                    "weight": 61
                },
                {
                    "type": "minecraft:item",
                    "name": "minecraft:cherry_sapling",
                    "weight": 61
                },
                {
                    "type": "minecraft:item",
                    "name": "minecraft:brown_stained_glass",
                    "weight": 121
                },
                {
                    "type": "minecraft:item",
                    "name": "minecraft:deepslate_diamond_ore",
                    "weight": 61
                },
                {
                    "type": "minecraft:item",
                    "functions": [
                        {
                            "function": "minecraft:explosion_decay"
                        }
                    ],
                    "name": "minecraft:diamond",
                    "weight": 61
                },
                {
                    "type": "minecraft:item",
                    "name": "minecraft:granite_stairs",
                    "weight": 121
                },
                {
                    "type": "minecraft:item",
                    "name": "minecraft:gray_concrete_powder",
                    "weight": 121
                },
                {
                    "type": "minecraft:item",
                    "name": "minecraft:dead_brain_coral_fan",
                    "weight": 121
                },
                {
                    "type": "minecraft:item",
                    "name": "minecraft:flower_pot",
                    "weight": 61
                },
                {
                    "type": "minecraft:item",
                    "name": "minecraft:azure_bluet",
                    "weight": 61
                },
                {
                    "type": "minecraft:item",
                    "name": "minecraft:andesite",
                    "weight": 121
                },
                {
                    "type": "minecraft:item",
                    "name": "minecraft:torchflower_seeds",
                    "weight": 121
                },
                {
                    "type": "minecraft:item",
                    "name": "minecraft:gray_concrete",
                    "weight": 121
                },
                {
                    "type": "minecraft:item",
                    "name": "minecraft:crimson_fungus",
                    "weight": 121
                },
                {
                    "type": "minecraft:item",
                    "functions": [
                        {
                            "add": false,
                            "count": {
                                "type": "minecraft:uniform",
                                "max": 3.0,
                                "min": 1.0
                            },
                            "function": "minecraft:set_count"
                        }
                    ],
                    "name": "minecraft:diamond",
                    "weight": 4
                },
                {
                    "type": "minecraft:item",
                    "functions": [
                        {
                            "add": false,
                            "count": {
                                "type": "minecraft:uniform",
                                "max": 5.0,
                                "min": 1.0
                            },
                            "function": "minecraft:set_count"
                        }
                    ],
                    "name": "minecraft:iron_ingot",
                    "weight": 14
                },
                {
                    "type": "minecraft:item",
                    "functions": [
                        {
                            "add": false,
                            "count": {
                                "type": "minecraft:uniform",
                                "max": 3.0,
                                "min": 1.0
                            },
                            "function": "minecraft:set_count"
                        }
                    ],
                    "name": "minecraft:gold_ingot",
                    "weight": 7
                },
                {
                    "type": "minecraft:item",
                    "functions": [
                        {
                            "add": false,
                            "count": {
                                "type": "minecraft:uniform",
                                "max": 3.0,
                                "min": 1.0
                            },
                            "function": "minecraft:set_count"
                        }
                    ],
                    "name": "minecraft:bread",
                    "weight": 20
                },
                {
                    "type": "minecraft:item",
                    "functions": [
                        {
                            "add": false,
                            "count": {
                                "type": "minecraft:uniform",
                                "max": 3.0,
                                "min": 1.0
                            },
                            "function": "minecraft:set_count"
                        }
                    ],
                    "name": "minecraft:apple",
                    "weight": 20
                },
                {
                    "type": "minecraft:item",
                    "name": "minecraft:iron_pickaxe",
                    "weight": 7
                },
                {
                    "type": "minecraft:item",
                    "name": "minecraft:iron_sword",
                    "weight": 7
                },
                {
                    "type": "minecraft:item",
                    "name": "minecraft:iron_chestplate",
                    "weight": 7
                },
                {
                    "type": "minecraft:item",
                    "name": "minecraft:iron_helmet",
                    "weight": 7
                },
                {
                    "type": "minecraft:item",
                    "name": "minecraft:iron_leggings",
                    "weight": 7
                },
                {
                    "type": "minecraft:item",
                    "name": "minecraft:iron_boots",
                    "weight": 7
                },
                {
                    "type": "minecraft:item",
                    "functions": [
                        {
                            "add": false,
                            "count": {
                                "type": "minecraft:uniform",
                                "max": 7.0,
                                "min": 3.0
                            },
                            "function": "minecraft:set_count"
                        }
                    ],
                    "name": "minecraft:obsidian",
                    "weight": 7
                },
                {
                    "type": "minecraft:item",
                    "functions": [
                        {
                            "add": false,
                            "count": {
                                "type": "minecraft:uniform",
                                "max": 7.0,
                                "min": 3.0
                            },
                            "function": "minecraft:set_count"
                        }
                    ],
                    "name": "minecraft:oak_sapling",
                    "weight": 7
                },
                {
                    "type": "minecraft:item",
                    "name": "minecraft:saddle",
                    "weight": 4
                },
                {
                    "type": "minecraft:item",
                    "name": "minecraft:iron_horse_armor",
                    "weight": 2
                },
                {
                    "type": "minecraft:item",
                    "name": "minecraft:golden_horse_armor",
                    "weight": 2
                },
                {
                    "type": "minecraft:item",
                    "name": "minecraft:diamond_horse_armor",
                    "weight": 2
                },
                {
                    "type": "minecraft:item",
                    "name": "minecraft:brewing_stand",
                    "weight": 121
                },
                {
                    "type": "minecraft:item",
                    "name": "minecraft:lever",
                    "weight": 121
                },
                {
                    "type": "minecraft:item",
                    "name": "minecraft:light_blue_candle",
                    "weight": 121
                },
                {
                    "type": "minecraft:item",
                    "functions": [
                        {
                            "function": "minecraft:explosion_decay"
                        }
                    ],
                    "name": "minecraft:smooth_quartz_slab",
                    "weight": 121
                }
            ]
        }
    ]
}