{
    "pools": [
        {
            "rolls": {
                "min": 10,
                "max": 50
            },
            "entries": [
                {
                    "type": "minecraft:item",
                    "name": "minecraft:brown_mushroom",
                    "weight": 13
                },
                {
                    "type": "minecraft:item",
                    "name": "minecraft:chorus_flower",
                    "weight": 13
                },
                {
                    "type": "minecraft:item",
                    "name": "minecraft:dead_tube_coral_fan",
                    "weight": 13
                },
                {
                    "type": "minecraft:item",
                    "name": "minecraft:dark_prismarine_stairs",
                    "weight": 13
                },
                {
                    "type": "minecraft:item",
                    "functions": [
                        {
                            "type": "minecraft:shulker_box",
                            "entries": [
                                {
                                    "type": "minecraft:dynamic",
                                    "name": "minecraft:contents"
                                }
                            ],
                            "function": "minecraft:set_contents"
                        }
                    ],
                    "name": "minecraft:purple_shulker_box",
                    "weight": 13
                },
                {
                    "type": "minecraft:item",
                    "name": "minecraft:andesite_wall",
                    "weight": 13
                },
                {
                    "type": "minecraft:item",
                    "name": "minecraft:diamond_ore",
                    "weight": 7
                },
                {
                    "type": "minecraft:item",
                    "functions": [
                        {
                            "function": "minecraft:explosion_decay"
                        }
                    ],
                    "name": "minecraft:diamond",
                    "weight": 7
                },
                {
                    "type": "minecraft:item",
                    "name": "minecraft:grass_block",
                    "weight": 7
                },
                {
                    "type": "minecraft:item",
                    "name": "minecraft:dirt",
                    "weight": 7
                },
                {
                    "type": "minecraft:item",
                    "name": "minecraft:heavy_weighted_pressure_plate",
                    "weight": 13
                },
                {
                    "type": "minecraft:item",
                    "name": "minecraft:raw_gold_block",
                    "weight": 13
                },
                {
                    "type": "minecraft:item",
                    "name": "minecraft:big_dripleaf",
                    "weight": 13
                }
            ]
        }
    ]
}