{
    "pools": [
        {
            "rolls": {
                "min": 10,
                "max": 50
            },
            "entries": [
                {
                    "type": "minecraft:item",
                    "name": "minecraft:flower_pot",
                    "weight": 11
                },
                {
                    "type": "minecraft:item",
                    "name": "minecraft:allium",
                    "weight": 11
                },
                {
                    "type": "minecraft:item",
                    "name": "minecraft:green_candle",
                    "weight": 11
                },
                {
                    "type": "minecraft:item",
                    "name": "minecraft:mangrove_log",
                    "weight": 11
                },
                {
                    "type": "minecraft:item",
                    "name": "minecraft:mangrove_trapdoor",
                    "weight": 11
                },
                {
                    "type": "minecraft:item",
                    "name": "minecraft:cherry_log",
                    "weight": 11
                },
                {
                    "type": "minecraft:item",
                    "name": "minecraft:jungle_trapdoor",
                    "weight": 11
                },
                {
                    "type": "minecraft:item",
                    "name": "minecraft:medium_amethyst_bud",
                    "weight": 11
                },
                {
                    "type": "minecraft:item",
                    "name": "minecraft:netherite_block",
                    "weight": 11
                },
                {
                    "type": "minecraft:item",
                    "name": "minecraft:smooth_sandstone_stairs",
                    "weight": 11
                },
                {
                    "type": "minecraft:item",
                    "name": "minecraft:nether_brick_wall",
                    "weight": 11
                }
            ]
        }
    ]
}