{
    "pools": [
        {
            "rolls": {
                "min": 10,
                "max": 50
            },
            "entries": [
                {
                    "type": "minecraft:item",
                    "name": "minecraft:magenta_terracotta",
                    "weight": 53
                },
                {
                    "type": "minecraft:item",
                    "functions": [
                        {
                            "function": "minecraft:explosion_decay"
                        }
                    ],
                    "name": "minecraft:purpur_slab",
                    "weight": 53
                },
                {
                    "type": "minecraft:item",
                    "name": "minecraft:red_nether_bricks",
                    "weight": 53
                },
                {
                    "type": "minecraft:item",
                    "name": "minecraft:bamboo_planks",
                    "weight": 53
                },
                {
                    "type": "minecraft:item",
                    "name": "minecraft:pumpkin_seeds",
                    "weight": 53
                },
                {
                    "type": "minecraft:item",
                    "name": "minecraft:repeater",
                    "weight": 53
                },
                {
                    "type": "minecraft:item",
                    "name": "minecraft:spruce_fence_gate",
                    "weight": 53
                },
                {
                    "type": "minecraft:item",
                    "name": "minecraft:polished_blackstone_bricks",
                    "weight": 53
                },
                {
                    "type": "minecraft:item",
                    "name": "minecraft:clay_ball",
                    "weight": 3
                },
                {
                    "type": "minecraft:item",
                    "name": "minecraft:green_dye",
                    "weight": 3
                },
                {
                    "type": "minecraft:item",
                    "functions": [
                        {
                            "add": false,
                            "count": {
                                "type": "minecraft:uniform",
                                "max": 4.0,
                                "min": 1.0
                            },
                            "function": "minecraft:set_count"
                        }
                    ],
                    "name": "minecraft:cactus",
                    "weight": 14
                },
                {
                    "type": "minecraft:item",
                    "functions": [
                        {
                            "add": false,
                            "count": {
                                "type": "minecraft:uniform",
                                "max": 7.0,
                                "min": 1.0
                            },
                            "function": "minecraft:set_count"
                        }
                    ],
                    "name": "minecraft:wheat",
                    "weight": 14
                },
                {
                    "type": "minecraft:item",
                    "functions": [
                        {
                            "add": false,
                            "count": {
                                "type": "minecraft:uniform",
                                "max": 4.0,
                                "min": 1.0
                            },
                            "function": "minecraft:set_count"
                        }
                    ],
                    "name": "minecraft:bread",
                    "weight": 14
                },
                {
                    "type": "minecraft:item",
                    "name": "minecraft:book",
                    "weight": 3
                },
                {
                    "type": "minecraft:item",
                    "functions": [
                        {
                            "add": false,
                            "count": {
                                "type": "minecraft:uniform",
                                "max": 3.0,
                                "min": 1.0
                            },
                            "function": "minecraft:set_count"
                        }
                    ],
                    "name": "minecraft:dead_bush",
                    "weight": 4
                },
                {
                    "type": "minecraft:item",
                    "functions": [
                        {
                            "add": false,
                            "count": {
                                "type": "minecraft:uniform",
                                "max": 3.0,
                                "min": 1.0
                            },
                            "function": "minecraft:set_count"
                        }
                    ],
                    "name": "minecraft:emerald",
                    "weight": 3
                },
                {
                    "type": "minecraft:item",
                    "functions": [
                        {
                            "function": "minecraft:explosion_decay"
                        }
                    ],
                    "name": "minecraft:oak_slab",
                    "weight": 53
                }
            ]
        }
    ]
}