{
    "pools": [
        {
            "rolls": {
                "min": 10,
                "max": 50
            },
            "entries": [
                {
                    "type": "minecraft:item",
                    "functions": [
                        {
                            "add": false,
                            "count": {
                                "type": "minecraft:uniform",
                                "max": 1.0,
                                "min": 0.0
                            },
                            "function": "minecraft:set_count"
                        }
                    ],
                    "name": "minecraft:phantom_membrane",
                    "weight": 110
                },
                {
                    "type": "minecraft:item",
                    "name": "minecraft:bamboo_trapdoor",
                    "weight": 110
                },
                {
                    "type": "minecraft:item",
                    "name": "minecraft:redstone",
                    "weight": 55
                },
                {
                    "type": "minecraft:item",
                    "name": "minecraft:lapis_lazuli",
                    "weight": 55
                },
                {
                    "type": "minecraft:item",
                    "name": "minecraft:grass",
                    "weight": 55
                },
                {
                    "type": "minecraft:item",
                    "functions": [
                        {
                            "function": "minecraft:explosion_decay"
                        }
                    ],
                    "name": "minecraft:wheat_seeds",
                    "weight": 55
                },
                {
                    "type": "minecraft:item",
                    "functions": [
                        {
                            "add": false,
                            "count": {
                                "type": "minecraft:uniform",
                                "max": 3.0,
                                "min": 1.0
                            },
                            "function": "minecraft:set_count"
                        }
                    ],
                    "name": "minecraft:diamond",
                    "weight": 7
                },
                {
                    "type": "minecraft:item",
                    "functions": [
                        {
                            "add": false,
                            "count": {
                                "type": "minecraft:uniform",
                                "max": 5.0,
                                "min": 1.0
                            },
                            "function": "minecraft:set_count"
                        }
                    ],
                    "name": "minecraft:iron_ingot",
                    "weight": 7
                },
                {
                    "type": "minecraft:item",
                    "functions": [
                        {
                            "add": false,
                            "count": {
                                "type": "minecraft:uniform",
                                "max": 3.0,
                                "min": 1.0
                            },
                            "function": "minecraft:set_count"
                        }
                    ],
                    "name": "minecraft:gold_ingot",
                    "weight": 18
                },
                {
                    "type": "minecraft:item",
                    "name": "minecraft:golden_sword",
                    "weight": 7
                },
                {
                    "type": "minecraft:item",
                    "name": "minecraft:golden_chestplate",
                    "weight": 7
                },
                {
                    "type": "minecraft:item",
                    "name": "minecraft:flint_and_steel",
                    "weight": 7
                },
                {
                    "type": "minecraft:item",
                    "functions": [
                        {
                            "add": false,
                            "count": {
                                "type": "minecraft:uniform",
                                "max": 7.0,
                                "min": 3.0
                            },
                            "function": "minecraft:set_count"
                        }
                    ],
                    "name": "minecraft:nether_wart",
                    "weight": 7
                },
                {
                    "type": "minecraft:item",
                    "name": "minecraft:saddle",
                    "weight": 11
                },
                {
                    "type": "minecraft:item",
                    "name": "minecraft:golden_horse_armor",
                    "weight": 9
                },
                {
                    "type": "minecraft:item",
                    "name": "minecraft:iron_horse_armor",
                    "weight": 7
                },
                {
                    "type": "minecraft:item",
                    "name": "minecraft:diamond_horse_armor",
                    "weight": 4
                },
                {
                    "type": "minecraft:item",
                    "functions": [
                        {
                            "add": false,
                            "count": {
                                "type": "minecraft:uniform",
                                "max": 4.0,
                                "min": 2.0
                            },
                            "function": "minecraft:set_count"
                        }
                    ],
                    "name": "minecraft:obsidian",
                    "weight": 3
                },
                {
                    "type": "minecraft:empty",
                    "weight": 18
                },
                {
                    "type": "minecraft:item",
                    "name": "minecraft:rib_armor_trim_smithing_template",
                    "weight": 2
                },
                {
                    "type": "minecraft:item",
                    "functions": [
                        {
                            "add": false,
                            "count": {
                                "type": "minecraft:uniform",
                                "max": 3.0,
                                "min": 1.0
                            },
                            "function": "minecraft:set_count"
                        }
                    ],
                    "name": "minecraft:rotten_flesh",
                    "weight": 110
                },
                {
                    "type": "minecraft:item",
                    "name": "minecraft:flower_pot",
                    "weight": 55
                },
                {
                    "type": "minecraft:item",
                    "name": "minecraft:warped_fungus",
                    "weight": 55
                },
                {
                    "type": "minecraft:item",
                    "name": "minecraft:lily_of_the_valley",
                    "weight": 110
                },
                {
                    "type": "minecraft:item",
                    "name": "minecraft:gray_concrete_powder",
                    "weight": 110
                },
                {
                    "type": "minecraft:item",
                    "name": "minecraft:acacia_leaves",
                    "weight": 37
                },
                {
                    "type": "minecraft:item",
                    "name": "minecraft:acacia_sapling",
                    "weight": 37
                },
                {
                    "type": "minecraft:item",
                    "functions": [
                        {
                            "add": false,
                            "count": {
                                "type": "minecraft:uniform",
                                "max": 2.0,
                                "min": 1.0
                            },
                            "function": "minecraft:set_count"
                        },
                        {
                            "function": "minecraft:explosion_decay"
                        }
                    ],
                    "name": "minecraft:stick",
                    "weight": 37
                }
            ]
        }
    ]
}