{
    "pools": [
        {
            "rolls": {
                "min": 1,
                "max": 5
            },
            "entries": [
                {
                    "type": "minecraft:item",
                    "name": "minecraft:nether_brick_wall",
                    "weight": 31
                },
                {
                    "type": "minecraft:item",
                    "name": "minecraft:white_stained_glass",
                    "weight": 31
                },
                {
                    "type": "minecraft:item",
                    "name": "minecraft:pink_concrete_powder",
                    "weight": 31
                },
                {
                    "type": "minecraft:item",
                    "name": "minecraft:cherry_stairs",
                    "weight": 31
                },
                {
                    "type": "minecraft:item",
                    "name": "minecraft:scaffolding",
                    "weight": 31
                },
                {
                    "type": "minecraft:item",
                    "name": "minecraft:deepslate_iron_ore",
                    "weight": 16
                },
                {
                    "type": "minecraft:item",
                    "functions": [
                        {
                            "function": "minecraft:explosion_decay"
                        }
                    ],
                    "name": "minecraft:raw_iron",
                    "weight": 16
                },
                {
                    "type": "minecraft:item",
                    "functions": [
                        {
                            "add": false,
                            "count": {
                                "type": "minecraft:uniform",
                                "max": 1.0,
                                "min": -2.0
                            },
                            "function": "minecraft:set_count"
                        }
                    ],
                    "name": "minecraft:magma_cream",
                    "weight": 8
                },
                {
                    "type": "minecraft:item",
                    "functions": [
                        {
                            "add": false,
                            "count": 1.0,
                            "function": "minecraft:set_count"
                        }
                    ],
                    "name": "minecraft:pearlescent_froglight",
                    "weight": 8
                },
                {
                    "type": "minecraft:item",
                    "functions": [
                        {
                            "add": false,
                            "count": 1.0,
                            "function": "minecraft:set_count"
                        }
                    ],
                    "name": "minecraft:verdant_froglight",
                    "weight": 8
                },
                {
                    "type": "minecraft:item",
                    "functions": [
                        {
                            "add": false,
                            "count": 1.0,
                            "function": "minecraft:set_count"
                        }
                    ],
                    "name": "minecraft:ochre_froglight",
                    "weight": 8
                },
                {
                    "type": "minecraft:item",
                    "name": "minecraft:blue_stained_glass_pane",
                    "weight": 31
                },
                {
                    "type": "minecraft:item",
                    "name": "minecraft:jungle_door",
                    "weight": 31
                },
                {
                    "type": "minecraft:item",
                    "name": "minecraft:turtle_egg",
                    "weight": 31
                },
                {
                    "type": "minecraft:item",
                    "name": "minecraft:lime_wool",
                    "weight": 31
                },
                {
                    "type": "minecraft:item",
                    "name": "minecraft:yellow_wool",
                    "weight": 16
                },
                {
                    "type": "minecraft:item",
                    "functions": [
                        {
                            "add": false,
                            "count": {
                                "type": "minecraft:uniform",
                                "max": 2.0,
                                "min": 1.0
                            },
                            "function": "minecraft:set_count"
                        }
                    ],
                    "name": "minecraft:mutton",
                    "weight": 16
                },
                {
                    "type": "minecraft:item",
                    "name": "minecraft:waxed_cut_copper_stairs",
                    "weight": 31
                },
                {
                    "type": "minecraft:item",
                    "name": "minecraft:smooth_basalt",
                    "weight": 31
                },
                {
                    "type": "minecraft:item",
                    "name": "minecraft:yellow_glazed_terracotta",
                    "weight": 31
                },
                {
                    "type": "minecraft:item",
                    "name": "minecraft:flower_pot",
                    "weight": 16
                },
                {
                    "type": "minecraft:item",
                    "name": "minecraft:oxeye_daisy",
                    "weight": 16
                },
                {
                    "type": "minecraft:item",
                    "name": "minecraft:bamboo_fence",
                    "weight": 31
                },
                {
                    "type": "minecraft:item",
                    "name": "minecraft:dark_oak_wood",
                    "weight": 31
                },
                {
                    "type": "minecraft:item",
                    "name": "minecraft:light_gray_wool",
                    "weight": 31
                },
                {
                    "type": "minecraft:item",
                    "functions": [
                        {
                            "add": false,
                            "count": {
                                "type": "minecraft:uniform",
                                "max": 2.0,
                                "min": 0.0
                            },
                            "function": "minecraft:set_count"
                        }
                    ],
                    "name": "minecraft:slime_ball",
                    "weight": 16
                },
                {
                    "type": "minecraft:item",
                    "functions": [
                        {
                            "add": false,
                            "count": 1.0,
                            "function": "minecraft:set_count"
                        }
                    ],
                    "name": "minecraft:slime_ball",
                    "weight": 16
                },
                {
                    "type": "minecraft:item",
                    "name": "minecraft:purple_stained_glass",
                    "weight": 31
                },
                {
                    "type": "minecraft:item",
                    "functions": [
                        {
                            "add": false,
                            "count": {
                                "type": "minecraft:uniform",
                                "max": 3.0,
                                "min": 1.0
                            },
                            "function": "minecraft:set_count"
                        }
                    ],
                    "name": "minecraft:glow_ink_sac",
                    "weight": 31
                }
            ]
        }
    ]
}