{
    "pools": [
        {
            "rolls": {
                "min": 10,
                "max": 50
            },
            "entries": [
                {
                    "type": "minecraft:item",
                    "name": "minecraft:pink_bed",
                    "weight": 12
                },
                {
                    "type": "minecraft:item",
                    "name": "minecraft:prismarine_wall",
                    "weight": 12
                },
                {
                    "type": "minecraft:item",
                    "name": "minecraft:glass",
                    "weight": 12
                },
                {
                    "type": "minecraft:item",
                    "functions": [
                        {
                            "add": false,
                            "count": {
                                "type": "minecraft:uniform",
                                "max": 3.0,
                                "min": 1.0
                            },
                            "function": "minecraft:set_count"
                        }
                    ],
                    "name": "minecraft:porkchop",
                    "weight": 12
                },
                {
                    "type": "minecraft:item",
                    "name": "minecraft:sculk",
                    "weight": 12
                },
                {
                    "type": "minecraft:item",
                    "functions": [
                        {
                            "function": "minecraft:explosion_decay"
                        }
                    ],
                    "name": "minecraft:exposed_cut_copper_slab",
                    "weight": 12
                },
                {
                    "type": "minecraft:item",
                    "name": "minecraft:gray_bed",
                    "weight": 12
                },
                {
                    "type": "minecraft:item",
                    "name": "minecraft:dead_horn_coral_block",
                    "weight": 12
                },
                {
                    "type": "minecraft:item",
                    "name": "minecraft:bamboo_hanging_sign",
                    "weight": 12
                },
                {
                    "type": "minecraft:item",
                    "name": "minecraft:red_mushroom_block",
                    "weight": 6
                },
                {
                    "type": "minecraft:item",
                    "functions": [
                        {
                            "add": false,
                            "count": {
                                "type": "minecraft:uniform",
                                "max": 2.0,
                                "min": -6.0
                            },
                            "function": "minecraft:set_count"
                        },
                        {
                            "function": "minecraft:limit_count",
                            "limit": {
                                "min": 0.0
                            }
                        },
                        {
                            "function": "minecraft:explosion_decay"
                        }
                    ],
                    "name": "minecraft:red_mushroom",
                    "weight": 6
                },
                {
                    "type": "minecraft:item",
                    "name": "minecraft:polished_blackstone_wall",
                    "weight": 12
                }
            ]
        }
    ]
}