{
    "pools": [
        {
            "rolls": {
                "min": 10,
                "max": 50
            },
            "entries": [
                {
                    "type": "minecraft:item",
                    "name": "minecraft:dead_bubble_coral",
                    "weight": 737
                },
                {
                    "type": "minecraft:item",
                    "functions": [
                        {
                            "function": "minecraft:explosion_decay"
                        }
                    ],
                    "name": "minecraft:dark_oak_slab",
                    "weight": 737
                },
                {
                    "type": "minecraft:item",
                    "name": "minecraft:sunflower",
                    "weight": 737
                },
                {
                    "type": "minecraft:item",
                    "functions": [
                        {
                            "add": false,
                            "count": {
                                "type": "minecraft:uniform",
                                "max": 2.0,
                                "min": 0.0
                            },
                            "function": "minecraft:set_count"
                        }
                    ],
                    "name": "minecraft:rotten_flesh",
                    "weight": 369
                },
                {
                    "type": "minecraft:item",
                    "name": "minecraft:copper_ingot",
                    "weight": 369
                },
                {
                    "type": "minecraft:item",
                    "name": "minecraft:white_candle",
                    "weight": 737
                },
                {
                    "type": "minecraft:item",
                    "name": "minecraft:lily_pad",
                    "weight": 37
                },
                {
                    "type": "minecraft:item",
                    "functions": [
                        {
                            "add": false,
                            "damage": {
                                "type": "minecraft:uniform",
                                "max": 0.9,
                                "min": 0.0
                            },
                            "function": "minecraft:set_damage"
                        }
                    ],
                    "name": "minecraft:leather_boots",
                    "weight": 23
                },
                {
                    "type": "minecraft:item",
                    "name": "minecraft:leather",
                    "weight": 23
                },
                {
                    "type": "minecraft:item",
                    "name": "minecraft:bone",
                    "weight": 23
                },
                {
                    "type": "minecraft:item",
                    "functions": [
                        {
                            "function": "minecraft:set_potion",
                            "id": "minecraft:water"
                        }
                    ],
                    "name": "minecraft:potion",
                    "weight": 23
                },
                {
                    "type": "minecraft:item",
                    "name": "minecraft:string",
                    "weight": 15
                },
                {
                    "type": "minecraft:item",
                    "functions": [
                        {
                            "add": false,
                            "damage": {
                                "type": "minecraft:uniform",
                                "max": 0.9,
                                "min": 0.0
                            },
                            "function": "minecraft:set_damage"
                        }
                    ],
                    "name": "minecraft:fishing_rod",
                    "weight": 8
                },
                {
                    "type": "minecraft:item",
                    "name": "minecraft:bowl",
                    "weight": 23
                },
                {
                    "type": "minecraft:item",
                    "name": "minecraft:stick",
                    "weight": 15
                },
                {
                    "type": "minecraft:item",
                    "functions": [
                        {
                            "add": false,
                            "count": 10.0,
                            "function": "minecraft:set_count"
                        }
                    ],
                    "name": "minecraft:ink_sac",
                    "weight": 0
                },
                {
                    "type": "minecraft:item",
                    "name": "minecraft:tripwire_hook",
                    "weight": 23
                },
                {
                    "type": "minecraft:item",
                    "name": "minecraft:rotten_flesh",
                    "weight": 23
                },
                {
                    "type": "minecraft:item",
                    "name": "minecraft:bamboo",
                    "weight": 23
                },
                {
                    "type": "minecraft:item",
                    "name": "minecraft:name_tag",
                    "weight": 45
                },
                {
                    "type": "minecraft:item",
                    "name": "minecraft:saddle",
                    "weight": 45
                },
                {
                    "type": "minecraft:item",
                    "functions": [
                        {
                            "add": false,
                            "damage": {
                                "type": "minecraft:uniform",
                                "max": 0.25,
                                "min": 0.0
                            },
                            "function": "minecraft:set_damage"
                        },
                        {
                            "function": "minecraft:enchant_with_levels",
                            "levels": 30.0,
                            "treasure": true
                        }
                    ],
                    "name": "minecraft:bow",
                    "weight": 45
                },
                {
                    "type": "minecraft:item",
                    "functions": [
                        {
                            "add": false,
                            "damage": {
                                "type": "minecraft:uniform",
                                "max": 0.25,
                                "min": 0.0
                            },
                            "function": "minecraft:set_damage"
                        },
                        {
                            "function": "minecraft:enchant_with_levels",
                            "levels": 30.0,
                            "treasure": true
                        }
                    ],
                    "name": "minecraft:fishing_rod",
                    "weight": 45
                },
                {
                    "type": "minecraft:item",
                    "functions": [
                        {
                            "function": "minecraft:enchant_with_levels",
                            "levels": 30.0,
                            "treasure": true
                        }
                    ],
                    "name": "minecraft:book",
                    "weight": 45
                },
                {
                    "type": "minecraft:item",
                    "name": "minecraft:nautilus_shell",
                    "weight": 45
                },
                {
                    "type": "minecraft:item",
                    "name": "minecraft:cod",
                    "weight": 148
                },
                {
                    "type": "minecraft:item",
                    "name": "minecraft:salmon",
                    "weight": 59
                },
                {
                    "type": "minecraft:item",
                    "name": "minecraft:tropical_fish",
                    "weight": 8
                },
                {
                    "type": "minecraft:item",
                    "name": "minecraft:pufferfish",
                    "weight": 30
                },
                {
                    "type": "minecraft:item",
                    "name": "minecraft:gold_ore",
                    "weight": 369
                },
                {
                    "type": "minecraft:item",
                    "functions": [
                        {
                            "function": "minecraft:explosion_decay"
                        }
                    ],
                    "name": "minecraft:raw_gold",
                    "weight": 369
                },
                {
                    "type": "minecraft:item",
                    "name": "minecraft:rabbit_hide",
                    "weight": 118
                },
                {
                    "type": "minecraft:item",
                    "name": "minecraft:rabbit_foot",
                    "weight": 118
                },
                {
                    "type": "minecraft:item",
                    "name": "minecraft:chicken",
                    "weight": 118
                },
                {
                    "type": "minecraft:item",
                    "name": "minecraft:feather",
                    "weight": 118
                },
                {
                    "type": "minecraft:item",
                    "name": "minecraft:rotten_flesh",
                    "weight": 118
                },
                {
                    "type": "minecraft:item",
                    "name": "minecraft:string",
                    "weight": 118
                },
                {
                    "type": "minecraft:item",
                    "name": "minecraft:phantom_membrane",
                    "weight": 23
                },
                {
                    "type": "minecraft:item",
                    "name": "minecraft:warped_roots",
                    "weight": 737
                },
                {
                    "type": "minecraft:item",
                    "name": "minecraft:bread",
                    "weight": 244
                },
                {
                    "type": "minecraft:item",
                    "name": "minecraft:pumpkin_pie",
                    "weight": 244
                },
                {
                    "type": "minecraft:item",
                    "name": "minecraft:cookie",
                    "weight": 244
                }
            ]
        }
    ]
}