{
    "pools": [
        {
            "rolls": {
                "min": 1,
                "max": 5
            },
            "entries": [
                {
                    "type": "minecraft:item",
                    "functions": [
                        {
                            "add": false,
                            "count": {
                                "type": "minecraft:uniform",
                                "max": 5.0,
                                "min": 1.0
                            },
                            "function": "minecraft:set_count"
                        }
                    ],
                    "name": "minecraft:iron_ingot",
                    "weight": 106
                },
                {
                    "type": "minecraft:item",
                    "functions": [
                        {
                            "add": false,
                            "count": {
                                "type": "minecraft:uniform",
                                "max": 5.0,
                                "min": 1.0
                            },
                            "function": "minecraft:set_count"
                        }
                    ],
                    "name": "minecraft:gold_ingot",
                    "weight": 12
                },
                {
                    "type": "minecraft:item",
                    "functions": [
                        {
                            "add": false,
                            "count": {
                                "type": "minecraft:uniform",
                                "max": 5.0,
                                "min": 1.0
                            },
                            "function": "minecraft:set_count"
                        }
                    ],
                    "name": "minecraft:emerald",
                    "weight": 48
                },
                {
                    "type": "minecraft:item",
                    "name": "minecraft:diamond",
                    "weight": 6
                },
                {
                    "type": "minecraft:item",
                    "name": "minecraft:experience_bottle",
                    "weight": 6
                },
                {
                    "type": "minecraft:item",
                    "functions": [
                        {
                            "add": false,
                            "count": {
                                "type": "minecraft:uniform",
                                "max": 10.0,
                                "min": 1.0
                            },
                            "function": "minecraft:set_count"
                        }
                    ],
                    "name": "minecraft:iron_nugget",
                    "weight": 59
                },
                {
                    "type": "minecraft:item",
                    "functions": [
                        {
                            "add": false,
                            "count": {
                                "type": "minecraft:uniform",
                                "max": 10.0,
                                "min": 1.0
                            },
                            "function": "minecraft:set_count"
                        }
                    ],
                    "name": "minecraft:gold_nugget",
                    "weight": 12
                },
                {
                    "type": "minecraft:item",
                    "functions": [
                        {
                            "add": false,
                            "count": {
                                "type": "minecraft:uniform",
                                "max": 10.0,
                                "min": 1.0
                            },
                            "function": "minecraft:set_count"
                        }
                    ],
                    "name": "minecraft:lapis_lazuli",
                    "weight": 23
                },
                {
                    "type": "minecraft:empty",
                    "weight": 6
                },
                {
                    "type": "minecraft:item",
                    "functions": [
                        {
                            "add": false,
                            "count": 2.0,
                            "function": "minecraft:set_count"
                        }
                    ],
                    "name": "minecraft:coast_armor_trim_smithing_template",
                    "weight": 0
                },
                {
                    "type": "minecraft:item",
                    "name": "minecraft:chiseled_deepslate",
                    "weight": 278
                },
                {
                    "type": "minecraft:item",
                    "name": "minecraft:polished_granite_stairs",
                    "weight": 278
                },
                {
                    "type": "minecraft:item",
                    "name": "minecraft:waxed_exposed_copper",
                    "weight": 278
                },
                {
                    "type": "minecraft:item",
                    "name": "minecraft:brown_concrete",
                    "weight": 278
                },
                {
                    "type": "minecraft:item",
                    "name": "minecraft:dripstone_block",
                    "weight": 278
                },
                {
                    "type": "minecraft:item",
                    "name": "minecraft:purple_glazed_terracotta",
                    "weight": 278
                },
                {
                    "type": "minecraft:item",
                    "name": "minecraft:dead_brain_coral_block",
                    "weight": 278
                },
                {
                    "type": "minecraft:item",
                    "name": "minecraft:chiseled_stone_bricks",
                    "weight": 278
                },
                {
                    "type": "minecraft:item",
                    "functions": [
                        {
                            "type": "minecraft:shulker_box",
                            "entries": [
                                {
                                    "type": "minecraft:dynamic",
                                    "name": "minecraft:contents"
                                }
                            ],
                            "function": "minecraft:set_contents"
                        }
                    ],
                    "name": "minecraft:cyan_shulker_box",
                    "weight": 278
                },
                {
                    "type": "minecraft:item",
                    "functions": [
                        {
                            "add": false,
                            "count": {
                                "type": "minecraft:binomial",
                                "n": 3.0,
                                "p": 0.53333336
                            },
                            "function": "minecraft:set_count"
                        }
                    ],
                    "name": "minecraft:melon_seeds",
                    "weight": 278
                },
                {
                    "type": "minecraft:item",
                    "name": "minecraft:brown_concrete_powder",
                    "weight": 278
                },
                {
                    "type": "minecraft:item",
                    "name": "minecraft:mangrove_log",
                    "weight": 278
                },
                {
                    "type": "minecraft:item",
                    "name": "minecraft:mycelium",
                    "weight": 139
                },
                {
                    "type": "minecraft:item",
                    "name": "minecraft:dirt",
                    "weight": 139
                },
                {
                    "type": "minecraft:item",
                    "name": "minecraft:peony",
                    "weight": 278
                },
                {
                    "type": "minecraft:item",
                    "functions": [
                        {
                            "function": "minecraft:explosion_decay"
                        }
                    ],
                    "name": "minecraft:purpur_slab",
                    "weight": 278
                },
                {
                    "type": "minecraft:item",
                    "name": "minecraft:light_gray_candle",
                    "weight": 278
                },
                {
                    "type": "minecraft:item",
                    "name": "minecraft:dirt",
                    "weight": 278
                },
                {
                    "type": "minecraft:item",
                    "functions": [
                        {
                            "function": "minecraft:explosion_decay"
                        }
                    ],
                    "name": "minecraft:black_candle",
                    "weight": 278
                },
                {
                    "type": "minecraft:item",
                    "functions": [
                        {
                            "add": false,
                            "count": {
                                "type": "minecraft:uniform",
                                "max": 4.0,
                                "min": 1.0
                            },
                            "function": "minecraft:set_count"
                        }
                    ],
                    "name": "minecraft:redstone",
                    "weight": 39
                },
                {
                    "type": "minecraft:item",
                    "functions": [
                        {
                            "add": false,
                            "count": {
                                "type": "minecraft:uniform",
                                "max": 4.0,
                                "min": 1.0
                            },
                            "function": "minecraft:set_count"
                        }
                    ],
                    "name": "minecraft:bread",
                    "weight": 101
                },
                {
                    "type": "minecraft:item",
                    "functions": [
                        {
                            "add": false,
                            "count": {
                                "type": "minecraft:uniform",
                                "max": 4.0,
                                "min": 1.0
                            },
                            "function": "minecraft:set_count"
                        }
                    ],
                    "name": "minecraft:rotten_flesh",
                    "weight": 101
                },
                {
                    "type": "minecraft:item",
                    "functions": [
                        {
                            "add": false,
                            "count": {
                                "type": "minecraft:uniform",
                                "max": 4.0,
                                "min": 1.0
                            },
                            "function": "minecraft:set_count"
                        }
                    ],
                    "name": "minecraft:lapis_lazuli",
                    "weight": 14
                },
                {
                    "type": "minecraft:item",
                    "functions": [
                        {
                            "add": false,
                            "count": {
                                "type": "minecraft:uniform",
                                "max": 4.0,
                                "min": 1.0
                            },
                            "function": "minecraft:set_count"
                        }
                    ],
                    "name": "minecraft:gold_ingot",
                    "weight": 14
                },
                {
                    "type": "minecraft:item",
                    "functions": [
                        {
                            "add": false,
                            "count": {
                                "type": "minecraft:uniform",
                                "max": 4.0,
                                "min": 1.0
                            },
                            "function": "minecraft:set_count"
                        }
                    ],
                    "name": "minecraft:emerald",
                    "weight": 14
                },
                {
                    "type": "minecraft:item",
                    "name": "minecraft:deepslate_emerald_ore",
                    "weight": 139
                },
                {
                    "type": "minecraft:item",
                    "functions": [
                        {
                            "function": "minecraft:explosion_decay"
                        }
                    ],
                    "name": "minecraft:emerald",
                    "weight": 139
                }
            ]
        }
    ]
}