{
    "pools": [
        {
            "rolls": {
                "min": 1,
                "max": 5
            },
            "entries": [
                {
                    "type": "minecraft:item",
                    "name": "minecraft:rooted_dirt",
                    "weight": 30
                },
                {
                    "type": "minecraft:item",
                    "name": "minecraft:smooth_quartz_stairs",
                    "weight": 30
                },
                {
                    "type": "minecraft:item",
                    "name": "minecraft:chiseled_stone_bricks",
                    "weight": 30
                },
                {
                    "type": "minecraft:item",
                    "name": "minecraft:wither_skeleton_skull",
                    "weight": 30
                },
                {
                    "type": "minecraft:item",
                    "functions": [
                        {
                            "add": false,
                            "count": 1.0,
                            "function": "minecraft:set_count"
                        }
                    ],
                    "name": "minecraft:pitcher_pod",
                    "weight": 6
                },
                {
                    "type": "minecraft:item",
                    "functions": [
                        {
                            "add": false,
                            "count": 1.0,
                            "function": "minecraft:set_count"
                        }
                    ],
                    "name": "minecraft:pitcher_pod",
                    "weight": 6
                },
                {
                    "type": "minecraft:item",
                    "functions": [
                        {
                            "add": false,
                            "count": 1.0,
                            "function": "minecraft:set_count"
                        }
                    ],
                    "name": "minecraft:pitcher_pod",
                    "weight": 6
                },
                {
                    "type": "minecraft:item",
                    "functions": [
                        {
                            "add": false,
                            "count": 1.0,
                            "function": "minecraft:set_count"
                        }
                    ],
                    "name": "minecraft:pitcher_pod",
                    "weight": 6
                },
                {
                    "type": "minecraft:item",
                    "functions": [
                        {
                            "add": false,
                            "count": 1.0,
                            "function": "minecraft:set_count"
                        }
                    ],
                    "name": "minecraft:pitcher_plant",
                    "weight": 6
                },
                {
                    "type": "minecraft:item",
                    "name": "minecraft:spruce_button",
                    "weight": 30
                },
                {
                    "type": "minecraft:item",
                    "name": "minecraft:iron_block",
                    "weight": 30
                },
                {
                    "type": "minecraft:item",
                    "name": "minecraft:prismarine_brick_stairs",
                    "weight": 30
                },
                {
                    "type": "minecraft:item",
                    "name": "minecraft:birch_door",
                    "weight": 30
                },
                {
                    "type": "minecraft:item",
                    "name": "minecraft:light_gray_wool",
                    "weight": 15
                },
                {
                    "type": "minecraft:item",
                    "functions": [
                        {
                            "add": false,
                            "count": {
                                "type": "minecraft:uniform",
                                "max": 2.0,
                                "min": 1.0
                            },
                            "function": "minecraft:set_count"
                        }
                    ],
                    "name": "minecraft:mutton",
                    "weight": 15
                },
                {
                    "type": "minecraft:item",
                    "name": "minecraft:blue_bed",
                    "weight": 30
                },
                {
                    "type": "minecraft:item",
                    "functions": [
                        {
                            "function": "minecraft:explosion_decay"
                        }
                    ],
                    "name": "minecraft:smooth_red_sandstone_slab",
                    "weight": 30
                },
                {
                    "type": "minecraft:item",
                    "name": "minecraft:orange_tulip",
                    "weight": 30
                },
                {
                    "type": "minecraft:item",
                    "name": "minecraft:fire_coral",
                    "weight": 30
                },
                {
                    "type": "minecraft:item",
                    "functions": [
                        {
                            "function": "minecraft:explosion_decay"
                        }
                    ],
                    "name": "minecraft:polished_diorite_slab",
                    "weight": 30
                },
                {
                    "type": "minecraft:item",
                    "name": "minecraft:flower_pot",
                    "weight": 30
                },
                {
                    "type": "minecraft:item",
                    "name": "minecraft:gray_bed",
                    "weight": 30
                },
                {
                    "type": "minecraft:item",
                    "name": "minecraft:candle",
                    "weight": 30
                },
                {
                    "type": "minecraft:item",
                    "name": "minecraft:rose_bush",
                    "weight": 30
                },
                {
                    "type": "minecraft:item",
                    "name": "minecraft:cyan_banner",
                    "weight": 30
                },
                {
                    "type": "minecraft:item",
                    "name": "minecraft:birch_leaves",
                    "weight": 10
                },
                {
                    "type": "minecraft:item",
                    "name": "minecraft:birch_sapling",
                    "weight": 10
                },
                {
                    "type": "minecraft:item",
                    "functions": [
                        {
                            "add": false,
                            "count": {
                                "type": "minecraft:uniform",
                                "max": 2.0,
                                "min": 1.0
                            },
                            "function": "minecraft:set_count"
                        },
                        {
                            "function": "minecraft:explosion_decay"
                        }
                    ],
                    "name": "minecraft:stick",
                    "weight": 10
                }
            ]
        }
    ]
}