{
    "pools": [
        {
            "rolls": {
                "min": 10,
                "max": 50
            },
            "entries": [
                {
                    "type": "minecraft:item",
                    "functions": [
                        {
                            "add": false,
                            "count": {
                                "type": "minecraft:uniform",
                                "max": 5.0,
                                "min": 1.0
                            },
                            "function": "minecraft:set_count"
                        }
                    ],
                    "name": "minecraft:iron_ingot",
                    "weight": 12
                },
                {
                    "type": "minecraft:item",
                    "functions": [
                        {
                            "add": false,
                            "count": {
                                "type": "minecraft:uniform",
                                "max": 3.0,
                                "min": 1.0
                            },
                            "function": "minecraft:set_count"
                        }
                    ],
                    "name": "minecraft:gold_ingot",
                    "weight": 6
                },
                {
                    "type": "minecraft:item",
                    "functions": [
                        {
                            "add": false,
                            "count": {
                                "type": "minecraft:uniform",
                                "max": 9.0,
                                "min": 4.0
                            },
                            "function": "minecraft:set_count"
                        }
                    ],
                    "name": "minecraft:redstone",
                    "weight": 6
                },
                {
                    "type": "minecraft:item",
                    "functions": [
                        {
                            "add": false,
                            "count": {
                                "type": "minecraft:uniform",
                                "max": 8.0,
                                "min": 3.0
                            },
                            "function": "minecraft:set_count"
                        }
                    ],
                    "name": "minecraft:coal",
                    "weight": 12
                },
                {
                    "type": "minecraft:item",
                    "functions": [
                        {
                            "add": false,
                            "count": {
                                "type": "minecraft:uniform",
                                "max": 3.0,
                                "min": 1.0
                            },
                            "function": "minecraft:set_count"
                        }
                    ],
                    "name": "minecraft:bread",
                    "weight": 18
                },
                {
                    "type": "minecraft:item",
                    "functions": [
                        {
                            "add": false,
                            "count": {
                                "type": "minecraft:uniform",
                                "max": 3.0,
                                "min": 1.0
                            },
                            "function": "minecraft:set_count"
                        }
                    ],
                    "name": "minecraft:apple",
                    "weight": 18
                },
                {
                    "type": "minecraft:item",
                    "name": "minecraft:iron_pickaxe",
                    "weight": 3
                },
                {
                    "type": "minecraft:item",
                    "functions": [
                        {
                            "function": "minecraft:enchant_with_levels",
                            "levels": 30.0,
                            "treasure": true
                        }
                    ],
                    "name": "minecraft:book",
                    "weight": 3
                },
                {
                    "type": "minecraft:item",
                    "name": "minecraft:cherry_button",
                    "weight": 74
                },
                {
                    "type": "minecraft:item",
                    "name": "minecraft:redstone_block",
                    "weight": 74
                },
                {
                    "type": "minecraft:item",
                    "name": "minecraft:blue_candle",
                    "weight": 74
                },
                {
                    "type": "minecraft:item",
                    "name": "minecraft:chiseled_red_sandstone",
                    "weight": 74
                },
                {
                    "type": "minecraft:item",
                    "name": "minecraft:raw_iron_block",
                    "weight": 74
                },
                {
                    "type": "minecraft:item",
                    "functions": [
                        {
                            "add": false,
                            "count": {
                                "type": "minecraft:uniform",
                                "max": 2.0,
                                "min": 0.0
                            },
                            "function": "minecraft:set_count"
                        }
                    ],
                    "name": "minecraft:string",
                    "weight": 37
                },
                {
                    "type": "minecraft:item",
                    "functions": [
                        {
                            "add": false,
                            "count": {
                                "type": "minecraft:uniform",
                                "max": 1.0,
                                "min": -1.0
                            },
                            "function": "minecraft:set_count"
                        }
                    ],
                    "name": "minecraft:spider_eye",
                    "weight": 37
                },
                {
                    "type": "minecraft:item",
                    "name": "minecraft:pink_concrete",
                    "weight": 74
                },
                {
                    "type": "minecraft:item",
                    "name": "minecraft:spruce_hanging_sign",
                    "weight": 74
                },
                {
                    "type": "minecraft:item",
                    "name": "minecraft:oxidized_copper",
                    "weight": 74
                }
            ]
        }
    ]
}