{
    "pools": [
        {
            "rolls": {
                "min": 1,
                "max": 5
            },
            "entries": [
                {
                    "type": "minecraft:item",
                    "name": "minecraft:hanging_roots",
                    "weight": 31
                },
                {
                    "type": "minecraft:item",
                    "name": "minecraft:flower_pot",
                    "weight": 16
                },
                {
                    "type": "minecraft:item",
                    "name": "minecraft:cornflower",
                    "weight": 16
                },
                {
                    "type": "minecraft:item",
                    "name": "minecraft:flowering_azalea",
                    "weight": 31
                },
                {
                    "type": "minecraft:item",
                    "name": "minecraft:loom",
                    "weight": 31
                },
                {
                    "type": "minecraft:item",
                    "name": "minecraft:mossy_stone_brick_stairs",
                    "weight": 31
                },
                {
                    "type": "minecraft:item",
                    "functions": [
                        {
                            "function": "minecraft:explosion_decay"
                        }
                    ],
                    "name": "minecraft:prismarine_slab",
                    "weight": 31
                },
                {
                    "type": "minecraft:item",
                    "name": "minecraft:polished_blackstone_brick_wall",
                    "weight": 31
                },
                {
                    "type": "minecraft:item",
                    "name": "minecraft:flower_pot",
                    "weight": 16
                },
                {
                    "type": "minecraft:item",
                    "name": "minecraft:oak_sapling",
                    "weight": 16
                },
                {
                    "type": "minecraft:item",
                    "name": "minecraft:blue_concrete_powder",
                    "weight": 31
                },
                {
                    "type": "minecraft:item",
                    "name": "minecraft:powered_rail",
                    "weight": 31
                },
                {
                    "type": "minecraft:item",
                    "name": "minecraft:magenta_concrete_powder",
                    "weight": 31
                },
                {
                    "type": "minecraft:item",
                    "name": "minecraft:tinted_glass",
                    "weight": 31
                },
                {
                    "type": "minecraft:item",
                    "name": "minecraft:arms_up_pottery_sherd",
                    "weight": 8
                },
                {
                    "type": "minecraft:item",
                    "name": "minecraft:brewer_pottery_sherd",
                    "weight": 8
                },
                {
                    "type": "minecraft:item",
                    "name": "minecraft:brick",
                    "weight": 4
                },
                {
                    "type": "minecraft:item",
                    "name": "minecraft:emerald",
                    "weight": 4
                },
                {
                    "type": "minecraft:item",
                    "name": "minecraft:stick",
                    "weight": 4
                },
                {
                    "type": "minecraft:item",
                    "functions": [
                        {
                            "effects": [
                                {
                                    "type": "minecraft:night_vision",
                                    "duration": {
                                        "type": "minecraft:uniform",
                                        "max": 10.0,
                                        "min": 7.0
                                    }
                                },
                                {
                                    "type": "minecraft:jump_boost",
                                    "duration": {
                                        "type": "minecraft:uniform",
                                        "max": 10.0,
                                        "min": 7.0
                                    }
                                },
                                {
                                    "type": "minecraft:weakness",
                                    "duration": {
                                        "type": "minecraft:uniform",
                                        "max": 8.0,
                                        "min": 6.0
                                    }
                                },
                                {
                                    "type": "minecraft:blindness",
                                    "duration": {
                                        "type": "minecraft:uniform",
                                        "max": 7.0,
                                        "min": 5.0
                                    }
                                },
                                {
                                    "type": "minecraft:poison",
                                    "duration": {
                                        "type": "minecraft:uniform",
                                        "max": 20.0,
                                        "min": 10.0
                                    }
                                },
                                {
                                    "type": "minecraft:saturation",
                                    "duration": {
                                        "type": "minecraft:uniform",
                                        "max": 10.0,
                                        "min": 7.0
                                    }
                                }
                            ],
                            "function": "minecraft:set_stew_effect"
                        }
                    ],
                    "name": "minecraft:suspicious_stew",
                    "weight": 4
                },
                {
                    "type": "minecraft:item",
                    "name": "minecraft:flower_pot",
                    "weight": 16
                },
                {
                    "type": "minecraft:item",
                    "name": "minecraft:acacia_sapling",
                    "weight": 16
                },
                {
                    "type": "minecraft:item",
                    "functions": [
                        {
                            "add": false,
                            "count": {
                                "type": "minecraft:uniform",
                                "max": 2.0,
                                "min": 0.0
                            },
                            "function": "minecraft:set_count"
                        }
                    ],
                    "name": "minecraft:seagrass",
                    "weight": 24
                },
                {
                    "type": "minecraft:item",
                    "name": "minecraft:bowl",
                    "weight": 8
                },
                {
                    "type": "minecraft:item",
                    "name": "minecraft:green_banner",
                    "weight": 31
                },
                {
                    "type": "minecraft:item",
                    "name": "minecraft:blue_concrete",
                    "weight": 31
                },
                {
                    "type": "minecraft:item",
                    "name": "minecraft:mangrove_fence",
                    "weight": 31
                }
            ]
        }
    ]
}