{
    "pools": [
        {
            "rolls": {
                "min": 10,
                "max": 50
            },
            "entries": [
                {
                    "type": "minecraft:item",
                    "name": "minecraft:pointed_dripstone",
                    "weight": 15
                },
                {
                    "type": "minecraft:item",
                    "functions": [
                        {
                            "add": false,
                            "count": {
                                "type": "minecraft:uniform",
                                "max": 1.0,
                                "min": -1.0
                            },
                            "function": "minecraft:set_count"
                        }
                    ],
                    "name": "minecraft:coal",
                    "weight": 5
                },
                {
                    "type": "minecraft:item",
                    "functions": [
                        {
                            "add": false,
                            "count": {
                                "type": "minecraft:uniform",
                                "max": 2.0,
                                "min": 0.0
                            },
                            "function": "minecraft:set_count"
                        }
                    ],
                    "name": "minecraft:bone",
                    "weight": 5
                },
                {
                    "type": "minecraft:item",
                    "name": "minecraft:wither_skeleton_skull",
                    "weight": 5
                },
                {
                    "type": "minecraft:item",
                    "name": "minecraft:crimson_planks",
                    "weight": 15
                },
                {
                    "type": "minecraft:item",
                    "functions": [
                        {
                            "function": "minecraft:explosion_decay"
                        }
                    ],
                    "name": "minecraft:jungle_slab",
                    "weight": 15
                },
                {
                    "type": "minecraft:item",
                    "name": "minecraft:stone_pickaxe",
                    "weight": 4
                },
                {
                    "type": "minecraft:item",
                    "name": "minecraft:stone_axe",
                    "weight": 4
                },
                {
                    "type": "minecraft:item",
                    "name": "minecraft:stone_hoe",
                    "weight": 4
                },
                {
                    "type": "minecraft:item",
                    "name": "minecraft:stone_shovel",
                    "weight": 4
                },
                {
                    "type": "minecraft:item",
                    "name": "minecraft:yellow_stained_glass",
                    "weight": 15
                },
                {
                    "type": "minecraft:item",
                    "name": "minecraft:seagrass",
                    "weight": 15
                },
                {
                    "type": "minecraft:item",
                    "name": "minecraft:smoker",
                    "weight": 15
                },
                {
                    "type": "minecraft:item",
                    "name": "minecraft:light_blue_stained_glass",
                    "weight": 15
                },
                {
                    "type": "minecraft:item",
                    "name": "minecraft:pink_glazed_terracotta",
                    "weight": 15
                }
            ]
        }
    ]
}