{
    "pools": [
        {
            "rolls": {
                "min": 1,
                "max": 5
            },
            "entries": [
                {
                    "type": "minecraft:item",
                    "functions": [
                        {
                            "add": false,
                            "count": {
                                "type": "minecraft:uniform",
                                "max": 2.0,
                                "min": 0.0
                            },
                            "function": "minecraft:set_count"
                        }
                    ],
                    "name": "minecraft:poppy",
                    "weight": 24
                },
                {
                    "type": "minecraft:item",
                    "functions": [
                        {
                            "add": false,
                            "count": {
                                "type": "minecraft:uniform",
                                "max": 5.0,
                                "min": 3.0
                            },
                            "function": "minecraft:set_count"
                        }
                    ],
                    "name": "minecraft:iron_ingot",
                    "weight": 24
                },
                {
                    "type": "minecraft:item",
                    "name": "minecraft:lime_glazed_terracotta",
                    "weight": 48
                },
                {
                    "type": "minecraft:item",
                    "name": "minecraft:raw_gold_block",
                    "weight": 48
                },
                {
                    "type": "minecraft:item",
                    "name": "minecraft:netherite_block",
                    "weight": 48
                },
                {
                    "type": "minecraft:item",
                    "name": "minecraft:granite_wall",
                    "weight": 48
                },
                {
                    "type": "minecraft:item",
                    "name": "minecraft:azalea_leaves",
                    "weight": 16
                },
                {
                    "type": "minecraft:item",
                    "name": "minecraft:azalea",
                    "weight": 16
                },
                {
                    "type": "minecraft:item",
                    "functions": [
                        {
                            "add": false,
                            "count": {
                                "type": "minecraft:uniform",
                                "max": 2.0,
                                "min": 1.0
                            },
                            "function": "minecraft:set_count"
                        },
                        {
                            "function": "minecraft:explosion_decay"
                        }
                    ],
                    "name": "minecraft:stick",
                    "weight": 16
                },
                {
                    "type": "minecraft:item",
                    "functions": [
                        {
                            "function": "minecraft:explosion_decay"
                        }
                    ],
                    "name": "minecraft:yellow_candle",
                    "weight": 48
                },
                {
                    "type": "minecraft:item",
                    "name": "minecraft:chiseled_bookshelf",
                    "weight": 48
                },
                {
                    "type": "minecraft:item",
                    "name": "minecraft:red_glazed_terracotta",
                    "weight": 48
                },
                {
                    "type": "minecraft:item",
                    "name": "minecraft:polished_blackstone_button",
                    "weight": 48
                },
                {
                    "type": "minecraft:item",
                    "name": "minecraft:stripped_oak_log",
                    "weight": 48
                },
                {
                    "type": "minecraft:item",
                    "name": "minecraft:stripped_crimson_hyphae",
                    "weight": 48
                },
                {
                    "type": "minecraft:item",
                    "name": "minecraft:dark_oak_sign",
                    "weight": 48
                },
                {
                    "type": "minecraft:item",
                    "functions": [
                        {
                            "function": "minecraft:explosion_decay"
                        }
                    ],
                    "name": "minecraft:brown_candle",
                    "weight": 48
                },
                {
                    "type": "minecraft:item",
                    "name": "minecraft:cauldron",
                    "weight": 48
                },
                {
                    "type": "minecraft:item",
                    "name": "minecraft:emerald",
                    "weight": 2
                },
                {
                    "type": "minecraft:item",
                    "functions": [
                        {
                            "add": false,
                            "count": {
                                "type": "minecraft:uniform",
                                "max": 3.0,
                                "min": 1.0
                            },
                            "function": "minecraft:set_count"
                        }
                    ],
                    "name": "minecraft:arrow",
                    "weight": 6
                },
                {
                    "type": "minecraft:item",
                    "functions": [
                        {
                            "add": false,
                            "count": {
                                "type": "minecraft:uniform",
                                "max": 3.0,
                                "min": 1.0
                            },
                            "function": "minecraft:set_count"
                        }
                    ],
                    "name": "minecraft:feather",
                    "weight": 12
                },
                {
                    "type": "minecraft:item",
                    "functions": [
                        {
                            "add": false,
                            "count": {
                                "type": "minecraft:uniform",
                                "max": 3.0,
                                "min": 1.0
                            },
                            "function": "minecraft:set_count"
                        }
                    ],
                    "name": "minecraft:egg",
                    "weight": 6
                },
                {
                    "type": "minecraft:item",
                    "functions": [
                        {
                            "add": false,
                            "count": {
                                "type": "minecraft:uniform",
                                "max": 3.0,
                                "min": 1.0
                            },
                            "function": "minecraft:set_count"
                        }
                    ],
                    "name": "minecraft:flint",
                    "weight": 12
                },
                {
                    "type": "minecraft:item",
                    "functions": [
                        {
                            "add": false,
                            "count": {
                                "type": "minecraft:uniform",
                                "max": 3.0,
                                "min": 1.0
                            },
                            "function": "minecraft:set_count"
                        }
                    ],
                    "name": "minecraft:stick",
                    "weight": 12
                },
                {
                    "type": "minecraft:item",
                    "functions": [
                        {
                            "type": "minecraft:shulker_box",
                            "entries": [
                                {
                                    "type": "minecraft:dynamic",
                                    "name": "minecraft:contents"
                                }
                            ],
                            "function": "minecraft:set_contents"
                        }
                    ],
                    "name": "minecraft:purple_shulker_box",
                    "weight": 48
                },
                {
                    "type": "minecraft:item",
                    "name": "minecraft:netherrack",
                    "weight": 48
                },
                {
                    "type": "minecraft:item",
                    "name": "minecraft:black_stained_glass_pane",
                    "weight": 48
                },
                {
                    "type": "minecraft:item",
                    "functions": [
                        {
                            "add": false,
                            "count": {
                                "type": "minecraft:uniform",
                                "max": 3.0,
                                "min": 1.0
                            },
                            "function": "minecraft:set_count"
                        }
                    ],
                    "name": "minecraft:porkchop",
                    "weight": 48
                },
                {
                    "type": "minecraft:item",
                    "name": "minecraft:prismarine",
                    "weight": 48
                }
            ]
        }
    ]
}