{
    "pools": [
        {
            "rolls": {
                "min": 10,
                "max": 50
            },
            "entries": [
                {
                    "type": "minecraft:item",
                    "name": "minecraft:jungle_log",
                    "weight": 14
                },
                {
                    "type": "minecraft:item",
                    "name": "minecraft:flower_pot",
                    "weight": 7
                },
                {
                    "type": "minecraft:item",
                    "name": "minecraft:red_mushroom",
                    "weight": 7
                },
                {
                    "type": "minecraft:item",
                    "name": "minecraft:magenta_bed",
                    "weight": 14
                },
                {
                    "type": "minecraft:item",
                    "name": "minecraft:deepslate_gold_ore",
                    "weight": 7
                },
                {
                    "type": "minecraft:item",
                    "functions": [
                        {
                            "function": "minecraft:explosion_decay"
                        }
                    ],
                    "name": "minecraft:raw_gold",
                    "weight": 7
                },
                {
                    "type": "minecraft:item",
                    "name": "minecraft:flower_pot",
                    "weight": 7
                },
                {
                    "type": "minecraft:item",
                    "name": "minecraft:azure_bluet",
                    "weight": 7
                },
                {
                    "type": "minecraft:item",
                    "name": "minecraft:crimson_stairs",
                    "weight": 14
                },
                {
                    "type": "minecraft:item",
                    "functions": [
                        {
                            "type": "minecraft:shulker_box",
                            "entries": [
                                {
                                    "type": "minecraft:dynamic",
                                    "name": "minecraft:contents"
                                }
                            ],
                            "function": "minecraft:set_contents"
                        }
                    ],
                    "name": "minecraft:green_shulker_box",
                    "weight": 14
                },
                {
                    "type": "minecraft:item",
                    "name": "minecraft:target",
                    "weight": 14
                },
                {
                    "type": "minecraft:item",
                    "functions": [
                        {
                            "add": false,
                            "count": {
                                "type": "minecraft:uniform",
                                "max": 1.0,
                                "min": 0.0
                            },
                            "function": "minecraft:set_count"
                        }
                    ],
                    "name": "minecraft:rotten_flesh",
                    "weight": 5
                },
                {
                    "type": "minecraft:item",
                    "functions": [
                        {
                            "add": false,
                            "count": {
                                "type": "minecraft:uniform",
                                "max": 1.0,
                                "min": 0.0
                            },
                            "function": "minecraft:set_count"
                        }
                    ],
                    "name": "minecraft:gold_nugget",
                    "weight": 5
                },
                {
                    "type": "minecraft:item",
                    "name": "minecraft:gold_ingot",
                    "weight": 5
                }
            ]
        }
    ]
}