{
    "pools": [
        {
            "rolls": {
                "min": 10,
                "max": 50
            },
            "entries": [
                {
                    "type": "minecraft:item",
                    "name": "minecraft:lily_pad",
                    "weight": 19
                },
                {
                    "type": "minecraft:item",
                    "name": "minecraft:mangrove_pressure_plate",
                    "weight": 19
                },
                {
                    "type": "minecraft:item",
                    "functions": [
                        {
                            "add": false,
                            "count": {
                                "type": "minecraft:uniform",
                                "max": 1.0,
                                "min": 0.0
                            },
                            "function": "minecraft:set_count"
                        }
                    ],
                    "name": "minecraft:ghast_tear",
                    "weight": 10
                },
                {
                    "type": "minecraft:item",
                    "functions": [
                        {
                            "add": false,
                            "count": {
                                "type": "minecraft:uniform",
                                "max": 2.0,
                                "min": 0.0
                            },
                            "function": "minecraft:set_count"
                        }
                    ],
                    "name": "minecraft:gunpowder",
                    "weight": 10
                },
                {
                    "type": "minecraft:item",
                    "functions": [
                        {
                            "function": "minecraft:explosion_decay"
                        }
                    ],
                    "name": "minecraft:cobbled_deepslate_slab",
                    "weight": 19
                },
                {
                    "type": "minecraft:item",
                    "functions": [
                        {
                            "function": "minecraft:explosion_decay"
                        }
                    ],
                    "name": "minecraft:red_nether_brick_slab",
                    "weight": 19
                },
                {
                    "type": "minecraft:item",
                    "functions": [
                        {
                            "add": false,
                            "count": {
                                "type": "minecraft:uniform",
                                "max": 1.0,
                                "min": 0.0
                            },
                            "function": "minecraft:set_count"
                        }
                    ],
                    "name": "minecraft:ender_pearl",
                    "weight": 19
                },
                {
                    "type": "minecraft:item",
                    "name": "minecraft:archer_pottery_sherd",
                    "weight": 3
                },
                {
                    "type": "minecraft:item",
                    "name": "minecraft:miner_pottery_sherd",
                    "weight": 3
                },
                {
                    "type": "minecraft:item",
                    "name": "minecraft:prize_pottery_sherd",
                    "weight": 3
                },
                {
                    "type": "minecraft:item",
                    "name": "minecraft:skull_pottery_sherd",
                    "weight": 3
                },
                {
                    "type": "minecraft:item",
                    "name": "minecraft:diamond",
                    "weight": 3
                },
                {
                    "type": "minecraft:item",
                    "name": "minecraft:tnt",
                    "weight": 3
                },
                {
                    "type": "minecraft:item",
                    "name": "minecraft:gunpowder",
                    "weight": 3
                },
                {
                    "type": "minecraft:item",
                    "name": "minecraft:emerald",
                    "weight": 3
                },
                {
                    "type": "minecraft:item",
                    "functions": [
                        {
                            "add": false,
                            "count": {
                                "type": "minecraft:uniform",
                                "max": 1.0,
                                "min": 0.0
                            },
                            "function": "minecraft:set_count"
                        }
                    ],
                    "name": "minecraft:emerald",
                    "weight": 19
                },
                {
                    "type": "minecraft:item",
                    "name": "minecraft:mossy_cobblestone_wall",
                    "weight": 19
                },
                {
                    "type": "minecraft:item",
                    "name": "minecraft:magenta_stained_glass",
                    "weight": 19
                },
                {
                    "type": "minecraft:item",
                    "name": "minecraft:light_weighted_pressure_plate",
                    "weight": 19
                }
            ]
        }
    ]
}