{
    "pools": [
        {
            "rolls": {
                "min": 1,
                "max": 5
            },
            "entries": [
                {
                    "type": "minecraft:item",
                    "name": "minecraft:oak_log",
                    "weight": 128
                },
                {
                    "type": "minecraft:item",
                    "name": "minecraft:cobblestone",
                    "weight": 128
                },
                {
                    "type": "minecraft:item",
                    "name": "minecraft:mangrove_hanging_sign",
                    "weight": 128
                },
                {
                    "type": "minecraft:item",
                    "name": "minecraft:cracked_deepslate_tiles",
                    "weight": 128
                },
                {
                    "type": "minecraft:item",
                    "name": "minecraft:glowstone",
                    "weight": 64
                },
                {
                    "type": "minecraft:item",
                    "functions": [
                        {
                            "add": false,
                            "count": {
                                "type": "minecraft:uniform",
                                "max": 4.0,
                                "min": 2.0
                            },
                            "function": "minecraft:set_count"
                        },
                        {
                            "function": "minecraft:limit_count",
                            "limit": {
                                "max": 4.0,
                                "min": 1.0
                            }
                        },
                        {
                            "function": "minecraft:explosion_decay"
                        }
                    ],
                    "name": "minecraft:glowstone_dust",
                    "weight": 64
                },
                {
                    "type": "minecraft:item",
                    "name": "minecraft:lily_pad",
                    "weight": 128
                },
                {
                    "type": "minecraft:item",
                    "name": "minecraft:green_carpet",
                    "weight": 128
                },
                {
                    "type": "minecraft:item",
                    "name": "minecraft:green_glazed_terracotta",
                    "weight": 128
                },
                {
                    "type": "minecraft:item",
                    "functions": [
                        {
                            "add": false,
                            "count": {
                                "type": "minecraft:uniform",
                                "max": 3.0,
                                "min": 1.0
                            },
                            "function": "minecraft:set_count"
                        }
                    ],
                    "name": "minecraft:diamond",
                    "weight": 4
                },
                {
                    "type": "minecraft:item",
                    "functions": [
                        {
                            "add": false,
                            "count": {
                                "type": "minecraft:uniform",
                                "max": 5.0,
                                "min": 1.0
                            },
                            "function": "minecraft:set_count"
                        }
                    ],
                    "name": "minecraft:iron_ingot",
                    "weight": 16
                },
                {
                    "type": "minecraft:item",
                    "functions": [
                        {
                            "add": false,
                            "count": {
                                "type": "minecraft:uniform",
                                "max": 7.0,
                                "min": 2.0
                            },
                            "function": "minecraft:set_count"
                        }
                    ],
                    "name": "minecraft:gold_ingot",
                    "weight": 21
                },
                {
                    "type": "minecraft:item",
                    "functions": [
                        {
                            "add": false,
                            "count": {
                                "type": "minecraft:uniform",
                                "max": 3.0,
                                "min": 1.0
                            },
                            "function": "minecraft:set_count"
                        }
                    ],
                    "name": "minecraft:bamboo",
                    "weight": 21
                },
                {
                    "type": "minecraft:item",
                    "functions": [
                        {
                            "add": false,
                            "count": {
                                "type": "minecraft:uniform",
                                "max": 3.0,
                                "min": 1.0
                            },
                            "function": "minecraft:set_count"
                        }
                    ],
                    "name": "minecraft:emerald",
                    "weight": 3
                },
                {
                    "type": "minecraft:item",
                    "functions": [
                        {
                            "add": false,
                            "count": {
                                "type": "minecraft:uniform",
                                "max": 6.0,
                                "min": 4.0
                            },
                            "function": "minecraft:set_count"
                        }
                    ],
                    "name": "minecraft:bone",
                    "weight": 29
                },
                {
                    "type": "minecraft:item",
                    "functions": [
                        {
                            "add": false,
                            "count": {
                                "type": "minecraft:uniform",
                                "max": 7.0,
                                "min": 3.0
                            },
                            "function": "minecraft:set_count"
                        }
                    ],
                    "name": "minecraft:rotten_flesh",
                    "weight": 24
                },
                {
                    "type": "minecraft:item",
                    "name": "minecraft:saddle",
                    "weight": 4
                },
                {
                    "type": "minecraft:item",
                    "name": "minecraft:iron_horse_armor",
                    "weight": 2
                },
                {
                    "type": "minecraft:item",
                    "name": "minecraft:golden_horse_armor",
                    "weight": 2
                },
                {
                    "type": "minecraft:item",
                    "name": "minecraft:diamond_horse_armor",
                    "weight": 2
                },
                {
                    "type": "minecraft:item",
                    "functions": [
                        {
                            "function": "minecraft:enchant_with_levels",
                            "levels": 30.0,
                            "treasure": true
                        }
                    ],
                    "name": "minecraft:book",
                    "weight": 2
                },
                {
                    "type": "minecraft:empty",
                    "weight": 3
                },
                {
                    "type": "minecraft:item",
                    "functions": [
                        {
                            "add": false,
                            "count": 2.0,
                            "function": "minecraft:set_count"
                        }
                    ],
                    "name": "minecraft:wild_armor_trim_smithing_template",
                    "weight": 2
                },
                {
                    "type": "minecraft:item",
                    "functions": [
                        {
                            "effects": [
                                {
                                    "type": "minecraft:night_vision",
                                    "duration": {
                                        "type": "minecraft:uniform",
                                        "max": 10.0,
                                        "min": 7.0
                                    }
                                },
                                {
                                    "type": "minecraft:blindness",
                                    "duration": {
                                        "type": "minecraft:uniform",
                                        "max": 7.0,
                                        "min": 5.0
                                    }
                                }
                            ],
                            "function": "minecraft:set_stew_effect"
                        },
                        {
                            "add": false,
                            "count": {
                                "type": "minecraft:uniform",
                                "max": 6.0,
                                "min": 2.0
                            },
                            "function": "minecraft:set_count"
                        }
                    ],
                    "name": "minecraft:suspicious_stew",
                    "weight": 15
                },
                {
                    "type": "minecraft:item",
                    "functions": [
                        {
                            "add": false,
                            "count": {
                                "type": "minecraft:uniform",
                                "max": 10.0,
                                "min": 1.0
                            },
                            "function": "minecraft:set_count"
                        }
                    ],
                    "name": "minecraft:golden_carrot",
                    "weight": 15
                },
                {
                    "type": "minecraft:item",
                    "functions": [
                        {
                            "add": false,
                            "count": {
                                "type": "minecraft:uniform",
                                "max": 10.0,
                                "min": 1.0
                            },
                            "function": "minecraft:set_count"
                        }
                    ],
                    "name": "minecraft:baked_potato",
                    "weight": 15
                },
                {
                    "type": "minecraft:item",
                    "functions": [
                        {
                            "add": false,
                            "count": {
                                "type": "minecraft:uniform",
                                "max": 6.0,
                                "min": 2.0
                            },
                            "function": "minecraft:set_count"
                        }
                    ],
                    "name": "minecraft:packed_ice",
                    "weight": 29
                },
                {
                    "type": "minecraft:item",
                    "functions": [
                        {
                            "add": false,
                            "count": {
                                "type": "minecraft:uniform",
                                "max": 6.0,
                                "min": 2.0
                            },
                            "function": "minecraft:set_count"
                        }
                    ],
                    "name": "minecraft:snowball",
                    "weight": 57
                },
                {
                    "type": "minecraft:item",
                    "name": "minecraft:gold_ore",
                    "weight": 64
                },
                {
                    "type": "minecraft:item",
                    "functions": [
                        {
                            "function": "minecraft:explosion_decay"
                        }
                    ],
                    "name": "minecraft:raw_gold",
                    "weight": 64
                },
                {
                    "type": "minecraft:item",
                    "functions": [
                        {
                            "function": "minecraft:explosion_decay"
                        }
                    ],
                    "name": "minecraft:red_candle",
                    "weight": 128
                },
                {
                    "type": "minecraft:item",
                    "name": "minecraft:large_amethyst_bud",
                    "weight": 128
                },
                {
                    "type": "minecraft:item",
                    "name": "minecraft:pink_wool",
                    "weight": 64
                },
                {
                    "type": "minecraft:item",
                    "functions": [
                        {
                            "add": false,
                            "count": {
                                "type": "minecraft:uniform",
                                "max": 2.0,
                                "min": 1.0
                            },
                            "function": "minecraft:set_count"
                        }
                    ],
                    "name": "minecraft:mutton",
                    "weight": 64
                },
                {
                    "type": "minecraft:item",
                    "functions": [
                        {
                            "add": false,
                            "count": {
                                "type": "minecraft:uniform",
                                "max": 2.0,
                                "min": 0.0
                            },
                            "function": "minecraft:set_count"
                        }
                    ],
                    "name": "minecraft:leather",
                    "weight": 128
                },
                {
                    "type": "minecraft:item",
                    "name": "minecraft:gold_block",
                    "weight": 128
                },
                {
                    "type": "minecraft:item",
                    "name": "minecraft:cyan_concrete_powder",
                    "weight": 128
                },
                {
                    "type": "minecraft:item",
                    "name": "minecraft:bone_block",
                    "weight": 128
                },
                {
                    "type": "minecraft:item",
                    "name": "minecraft:deepslate_brick_stairs",
                    "weight": 128
                },
                {
                    "type": "minecraft:item",
                    "name": "minecraft:jungle_trapdoor",
                    "weight": 128
                },
                {
                    "type": "minecraft:item",
                    "functions": [
                        {
                            "function": "minecraft:explosion_decay"
                        }
                    ],
                    "name": "minecraft:pink_petals",
                    "weight": 128
                },
                {
                    "type": "minecraft:item",
                    "name": "minecraft:oak_wood",
                    "weight": 128
                }
            ]
        }
    ]
}