{
    "pools": [
        {
            "rolls": {
                "min": 10,
                "max": 50
            },
            "entries": [
                {
                    "type": "minecraft:item",
                    "functions": [
                        {
                            "add": false,
                            "count": {
                                "type": "minecraft:uniform",
                                "max": 3.0,
                                "min": 1.0
                            },
                            "function": "minecraft:set_count"
                        }
                    ],
                    "name": "minecraft:ink_sac",
                    "weight": 14
                },
                {
                    "type": "minecraft:item",
                    "name": "minecraft:stripped_oak_wood",
                    "weight": 14
                },
                {
                    "type": "minecraft:item",
                    "name": "minecraft:slime_block",
                    "weight": 14
                },
                {
                    "type": "minecraft:item",
                    "name": "minecraft:orange_stained_glass_pane",
                    "weight": 14
                },
                {
                    "type": "minecraft:item",
                    "name": "minecraft:copper_block",
                    "weight": 14
                },
                {
                    "type": "minecraft:item",
                    "name": "minecraft:orange_wool",
                    "weight": 7
                },
                {
                    "type": "minecraft:item",
                    "functions": [
                        {
                            "add": false,
                            "count": {
                                "type": "minecraft:uniform",
                                "max": 2.0,
                                "min": 1.0
                            },
                            "function": "minecraft:set_count"
                        }
                    ],
                    "name": "minecraft:mutton",
                    "weight": 7
                },
                {
                    "type": "minecraft:item",
                    "functions": [
                        {
                            "add": false,
                            "count": {
                                "type": "minecraft:uniform",
                                "max": 1.0,
                                "min": 0.0
                            },
                            "function": "minecraft:set_count"
                        },
                        {
                            "function": "minecraft:explosion_decay"
                        }
                    ],
                    "name": "minecraft:chorus_fruit",
                    "weight": 14
                },
                {
                    "type": "minecraft:item",
                    "name": "minecraft:polished_deepslate",
                    "weight": 14
                },
                {
                    "type": "minecraft:item",
                    "name": "minecraft:polished_blackstone_stairs",
                    "weight": 14
                },
                {
                    "type": "minecraft:item",
                    "name": "minecraft:light_gray_bed",
                    "weight": 14
                },
                {
                    "type": "minecraft:item",
                    "name": "minecraft:poppy",
                    "weight": 14
                }
            ]
        }
    ]
}