{
    "pools": [
        {
            "rolls": {
                "min": 1,
                "max": 5
            },
            "entries": [
                {
                    "type": "minecraft:item",
                    "name": "minecraft:bamboo_sign",
                    "weight": 400
                },
                {
                    "type": "minecraft:item",
                    "name": "minecraft:dragon_egg",
                    "weight": 400
                },
                {
                    "type": "minecraft:item",
                    "name": "minecraft:warped_roots",
                    "weight": 400
                },
                {
                    "type": "minecraft:item",
                    "name": "minecraft:purple_terracotta",
                    "weight": 400
                },
                {
                    "type": "minecraft:item",
                    "name": "minecraft:crossbow",
                    "weight": 8
                },
                {
                    "type": "minecraft:item",
                    "functions": [
                        {
                            "add": false,
                            "count": {
                                "type": "minecraft:uniform",
                                "max": 5.0,
                                "min": 3.0
                            },
                            "function": "minecraft:set_count"
                        }
                    ],
                    "name": "minecraft:wheat",
                    "weight": 52
                },
                {
                    "type": "minecraft:item",
                    "functions": [
                        {
                            "add": false,
                            "count": {
                                "type": "minecraft:uniform",
                                "max": 5.0,
                                "min": 2.0
                            },
                            "function": "minecraft:set_count"
                        }
                    ],
                    "name": "minecraft:potato",
                    "weight": 44
                },
                {
                    "type": "minecraft:item",
                    "functions": [
                        {
                            "add": false,
                            "count": {
                                "type": "minecraft:uniform",
                                "max": 5.0,
                                "min": 3.0
                            },
                            "function": "minecraft:set_count"
                        }
                    ],
                    "name": "minecraft:carrot",
                    "weight": 44
                },
                {
                    "type": "minecraft:item",
                    "functions": [
                        {
                            "add": false,
                            "count": {
                                "type": "minecraft:uniform",
                                "max": 3.0,
                                "min": 2.0
                            },
                            "function": "minecraft:set_count"
                        }
                    ],
                    "name": "minecraft:dark_oak_log",
                    "weight": 8
                },
                {
                    "type": "minecraft:item",
                    "name": "minecraft:experience_bottle",
                    "weight": 52
                },
                {
                    "type": "minecraft:item",
                    "functions": [
                        {
                            "add": false,
                            "count": {
                                "type": "minecraft:uniform",
                                "max": 6.0,
                                "min": 1.0
                            },
                            "function": "minecraft:set_count"
                        }
                    ],
                    "name": "minecraft:string",
                    "weight": 36
                },
                {
                    "type": "minecraft:item",
                    "functions": [
                        {
                            "add": false,
                            "count": {
                                "type": "minecraft:uniform",
                                "max": 7.0,
                                "min": 2.0
                            },
                            "function": "minecraft:set_count"
                        }
                    ],
                    "name": "minecraft:arrow",
                    "weight": 36
                },
                {
                    "type": "minecraft:item",
                    "functions": [
                        {
                            "add": false,
                            "count": {
                                "type": "minecraft:uniform",
                                "max": 3.0,
                                "min": 1.0
                            },
                            "function": "minecraft:set_count"
                        }
                    ],
                    "name": "minecraft:tripwire_hook",
                    "weight": 32
                },
                {
                    "type": "minecraft:item",
                    "functions": [
                        {
                            "add": false,
                            "count": {
                                "type": "minecraft:uniform",
                                "max": 3.0,
                                "min": 1.0
                            },
                            "function": "minecraft:set_count"
                        }
                    ],
                    "name": "minecraft:iron_ingot",
                    "weight": 32
                },
                {
                    "type": "minecraft:item",
                    "functions": [
                        {
                            "function": "minecraft:enchant_randomly"
                        }
                    ],
                    "name": "minecraft:book",
                    "weight": 8
                },
                {
                    "type": "minecraft:item",
                    "name": "minecraft:goat_horn",
                    "weight": 8
                },
                {
                    "type": "minecraft:empty",
                    "weight": 32
                },
                {
                    "type": "minecraft:item",
                    "functions": [
                        {
                            "add": false,
                            "count": 2.0,
                            "function": "minecraft:set_count"
                        }
                    ],
                    "name": "minecraft:sentry_armor_trim_smithing_template",
                    "weight": 8
                },
                {
                    "type": "minecraft:item",
                    "name": "minecraft:gray_wool",
                    "weight": 200
                },
                {
                    "type": "minecraft:item",
                    "functions": [
                        {
                            "add": false,
                            "count": {
                                "type": "minecraft:uniform",
                                "max": 2.0,
                                "min": 1.0
                            },
                            "function": "minecraft:set_count"
                        }
                    ],
                    "name": "minecraft:mutton",
                    "weight": 200
                },
                {
                    "type": "minecraft:item",
                    "name": "minecraft:lead",
                    "weight": 29
                },
                {
                    "type": "minecraft:item",
                    "name": "minecraft:golden_apple",
                    "weight": 20
                },
                {
                    "type": "minecraft:item",
                    "name": "minecraft:enchanted_golden_apple",
                    "weight": 4
                },
                {
                    "type": "minecraft:item",
                    "name": "minecraft:music_disc_13",
                    "weight": 20
                },
                {
                    "type": "minecraft:item",
                    "name": "minecraft:music_disc_cat",
                    "weight": 20
                },
                {
                    "type": "minecraft:item",
                    "name": "minecraft:name_tag",
                    "weight": 29
                },
                {
                    "type": "minecraft:item",
                    "name": "minecraft:chainmail_chestplate",
                    "weight": 12
                },
                {
                    "type": "minecraft:item",
                    "name": "minecraft:diamond_hoe",
                    "weight": 20
                },
                {
                    "type": "minecraft:item",
                    "name": "minecraft:diamond_chestplate",
                    "weight": 8
                },
                {
                    "type": "minecraft:item",
                    "functions": [
                        {
                            "function": "minecraft:enchant_randomly"
                        }
                    ],
                    "name": "minecraft:book",
                    "weight": 12
                },
                {
                    "type": "minecraft:item",
                    "functions": [
                        {
                            "add": false,
                            "count": {
                                "type": "minecraft:uniform",
                                "max": 4.0,
                                "min": 1.0
                            },
                            "function": "minecraft:set_count"
                        }
                    ],
                    "name": "minecraft:iron_ingot",
                    "weight": 12
                },
                {
                    "type": "minecraft:item",
                    "functions": [
                        {
                            "add": false,
                            "count": {
                                "type": "minecraft:uniform",
                                "max": 4.0,
                                "min": 1.0
                            },
                            "function": "minecraft:set_count"
                        }
                    ],
                    "name": "minecraft:gold_ingot",
                    "weight": 8
                },
                {
                    "type": "minecraft:item",
                    "name": "minecraft:bread",
                    "weight": 29
                },
                {
                    "type": "minecraft:item",
                    "functions": [
                        {
                            "add": false,
                            "count": {
                                "type": "minecraft:uniform",
                                "max": 4.0,
                                "min": 1.0
                            },
                            "function": "minecraft:set_count"
                        }
                    ],
                    "name": "minecraft:wheat",
                    "weight": 29
                },
                {
                    "type": "minecraft:item",
                    "name": "minecraft:bucket",
                    "weight": 12
                },
                {
                    "type": "minecraft:item",
                    "functions": [
                        {
                            "add": false,
                            "count": {
                                "type": "minecraft:uniform",
                                "max": 4.0,
                                "min": 1.0
                            },
                            "function": "minecraft:set_count"
                        }
                    ],
                    "name": "minecraft:redstone",
                    "weight": 20
                },
                {
                    "type": "minecraft:item",
                    "functions": [
                        {
                            "add": false,
                            "count": {
                                "type": "minecraft:uniform",
                                "max": 4.0,
                                "min": 1.0
                            },
                            "function": "minecraft:set_count"
                        }
                    ],
                    "name": "minecraft:coal",
                    "weight": 20
                },
                {
                    "type": "minecraft:item",
                    "functions": [
                        {
                            "add": false,
                            "count": {
                                "type": "minecraft:uniform",
                                "max": 4.0,
                                "min": 2.0
                            },
                            "function": "minecraft:set_count"
                        }
                    ],
                    "name": "minecraft:melon_seeds",
                    "weight": 12
                },
                {
                    "type": "minecraft:item",
                    "functions": [
                        {
                            "add": false,
                            "count": {
                                "type": "minecraft:uniform",
                                "max": 4.0,
                                "min": 2.0
                            },
                            "function": "minecraft:set_count"
                        }
                    ],
                    "name": "minecraft:pumpkin_seeds",
                    "weight": 12
                },
                {
                    "type": "minecraft:item",
                    "functions": [
                        {
                            "add": false,
                            "count": {
                                "type": "minecraft:uniform",
                                "max": 4.0,
                                "min": 2.0
                            },
                            "function": "minecraft:set_count"
                        }
                    ],
                    "name": "minecraft:beetroot_seeds",
                    "weight": 12
                },
                {
                    "type": "minecraft:item",
                    "functions": [
                        {
                            "add": false,
                            "count": {
                                "type": "minecraft:uniform",
                                "max": 8.0,
                                "min": 1.0
                            },
                            "function": "minecraft:set_count"
                        }
                    ],
                    "name": "minecraft:bone",
                    "weight": 12
                },
                {
                    "type": "minecraft:item",
                    "functions": [
                        {
                            "add": false,
                            "count": {
                                "type": "minecraft:uniform",
                                "max": 8.0,
                                "min": 1.0
                            },
                            "function": "minecraft:set_count"
                        }
                    ],
                    "name": "minecraft:gunpowder",
                    "weight": 12
                },
                {
                    "type": "minecraft:item",
                    "functions": [
                        {
                            "add": false,
                            "count": {
                                "type": "minecraft:uniform",
                                "max": 8.0,
                                "min": 1.0
                            },
                            "function": "minecraft:set_count"
                        }
                    ],
                    "name": "minecraft:rotten_flesh",
                    "weight": 12
                },
                {
                    "type": "minecraft:item",
                    "functions": [
                        {
                            "add": false,
                            "count": {
                                "type": "minecraft:uniform",
                                "max": 8.0,
                                "min": 1.0
                            },
                            "function": "minecraft:set_count"
                        }
                    ],
                    "name": "minecraft:string",
                    "weight": 12
                },
                {
                    "type": "minecraft:empty",
                    "weight": 0
                },
                {
                    "type": "minecraft:item",
                    "name": "minecraft:vex_armor_trim_smithing_template",
                    "weight": 0
                },
                {
                    "type": "minecraft:item",
                    "name": "minecraft:polished_diorite",
                    "weight": 400
                },
                {
                    "type": "minecraft:item",
                    "name": "minecraft:clay",
                    "weight": 400
                },
                {
                    "type": "minecraft:item",
                    "functions": [
                        {
                            "add": false,
                            "count": {
                                "type": "minecraft:uniform",
                                "max": 3.0,
                                "min": 1.0
                            },
                            "function": "minecraft:set_count"
                        }
                    ],
                    "name": "minecraft:clay_ball",
                    "weight": 44
                },
                {
                    "type": "minecraft:item",
                    "name": "minecraft:flower_pot",
                    "weight": 44
                },
                {
                    "type": "minecraft:item",
                    "name": "minecraft:stone",
                    "weight": 44
                },
                {
                    "type": "minecraft:item",
                    "name": "minecraft:stone_bricks",
                    "weight": 44
                },
                {
                    "type": "minecraft:item",
                    "functions": [
                        {
                            "add": false,
                            "count": {
                                "type": "minecraft:uniform",
                                "max": 4.0,
                                "min": 1.0
                            },
                            "function": "minecraft:set_count"
                        }
                    ],
                    "name": "minecraft:bread",
                    "weight": 104
                },
                {
                    "type": "minecraft:item",
                    "name": "minecraft:yellow_dye",
                    "weight": 44
                },
                {
                    "type": "minecraft:item",
                    "name": "minecraft:smooth_stone",
                    "weight": 44
                },
                {
                    "type": "minecraft:item",
                    "name": "minecraft:emerald",
                    "weight": 44
                },
                {
                    "type": "minecraft:item",
                    "name": "minecraft:magenta_carpet",
                    "weight": 400
                },
                {
                    "type": "minecraft:item",
                    "functions": [
                        {
                            "function": "minecraft:explosion_decay"
                        }
                    ],
                    "name": "minecraft:birch_slab",
                    "weight": 400
                },
                {
                    "type": "minecraft:item",
                    "name": "minecraft:deepslate_tile_stairs",
                    "weight": 400
                },
                {
                    "type": "minecraft:item",
                    "name": "minecraft:cyan_stained_glass",
                    "weight": 400
                },
                {
                    "type": "minecraft:item",
                    "name": "minecraft:mangrove_trapdoor",
                    "weight": 400
                },
                {
                    "type": "minecraft:item",
                    "name": "minecraft:mossy_stone_bricks",
                    "weight": 400
                },
                {
                    "type": "minecraft:item",
                    "name": "minecraft:ancient_debris",
                    "weight": 400
                },
                {
                    "type": "minecraft:item",
                    "name": "minecraft:red_sandstone",
                    "weight": 400
                },
                {
                    "type": "minecraft:item",
                    "name": "minecraft:white_stained_glass_pane",
                    "weight": 400
                },
                {
                    "type": "minecraft:item",
                    "name": "minecraft:grindstone",
                    "weight": 400
                },
                {
                    "type": "minecraft:item",
                    "name": "minecraft:blade_pottery_sherd",
                    "weight": 40
                },
                {
                    "type": "minecraft:item",
                    "name": "minecraft:explorer_pottery_sherd",
                    "weight": 40
                },
                {
                    "type": "minecraft:item",
                    "name": "minecraft:mourner_pottery_sherd",
                    "weight": 40
                },
                {
                    "type": "minecraft:item",
                    "name": "minecraft:plenty_pottery_sherd",
                    "weight": 40
                },
                {
                    "type": "minecraft:item",
                    "name": "minecraft:iron_axe",
                    "weight": 40
                },
                {
                    "type": "minecraft:item",
                    "name": "minecraft:emerald",
                    "weight": 40
                },
                {
                    "type": "minecraft:item",
                    "name": "minecraft:wheat",
                    "weight": 40
                },
                {
                    "type": "minecraft:item",
                    "name": "minecraft:wooden_hoe",
                    "weight": 40
                },
                {
                    "type": "minecraft:item",
                    "name": "minecraft:coal",
                    "weight": 40
                },
                {
                    "type": "minecraft:item",
                    "name": "minecraft:gold_nugget",
                    "weight": 40
                }
            ]
        }
    ]
}