{
    "pools": [
        {
            "rolls": {
                "min": 10,
                "max": 50
            },
            "entries": [
                {
                    "type": "minecraft:item",
                    "name": "minecraft:birch_sapling",
                    "weight": 11
                },
                {
                    "type": "minecraft:item",
                    "name": "minecraft:cracked_polished_blackstone_bricks",
                    "weight": 11
                },
                {
                    "type": "minecraft:item",
                    "name": "minecraft:flower_pot",
                    "weight": 6
                },
                {
                    "type": "minecraft:item",
                    "name": "minecraft:torchflower",
                    "weight": 6
                },
                {
                    "type": "minecraft:item",
                    "name": "minecraft:glow_berries",
                    "weight": 11
                },
                {
                    "type": "minecraft:item",
                    "name": "minecraft:waxed_weathered_copper",
                    "weight": 11
                },
                {
                    "type": "minecraft:item",
                    "name": "minecraft:stripped_cherry_log",
                    "weight": 11
                },
                {
                    "type": "minecraft:item",
                    "name": "minecraft:spruce_fence",
                    "weight": 11
                },
                {
                    "type": "minecraft:item",
                    "name": "minecraft:light_gray_carpet",
                    "weight": 11
                },
                {
                    "type": "minecraft:item",
                    "name": "minecraft:oak_wood",
                    "weight": 11
                },
                {
                    "type": "minecraft:item",
                    "name": "minecraft:magenta_candle",
                    "weight": 11
                }
            ]
        }
    ]
}