{
    "pools": [
        {
            "rolls": {
                "min": 10,
                "max": 50
            },
            "entries": [
                {
                    "type": "minecraft:item",
                    "name": "minecraft:acacia_log",
                    "weight": 15
                },
                {
                    "type": "minecraft:item",
                    "name": "minecraft:dragon_egg",
                    "weight": 15
                },
                {
                    "type": "minecraft:item",
                    "name": "minecraft:mangrove_roots",
                    "weight": 15
                },
                {
                    "type": "minecraft:item",
                    "name": "minecraft:spruce_leaves",
                    "weight": 5
                },
                {
                    "type": "minecraft:item",
                    "name": "minecraft:spruce_sapling",
                    "weight": 5
                },
                {
                    "type": "minecraft:item",
                    "functions": [
                        {
                            "add": false,
                            "count": {
                                "type": "minecraft:uniform",
                                "max": 2.0,
                                "min": 1.0
                            },
                            "function": "minecraft:set_count"
                        },
                        {
                            "function": "minecraft:explosion_decay"
                        }
                    ],
                    "name": "minecraft:stick",
                    "weight": 5
                },
                {
                    "type": "minecraft:item",
                    "name": "minecraft:white_carpet",
                    "weight": 15
                },
                {
                    "type": "minecraft:item",
                    "name": "minecraft:barrel",
                    "weight": 15
                },
                {
                    "type": "minecraft:item",
                    "name": "minecraft:cherry_fence_gate",
                    "weight": 15
                },
                {
                    "type": "minecraft:item",
                    "name": "minecraft:crimson_pressure_plate",
                    "weight": 15
                },
                {
                    "type": "minecraft:item",
                    "name": "minecraft:twisting_vines",
                    "weight": 8
                },
                {
                    "type": "minecraft:item",
                    "name": "minecraft:twisting_vines",
                    "weight": 8
                },
                {
                    "type": "minecraft:item",
                    "functions": [
                        {
                            "add": false,
                            "count": {
                                "type": "minecraft:uniform",
                                "max": 2.0,
                                "min": 0.0
                            },
                            "function": "minecraft:set_count"
                        }
                    ],
                    "name": "minecraft:leather",
                    "weight": 8
                },
                {
                    "type": "minecraft:item",
                    "functions": [
                        {
                            "add": false,
                            "count": {
                                "type": "minecraft:uniform",
                                "max": 3.0,
                                "min": 1.0
                            },
                            "function": "minecraft:set_count"
                        }
                    ],
                    "name": "minecraft:beef",
                    "weight": 8
                },
                {
                    "type": "minecraft:item",
                    "name": "minecraft:powered_rail",
                    "weight": 15
                }
            ]
        }
    ]
}