{
    "pools": [
        {
            "rolls": {
                "min": 1,
                "max": 5
            },
            "entries": [
                {
                    "type": "minecraft:item",
                    "functions": [
                        {
                            "function": "minecraft:explosion_decay"
                        }
                    ],
                    "name": "minecraft:gray_candle",
                    "weight": 38
                },
                {
                    "type": "minecraft:item",
                    "name": "minecraft:spruce_pressure_plate",
                    "weight": 38
                },
                {
                    "type": "minecraft:item",
                    "name": "minecraft:warped_stairs",
                    "weight": 38
                },
                {
                    "type": "minecraft:item",
                    "name": "minecraft:jungle_pressure_plate",
                    "weight": 38
                },
                {
                    "type": "minecraft:item",
                    "name": "minecraft:flower_pot",
                    "weight": 19
                },
                {
                    "type": "minecraft:item",
                    "name": "minecraft:birch_sapling",
                    "weight": 19
                },
                {
                    "type": "minecraft:item",
                    "name": "minecraft:flower_pot",
                    "weight": 19
                },
                {
                    "type": "minecraft:item",
                    "name": "minecraft:crimson_fungus",
                    "weight": 19
                },
                {
                    "type": "minecraft:item",
                    "name": "minecraft:stonecutter",
                    "weight": 38
                },
                {
                    "type": "minecraft:item",
                    "name": "minecraft:brown_mushroom_block",
                    "weight": 19
                },
                {
                    "type": "minecraft:item",
                    "functions": [
                        {
                            "add": false,
                            "count": {
                                "type": "minecraft:uniform",
                                "max": 2.0,
                                "min": -6.0
                            },
                            "function": "minecraft:set_count"
                        },
                        {
                            "function": "minecraft:limit_count",
                            "limit": {
                                "min": 0.0
                            }
                        },
                        {
                            "function": "minecraft:explosion_decay"
                        }
                    ],
                    "name": "minecraft:brown_mushroom",
                    "weight": 19
                },
                {
                    "type": "minecraft:item",
                    "functions": [
                        {
                            "function": "minecraft:explosion_decay"
                        }
                    ],
                    "name": "minecraft:cherry_slab",
                    "weight": 38
                },
                {
                    "type": "minecraft:item",
                    "name": "minecraft:cactus",
                    "weight": 38
                },
                {
                    "type": "minecraft:item",
                    "name": "minecraft:dark_oak_planks",
                    "weight": 38
                },
                {
                    "type": "minecraft:item",
                    "name": "minecraft:chainmail_helmet",
                    "weight": 10
                },
                {
                    "type": "minecraft:item",
                    "name": "minecraft:chainmail_chestplate",
                    "weight": 10
                },
                {
                    "type": "minecraft:item",
                    "name": "minecraft:chainmail_leggings",
                    "weight": 10
                },
                {
                    "type": "minecraft:item",
                    "name": "minecraft:chainmail_boots",
                    "weight": 10
                },
                {
                    "type": "minecraft:item",
                    "functions": [
                        {
                            "add": false,
                            "count": {
                                "type": "minecraft:uniform",
                                "max": 3.0,
                                "min": 1.0
                            },
                            "function": "minecraft:set_count"
                        }
                    ],
                    "name": "minecraft:iron_ingot",
                    "weight": 10
                },
                {
                    "type": "minecraft:item",
                    "functions": [
                        {
                            "add": false,
                            "count": {
                                "type": "minecraft:uniform",
                                "max": 4.0,
                                "min": 1.0
                            },
                            "function": "minecraft:set_count"
                        }
                    ],
                    "name": "minecraft:bread",
                    "weight": 19
                },
                {
                    "type": "minecraft:item",
                    "name": "minecraft:iron_helmet",
                    "weight": 5
                },
                {
                    "type": "minecraft:item",
                    "name": "minecraft:emerald",
                    "weight": 5
                },
                {
                    "type": "minecraft:item",
                    "name": "minecraft:green_wool",
                    "weight": 38
                },
                {
                    "type": "minecraft:item",
                    "name": "minecraft:gray_glazed_terracotta",
                    "weight": 38
                },
                {
                    "type": "minecraft:item",
                    "name": "minecraft:acacia_trapdoor",
                    "weight": 38
                },
                {
                    "type": "minecraft:item",
                    "name": "minecraft:beetroot",
                    "weight": 13
                },
                {
                    "type": "minecraft:item",
                    "name": "minecraft:beetroot_seeds",
                    "weight": 13
                },
                {
                    "type": "minecraft:item",
                    "name": "minecraft:beetroot_seeds",
                    "weight": 13
                },
                {
                    "type": "minecraft:item",
                    "name": "minecraft:white_tulip",
                    "weight": 38
                },
                {
                    "type": "minecraft:item",
                    "name": "minecraft:flower_pot",
                    "weight": 19
                },
                {
                    "type": "minecraft:item",
                    "name": "minecraft:allium",
                    "weight": 19
                },
                {
                    "type": "minecraft:item",
                    "name": "minecraft:dark_prismarine",
                    "weight": 38
                },
                {
                    "type": "minecraft:item",
                    "name": "minecraft:lantern",
                    "weight": 38
                },
                {
                    "type": "minecraft:item",
                    "name": "minecraft:magenta_wool",
                    "weight": 38
                }
            ]
        }
    ]
}