{
    "pools": [
        {
            "rolls": {
                "min": 10,
                "max": 50
            },
            "entries": [
                {
                    "type": "minecraft:item",
                    "name": "minecraft:end_stone",
                    "weight": 11
                },
                {
                    "type": "minecraft:item",
                    "name": "minecraft:clay",
                    "weight": 11
                },
                {
                    "type": "minecraft:item",
                    "name": "minecraft:peony",
                    "weight": 11
                },
                {
                    "type": "minecraft:item",
                    "name": "minecraft:orange_bed",
                    "weight": 11
                },
                {
                    "type": "minecraft:item",
                    "name": "minecraft:pumpkin",
                    "weight": 11
                },
                {
                    "type": "minecraft:item",
                    "name": "minecraft:soul_torch",
                    "weight": 11
                },
                {
                    "type": "minecraft:item",
                    "functions": [
                        {
                            "function": "minecraft:explosion_decay"
                        }
                    ],
                    "name": "minecraft:deepslate_tile_slab",
                    "weight": 11
                },
                {
                    "type": "minecraft:item",
                    "functions": [
                        {
                            "function": "minecraft:explosion_decay"
                        }
                    ],
                    "name": "minecraft:cut_sandstone_slab",
                    "weight": 11
                },
                {
                    "type": "minecraft:item",
                    "name": "minecraft:magenta_wool",
                    "weight": 11
                },
                {
                    "type": "minecraft:item",
                    "name": "minecraft:cyan_stained_glass",
                    "weight": 11
                },
                {
                    "type": "minecraft:item",
                    "name": "minecraft:exposed_cut_copper",
                    "weight": 11
                }
            ]
        }
    ]
}