{
    "pools": [
        {
            "rolls": {
                "min": 1,
                "max": 5
            },
            "entries": [
                {
                    "type": "minecraft:item",
                    "name": "minecraft:dark_prismarine_stairs",
                    "weight": 28
                },
                {
                    "type": "minecraft:item",
                    "name": "minecraft:dead_bubble_coral",
                    "weight": 28
                },
                {
                    "type": "minecraft:dynamic",
                    "name": "minecraft:sherds",
                    "weight": 14
                },
                {
                    "type": "minecraft:item",
                    "name": "minecraft:decorated_pot",
                    "weight": 14
                },
                {
                    "type": "minecraft:item",
                    "name": "minecraft:red_concrete",
                    "weight": 28
                },
                {
                    "type": "minecraft:item",
                    "name": "minecraft:copper_ore",
                    "weight": 14
                },
                {
                    "type": "minecraft:item",
                    "functions": [
                        {
                            "add": false,
                            "count": {
                                "type": "minecraft:uniform",
                                "max": 5.0,
                                "min": 2.0
                            },
                            "function": "minecraft:set_count"
                        },
                        {
                            "function": "minecraft:explosion_decay"
                        }
                    ],
                    "name": "minecraft:raw_copper",
                    "weight": 14
                },
                {
                    "type": "minecraft:item",
                    "name": "minecraft:stone_brick_wall",
                    "weight": 28
                },
                {
                    "type": "minecraft:item",
                    "name": "minecraft:brown_mushroom",
                    "weight": 28
                },
                {
                    "type": "minecraft:item",
                    "name": "minecraft:pink_stained_glass",
                    "weight": 28
                },
                {
                    "type": "minecraft:item",
                    "name": "minecraft:stripped_bamboo_block",
                    "weight": 28
                },
                {
                    "type": "minecraft:item",
                    "name": "minecraft:light_gray_concrete",
                    "weight": 28
                },
                {
                    "type": "minecraft:item",
                    "name": "minecraft:spruce_door",
                    "weight": 28
                },
                {
                    "type": "minecraft:item",
                    "name": "minecraft:prismarine_wall",
                    "weight": 28
                },
                {
                    "type": "minecraft:item",
                    "name": "minecraft:flowering_azalea_leaves",
                    "weight": 10
                },
                {
                    "type": "minecraft:item",
                    "name": "minecraft:flowering_azalea",
                    "weight": 10
                },
                {
                    "type": "minecraft:item",
                    "functions": [
                        {
                            "add": false,
                            "count": {
                                "type": "minecraft:uniform",
                                "max": 2.0,
                                "min": 1.0
                            },
                            "function": "minecraft:set_count"
                        },
                        {
                            "function": "minecraft:explosion_decay"
                        }
                    ],
                    "name": "minecraft:stick",
                    "weight": 10
                },
                {
                    "type": "minecraft:item",
                    "functions": [
                        {
                            "add": false,
                            "count": {
                                "type": "minecraft:uniform",
                                "max": 1.0,
                                "min": 0.0
                            },
                            "function": "minecraft:set_count"
                        }
                    ],
                    "name": "minecraft:rabbit_hide",
                    "weight": 10
                },
                {
                    "type": "minecraft:item",
                    "functions": [
                        {
                            "add": false,
                            "count": 1.0,
                            "function": "minecraft:set_count"
                        }
                    ],
                    "name": "minecraft:rabbit",
                    "weight": 10
                },
                {
                    "type": "minecraft:item",
                    "name": "minecraft:rabbit_foot",
                    "weight": 10
                },
                {
                    "type": "minecraft:item",
                    "name": "minecraft:red_wool",
                    "weight": 28
                },
                {
                    "type": "minecraft:item",
                    "name": "minecraft:cyan_wool",
                    "weight": 28
                },
                {
                    "type": "minecraft:item",
                    "functions": [
                        {
                            "function": "minecraft:explosion_decay"
                        }
                    ],
                    "name": "minecraft:magenta_candle",
                    "weight": 28
                },
                {
                    "type": "minecraft:item",
                    "name": "minecraft:polished_deepslate_stairs",
                    "weight": 28
                },
                {
                    "type": "minecraft:item",
                    "name": "minecraft:chiseled_polished_blackstone",
                    "weight": 28
                },
                {
                    "type": "minecraft:item",
                    "name": "minecraft:stripped_acacia_log",
                    "weight": 28
                },
                {
                    "type": "minecraft:item",
                    "name": "minecraft:tuff",
                    "weight": 28
                },
                {
                    "type": "minecraft:item",
                    "name": "minecraft:cherry_planks",
                    "weight": 28
                }
            ]
        }
    ]
}