{
    "pools": [
        {
            "rolls": {
                "min": 10,
                "max": 50
            },
            "entries": [
                {
                    "type": "minecraft:item",
                    "name": "minecraft:granite_wall",
                    "weight": 53
                },
                {
                    "type": "minecraft:item",
                    "functions": [
                        {
                            "add": false,
                            "count": 1.0,
                            "function": "minecraft:set_count"
                        }
                    ],
                    "name": "minecraft:tropical_fish",
                    "weight": 27
                },
                {
                    "type": "minecraft:item",
                    "name": "minecraft:bone_meal",
                    "weight": 27
                },
                {
                    "type": "minecraft:item",
                    "name": "minecraft:acacia_wood",
                    "weight": 53
                },
                {
                    "type": "minecraft:item",
                    "functions": [
                        {
                            "function": "minecraft:explosion_decay"
                        }
                    ],
                    "name": "minecraft:weathered_cut_copper_slab",
                    "weight": 53
                },
                {
                    "type": "minecraft:item",
                    "name": "minecraft:cobblestone",
                    "weight": 53
                },
                {
                    "type": "minecraft:item",
                    "name": "minecraft:flower_pot",
                    "weight": 27
                },
                {
                    "type": "minecraft:item",
                    "name": "minecraft:blue_orchid",
                    "weight": 27
                },
                {
                    "type": "minecraft:item",
                    "functions": [
                        {
                            "add": false,
                            "count": {
                                "type": "minecraft:uniform",
                                "max": 8.0,
                                "min": 1.0
                            },
                            "function": "minecraft:set_count"
                        }
                    ],
                    "name": "minecraft:white_wool",
                    "weight": 13
                },
                {
                    "type": "minecraft:item",
                    "functions": [
                        {
                            "add": false,
                            "count": {
                                "type": "minecraft:uniform",
                                "max": 3.0,
                                "min": 1.0
                            },
                            "function": "minecraft:set_count"
                        }
                    ],
                    "name": "minecraft:black_wool",
                    "weight": 7
                },
                {
                    "type": "minecraft:item",
                    "functions": [
                        {
                            "add": false,
                            "count": {
                                "type": "minecraft:uniform",
                                "max": 3.0,
                                "min": 1.0
                            },
                            "function": "minecraft:set_count"
                        }
                    ],
                    "name": "minecraft:gray_wool",
                    "weight": 7
                },
                {
                    "type": "minecraft:item",
                    "functions": [
                        {
                            "add": false,
                            "count": {
                                "type": "minecraft:uniform",
                                "max": 3.0,
                                "min": 1.0
                            },
                            "function": "minecraft:set_count"
                        }
                    ],
                    "name": "minecraft:brown_wool",
                    "weight": 7
                },
                {
                    "type": "minecraft:item",
                    "functions": [
                        {
                            "add": false,
                            "count": {
                                "type": "minecraft:uniform",
                                "max": 3.0,
                                "min": 1.0
                            },
                            "function": "minecraft:set_count"
                        }
                    ],
                    "name": "minecraft:light_gray_wool",
                    "weight": 7
                },
                {
                    "type": "minecraft:item",
                    "name": "minecraft:emerald",
                    "weight": 3
                },
                {
                    "type": "minecraft:item",
                    "name": "minecraft:shears",
                    "weight": 3
                },
                {
                    "type": "minecraft:item",
                    "functions": [
                        {
                            "add": false,
                            "count": {
                                "type": "minecraft:uniform",
                                "max": 6.0,
                                "min": 1.0
                            },
                            "function": "minecraft:set_count"
                        }
                    ],
                    "name": "minecraft:wheat",
                    "weight": 13
                },
                {
                    "type": "minecraft:item",
                    "name": "minecraft:white_wool",
                    "weight": 4
                },
                {
                    "type": "minecraft:item",
                    "name": "minecraft:orange_wool",
                    "weight": 4
                },
                {
                    "type": "minecraft:item",
                    "name": "minecraft:magenta_wool",
                    "weight": 4
                },
                {
                    "type": "minecraft:item",
                    "name": "minecraft:light_blue_wool",
                    "weight": 4
                },
                {
                    "type": "minecraft:item",
                    "name": "minecraft:yellow_wool",
                    "weight": 4
                },
                {
                    "type": "minecraft:item",
                    "name": "minecraft:lime_wool",
                    "weight": 4
                },
                {
                    "type": "minecraft:item",
                    "name": "minecraft:pink_wool",
                    "weight": 4
                },
                {
                    "type": "minecraft:item",
                    "name": "minecraft:gray_wool",
                    "weight": 4
                },
                {
                    "type": "minecraft:item",
                    "name": "minecraft:light_gray_wool",
                    "weight": 4
                },
                {
                    "type": "minecraft:item",
                    "name": "minecraft:cyan_wool",
                    "weight": 4
                },
                {
                    "type": "minecraft:item",
                    "name": "minecraft:purple_wool",
                    "weight": 4
                },
                {
                    "type": "minecraft:item",
                    "name": "minecraft:blue_wool",
                    "weight": 4
                },
                {
                    "type": "minecraft:item",
                    "name": "minecraft:brown_wool",
                    "weight": 4
                },
                {
                    "type": "minecraft:item",
                    "name": "minecraft:green_wool",
                    "weight": 4
                },
                {
                    "type": "minecraft:item",
                    "name": "minecraft:red_wool",
                    "weight": 4
                },
                {
                    "type": "minecraft:item",
                    "name": "minecraft:black_wool",
                    "weight": 4
                },
                {
                    "type": "minecraft:item",
                    "name": "minecraft:weathered_cut_copper_stairs",
                    "weight": 53
                },
                {
                    "type": "minecraft:item",
                    "name": "minecraft:dead_bubble_coral_fan",
                    "weight": 53
                },
                {
                    "type": "minecraft:item",
                    "name": "minecraft:chiseled_stone_bricks",
                    "weight": 53
                }
            ]
        }
    ]
}