{
    "pools": [
        {
            "rolls": {
                "min": 10,
                "max": 50
            },
            "entries": [
                {
                    "type": "minecraft:item",
                    "name": "minecraft:blue_orchid",
                    "weight": 10
                },
                {
                    "type": "minecraft:item",
                    "name": "minecraft:smooth_quartz",
                    "weight": 10
                },
                {
                    "type": "minecraft:item",
                    "name": "minecraft:bamboo",
                    "weight": 10
                },
                {
                    "type": "minecraft:item",
                    "name": "minecraft:yellow_terracotta",
                    "weight": 10
                },
                {
                    "type": "minecraft:item",
                    "name": "minecraft:red_nether_brick_wall",
                    "weight": 10
                },
                {
                    "type": "minecraft:item",
                    "name": "minecraft:tnt",
                    "weight": 10
                },
                {
                    "type": "minecraft:item",
                    "name": "minecraft:nether_brick_stairs",
                    "weight": 10
                },
                {
                    "type": "minecraft:item",
                    "name": "minecraft:zombie_head",
                    "weight": 10
                },
                {
                    "type": "minecraft:item",
                    "name": "minecraft:purple_bed",
                    "weight": 10
                },
                {
                    "type": "minecraft:item",
                    "name": "minecraft:oak_sapling",
                    "weight": 10
                }
            ]
        }
    ]
}