{
    "pools": [
        {
            "rolls": {
                "min": 10,
                "max": 50
            },
            "entries": [
                {
                    "type": "minecraft:item",
                    "name": "minecraft:light_blue_concrete_powder",
                    "weight": 114
                },
                {
                    "type": "minecraft:item",
                    "name": "minecraft:copper_ore",
                    "weight": 57
                },
                {
                    "type": "minecraft:item",
                    "functions": [
                        {
                            "add": false,
                            "count": {
                                "type": "minecraft:uniform",
                                "max": 5.0,
                                "min": 2.0
                            },
                            "function": "minecraft:set_count"
                        },
                        {
                            "function": "minecraft:explosion_decay"
                        }
                    ],
                    "name": "minecraft:raw_copper",
                    "weight": 57
                },
                {
                    "type": "minecraft:item",
                    "name": "minecraft:flower_pot",
                    "weight": 57
                },
                {
                    "type": "minecraft:item",
                    "name": "minecraft:flowering_azalea",
                    "weight": 57
                },
                {
                    "type": "minecraft:item",
                    "name": "minecraft:mossy_stone_bricks",
                    "weight": 114
                },
                {
                    "type": "minecraft:item",
                    "name": "minecraft:dark_oak_button",
                    "weight": 114
                },
                {
                    "type": "minecraft:item",
                    "functions": [
                        {
                            "function": "minecraft:explosion_decay"
                        }
                    ],
                    "name": "minecraft:sandstone_slab",
                    "weight": 114
                },
                {
                    "type": "minecraft:item",
                    "name": "minecraft:flower_pot",
                    "weight": 57
                },
                {
                    "type": "minecraft:item",
                    "name": "minecraft:cactus",
                    "weight": 57
                },
                {
                    "type": "minecraft:item",
                    "name": "minecraft:skeleton_skull",
                    "weight": 114
                },
                {
                    "type": "minecraft:item",
                    "name": "minecraft:light_blue_candle",
                    "weight": 114
                },
                {
                    "type": "minecraft:item",
                    "functions": [
                        {
                            "add": false,
                            "count": {
                                "type": "minecraft:uniform",
                                "max": 7.0,
                                "min": 2.0
                            },
                            "function": "minecraft:set_count"
                        }
                    ],
                    "name": "minecraft:diamond",
                    "weight": 6
                },
                {
                    "type": "minecraft:item",
                    "functions": [
                        {
                            "add": false,
                            "count": {
                                "type": "minecraft:uniform",
                                "max": 8.0,
                                "min": 4.0
                            },
                            "function": "minecraft:set_count"
                        }
                    ],
                    "name": "minecraft:iron_ingot",
                    "weight": 12
                },
                {
                    "type": "minecraft:item",
                    "functions": [
                        {
                            "add": false,
                            "count": {
                                "type": "minecraft:uniform",
                                "max": 7.0,
                                "min": 2.0
                            },
                            "function": "minecraft:set_count"
                        }
                    ],
                    "name": "minecraft:gold_ingot",
                    "weight": 18
                },
                {
                    "type": "minecraft:item",
                    "functions": [
                        {
                            "add": false,
                            "count": {
                                "type": "minecraft:uniform",
                                "max": 6.0,
                                "min": 2.0
                            },
                            "function": "minecraft:set_count"
                        }
                    ],
                    "name": "minecraft:emerald",
                    "weight": 3
                },
                {
                    "type": "minecraft:item",
                    "functions": [
                        {
                            "add": false,
                            "count": {
                                "type": "minecraft:uniform",
                                "max": 10.0,
                                "min": 1.0
                            },
                            "function": "minecraft:set_count"
                        }
                    ],
                    "name": "minecraft:beetroot_seeds",
                    "weight": 6
                },
                {
                    "type": "minecraft:item",
                    "name": "minecraft:saddle",
                    "weight": 4
                },
                {
                    "type": "minecraft:item",
                    "name": "minecraft:iron_horse_armor",
                    "weight": 2
                },
                {
                    "type": "minecraft:item",
                    "name": "minecraft:golden_horse_armor",
                    "weight": 2
                },
                {
                    "type": "minecraft:item",
                    "name": "minecraft:diamond_horse_armor",
                    "weight": 2
                },
                {
                    "type": "minecraft:item",
                    "functions": [
                        {
                            "function": "minecraft:enchant_with_levels",
                            "levels": {
                                "type": "minecraft:uniform",
                                "max": 39.0,
                                "min": 20.0
                            },
                            "treasure": true
                        }
                    ],
                    "name": "minecraft:diamond_sword",
                    "weight": 4
                },
                {
                    "type": "minecraft:item",
                    "functions": [
                        {
                            "function": "minecraft:enchant_with_levels",
                            "levels": {
                                "type": "minecraft:uniform",
                                "max": 39.0,
                                "min": 20.0
                            },
                            "treasure": true
                        }
                    ],
                    "name": "minecraft:diamond_boots",
                    "weight": 4
                },
                {
                    "type": "minecraft:item",
                    "functions": [
                        {
                            "function": "minecraft:enchant_with_levels",
                            "levels": {
                                "type": "minecraft:uniform",
                                "max": 39.0,
                                "min": 20.0
                            },
                            "treasure": true
                        }
                    ],
                    "name": "minecraft:diamond_chestplate",
                    "weight": 4
                },
                {
                    "type": "minecraft:item",
                    "functions": [
                        {
                            "function": "minecraft:enchant_with_levels",
                            "levels": {
                                "type": "minecraft:uniform",
                                "max": 39.0,
                                "min": 20.0
                            },
                            "treasure": true
                        }
                    ],
                    "name": "minecraft:diamond_leggings",
                    "weight": 4
                },
                {
                    "type": "minecraft:item",
                    "functions": [
                        {
                            "function": "minecraft:enchant_with_levels",
                            "levels": {
                                "type": "minecraft:uniform",
                                "max": 39.0,
                                "min": 20.0
                            },
                            "treasure": true
                        }
                    ],
                    "name": "minecraft:diamond_helmet",
                    "weight": 4
                },
                {
                    "type": "minecraft:item",
                    "functions": [
                        {
                            "function": "minecraft:enchant_with_levels",
                            "levels": {
                                "type": "minecraft:uniform",
                                "max": 39.0,
                                "min": 20.0
                            },
                            "treasure": true
                        }
                    ],
                    "name": "minecraft:diamond_pickaxe",
                    "weight": 4
                },
                {
                    "type": "minecraft:item",
                    "functions": [
                        {
                            "function": "minecraft:enchant_with_levels",
                            "levels": {
                                "type": "minecraft:uniform",
                                "max": 39.0,
                                "min": 20.0
                            },
                            "treasure": true
                        }
                    ],
                    "name": "minecraft:diamond_shovel",
                    "weight": 4
                },
                {
                    "type": "minecraft:item",
                    "functions": [
                        {
                            "function": "minecraft:enchant_with_levels",
                            "levels": {
                                "type": "minecraft:uniform",
                                "max": 39.0,
                                "min": 20.0
                            },
                            "treasure": true
                        }
                    ],
                    "name": "minecraft:iron_sword",
                    "weight": 4
                },
                {
                    "type": "minecraft:item",
                    "functions": [
                        {
                            "function": "minecraft:enchant_with_levels",
                            "levels": {
                                "type": "minecraft:uniform",
                                "max": 39.0,
                                "min": 20.0
                            },
                            "treasure": true
                        }
                    ],
                    "name": "minecraft:iron_boots",
                    "weight": 4
                },
                {
                    "type": "minecraft:item",
                    "functions": [
                        {
                            "function": "minecraft:enchant_with_levels",
                            "levels": {
                                "type": "minecraft:uniform",
                                "max": 39.0,
                                "min": 20.0
                            },
                            "treasure": true
                        }
                    ],
                    "name": "minecraft:iron_chestplate",
                    "weight": 4
                },
                {
                    "type": "minecraft:item",
                    "functions": [
                        {
                            "function": "minecraft:enchant_with_levels",
                            "levels": {
                                "type": "minecraft:uniform",
                                "max": 39.0,
                                "min": 20.0
                            },
                            "treasure": true
                        }
                    ],
                    "name": "minecraft:iron_leggings",
                    "weight": 4
                },
                {
                    "type": "minecraft:item",
                    "functions": [
                        {
                            "function": "minecraft:enchant_with_levels",
                            "levels": {
                                "type": "minecraft:uniform",
                                "max": 39.0,
                                "min": 20.0
                            },
                            "treasure": true
                        }
                    ],
                    "name": "minecraft:iron_helmet",
                    "weight": 4
                },
                {
                    "type": "minecraft:item",
                    "functions": [
                        {
                            "function": "minecraft:enchant_with_levels",
                            "levels": {
                                "type": "minecraft:uniform",
                                "max": 39.0,
                                "min": 20.0
                            },
                            "treasure": true
                        }
                    ],
                    "name": "minecraft:iron_pickaxe",
                    "weight": 4
                },
                {
                    "type": "minecraft:item",
                    "functions": [
                        {
                            "function": "minecraft:enchant_with_levels",
                            "levels": {
                                "type": "minecraft:uniform",
                                "max": 39.0,
                                "min": 20.0
                            },
                            "treasure": true
                        }
                    ],
                    "name": "minecraft:iron_shovel",
                    "weight": 4
                },
                {
                    "type": "minecraft:empty",
                    "weight": 18
                },
                {
                    "type": "minecraft:item",
                    "name": "minecraft:spire_armor_trim_smithing_template",
                    "weight": 2
                },
                {
                    "type": "minecraft:item",
                    "name": "minecraft:waxed_exposed_cut_copper",
                    "weight": 114
                }
            ]
        }
    ]
}