{
    "pools": [
        {
            "rolls": {
                "min": 1,
                "max": 5
            },
            "entries": [
                {
                    "type": "minecraft:item",
                    "functions": [
                        {
                            "add": false,
                            "count": {
                                "type": "minecraft:uniform",
                                "max": 1.0,
                                "min": 0.0
                            },
                            "function": "minecraft:set_count"
                        }
                    ],
                    "name": "minecraft:emerald",
                    "weight": 88
                },
                {
                    "type": "minecraft:item",
                    "name": "minecraft:redstone_lamp",
                    "weight": 88
                },
                {
                    "type": "minecraft:item",
                    "name": "minecraft:redstone_block",
                    "weight": 88
                },
                {
                    "type": "minecraft:item",
                    "name": "minecraft:blue_ice",
                    "weight": 3
                },
                {
                    "type": "minecraft:item",
                    "name": "minecraft:snow_block",
                    "weight": 8
                },
                {
                    "type": "minecraft:item",
                    "functions": [
                        {
                            "add": false,
                            "count": {
                                "type": "minecraft:uniform",
                                "max": 7.0,
                                "min": 1.0
                            },
                            "function": "minecraft:set_count"
                        }
                    ],
                    "name": "minecraft:potato",
                    "weight": 16
                },
                {
                    "type": "minecraft:item",
                    "functions": [
                        {
                            "add": false,
                            "count": {
                                "type": "minecraft:uniform",
                                "max": 4.0,
                                "min": 1.0
                            },
                            "function": "minecraft:set_count"
                        }
                    ],
                    "name": "minecraft:bread",
                    "weight": 16
                },
                {
                    "type": "minecraft:item",
                    "functions": [
                        {
                            "add": false,
                            "count": {
                                "type": "minecraft:uniform",
                                "max": 5.0,
                                "min": 1.0
                            },
                            "function": "minecraft:set_count"
                        }
                    ],
                    "name": "minecraft:beetroot_seeds",
                    "weight": 16
                },
                {
                    "type": "minecraft:item",
                    "name": "minecraft:beetroot_soup",
                    "weight": 3
                },
                {
                    "type": "minecraft:item",
                    "name": "minecraft:furnace",
                    "weight": 3
                },
                {
                    "type": "minecraft:item",
                    "functions": [
                        {
                            "add": false,
                            "count": {
                                "type": "minecraft:uniform",
                                "max": 4.0,
                                "min": 1.0
                            },
                            "function": "minecraft:set_count"
                        }
                    ],
                    "name": "minecraft:emerald",
                    "weight": 3
                },
                {
                    "type": "minecraft:item",
                    "functions": [
                        {
                            "add": false,
                            "count": {
                                "type": "minecraft:uniform",
                                "max": 7.0,
                                "min": 1.0
                            },
                            "function": "minecraft:set_count"
                        }
                    ],
                    "name": "minecraft:snowball",
                    "weight": 16
                },
                {
                    "type": "minecraft:item",
                    "functions": [
                        {
                            "add": false,
                            "count": {
                                "type": "minecraft:uniform",
                                "max": 4.0,
                                "min": 1.0
                            },
                            "function": "minecraft:set_count"
                        }
                    ],
                    "name": "minecraft:coal",
                    "weight": 8
                },
                {
                    "type": "minecraft:item",
                    "name": "minecraft:copper_block",
                    "weight": 88
                },
                {
                    "type": "minecraft:item",
                    "functions": [
                        {
                            "function": "minecraft:explosion_decay"
                        }
                    ],
                    "name": "minecraft:nether_brick_slab",
                    "weight": 88
                },
                {
                    "type": "minecraft:item",
                    "name": "minecraft:vine",
                    "weight": 88
                },
                {
                    "type": "minecraft:item",
                    "name": "minecraft:black_candle",
                    "weight": 88
                },
                {
                    "type": "minecraft:item",
                    "functions": [
                        {
                            "type": "minecraft:shulker_box",
                            "entries": [
                                {
                                    "type": "minecraft:dynamic",
                                    "name": "minecraft:contents"
                                }
                            ],
                            "function": "minecraft:set_contents"
                        }
                    ],
                    "name": "minecraft:black_shulker_box",
                    "weight": 88
                },
                {
                    "type": "minecraft:item",
                    "functions": [
                        {
                            "type": "minecraft:shulker_box",
                            "entries": [
                                {
                                    "type": "minecraft:dynamic",
                                    "name": "minecraft:contents"
                                }
                            ],
                            "function": "minecraft:set_contents"
                        }
                    ],
                    "name": "minecraft:light_gray_shulker_box",
                    "weight": 88
                },
                {
                    "type": "minecraft:item",
                    "name": "minecraft:pink_candle",
                    "weight": 88
                },
                {
                    "type": "minecraft:item",
                    "functions": [
                        {
                            "add": false,
                            "count": 1.0,
                            "function": "minecraft:set_count"
                        }
                    ],
                    "name": "minecraft:saddle",
                    "weight": 88
                },
                {
                    "type": "minecraft:item",
                    "name": "minecraft:jungle_button",
                    "weight": 88
                },
                {
                    "type": "minecraft:item",
                    "name": "minecraft:gravel",
                    "weight": 30
                },
                {
                    "type": "minecraft:item",
                    "name": "minecraft:flint",
                    "weight": 30
                },
                {
                    "type": "minecraft:item",
                    "name": "minecraft:gravel",
                    "weight": 30
                },
                {
                    "type": "minecraft:item",
                    "name": "minecraft:exposed_cut_copper",
                    "weight": 88
                },
                {
                    "type": "minecraft:item",
                    "name": "minecraft:amethyst_cluster",
                    "weight": 30
                },
                {
                    "type": "minecraft:item",
                    "functions": [
                        {
                            "add": false,
                            "count": 4.0,
                            "function": "minecraft:set_count"
                        }
                    ],
                    "name": "minecraft:amethyst_shard",
                    "weight": 30
                },
                {
                    "type": "minecraft:item",
                    "functions": [
                        {
                            "add": false,
                            "count": 2.0,
                            "function": "minecraft:set_count"
                        },
                        {
                            "function": "minecraft:explosion_decay"
                        }
                    ],
                    "name": "minecraft:amethyst_shard",
                    "weight": 30
                },
                {
                    "type": "minecraft:item",
                    "name": "minecraft:dead_tube_coral",
                    "weight": 88
                },
                {
                    "type": "minecraft:item",
                    "name": "minecraft:nether_brick_fence",
                    "weight": 88
                },
                {
                    "type": "minecraft:item",
                    "name": "minecraft:bubble_coral_block",
                    "weight": 44
                },
                {
                    "type": "minecraft:item",
                    "name": "minecraft:dead_bubble_coral_block",
                    "weight": 44
                },
                {
                    "type": "minecraft:item",
                    "name": "minecraft:smoker",
                    "weight": 88
                },
                {
                    "type": "minecraft:item",
                    "name": "minecraft:light_gray_carpet",
                    "weight": 88
                },
                {
                    "type": "minecraft:item",
                    "name": "minecraft:glow_berries",
                    "weight": 88
                }
            ]
        }
    ]
}