{
    "pools": [
        {
            "rolls": {
                "min": 10,
                "max": 50
            },
            "entries": [
                {
                    "type": "minecraft:item",
                    "name": "minecraft:cracked_stone_bricks",
                    "weight": 12
                },
                {
                    "type": "minecraft:item",
                    "name": "minecraft:dead_brain_coral_block",
                    "weight": 12
                },
                {
                    "type": "minecraft:item",
                    "name": "minecraft:stripped_jungle_wood",
                    "weight": 12
                },
                {
                    "type": "minecraft:item",
                    "name": "minecraft:mangrove_fence",
                    "weight": 12
                },
                {
                    "type": "minecraft:item",
                    "functions": [
                        {
                            "function": "minecraft:explosion_decay"
                        }
                    ],
                    "name": "minecraft:oxidized_cut_copper_slab",
                    "weight": 12
                },
                {
                    "type": "minecraft:item",
                    "name": "minecraft:exposed_cut_copper_stairs",
                    "weight": 12
                },
                {
                    "type": "minecraft:item",
                    "name": "minecraft:flower_pot",
                    "weight": 6
                },
                {
                    "type": "minecraft:item",
                    "name": "minecraft:jungle_sapling",
                    "weight": 6
                },
                {
                    "type": "minecraft:item",
                    "functions": [
                        {
                            "function": "minecraft:explosion_decay"
                        }
                    ],
                    "name": "minecraft:andesite_slab",
                    "weight": 12
                },
                {
                    "type": "minecraft:item",
                    "functions": [
                        {
                            "function": "minecraft:explosion_decay"
                        }
                    ],
                    "name": "minecraft:gray_candle",
                    "weight": 12
                },
                {
                    "type": "minecraft:item",
                    "name": "minecraft:cod",
                    "weight": 6
                },
                {
                    "type": "minecraft:item",
                    "name": "minecraft:bone_meal",
                    "weight": 6
                }
            ]
        }
    ]
}