{
    "pools": [
        {
            "rolls": {
                "min": 10,
                "max": 50
            },
            "entries": [
                {
                    "type": "minecraft:item",
                    "name": "minecraft:brick_stairs",
                    "weight": 12
                },
                {
                    "type": "minecraft:item",
                    "name": "minecraft:jungle_wood",
                    "weight": 12
                },
                {
                    "type": "minecraft:item",
                    "name": "minecraft:warped_stairs",
                    "weight": 12
                },
                {
                    "type": "minecraft:item",
                    "name": "minecraft:dirt",
                    "weight": 12
                },
                {
                    "type": "minecraft:item",
                    "name": "minecraft:piglin_head",
                    "weight": 12
                },
                {
                    "type": "minecraft:item",
                    "name": "minecraft:purple_stained_glass_pane",
                    "weight": 12
                },
                {
                    "type": "minecraft:item",
                    "name": "minecraft:cyan_stained_glass_pane",
                    "weight": 12
                },
                {
                    "type": "minecraft:item",
                    "name": "minecraft:waxed_oxidized_cut_copper",
                    "weight": 12
                },
                {
                    "type": "minecraft:item",
                    "name": "minecraft:redstone_torch",
                    "weight": 12
                },
                {
                    "type": "minecraft:item",
                    "name": "minecraft:twisting_vines",
                    "weight": 6
                },
                {
                    "type": "minecraft:item",
                    "name": "minecraft:twisting_vines",
                    "weight": 6
                },
                {
                    "type": "minecraft:item",
                    "name": "minecraft:jungle_pressure_plate",
                    "weight": 12
                }
            ]
        }
    ]
}