{
    "pools": [
        {
            "rolls": {
                "min": 10,
                "max": 50
            },
            "entries": [
                {
                    "type": "minecraft:item",
                    "name": "minecraft:podzol",
                    "weight": 8
                },
                {
                    "type": "minecraft:item",
                    "name": "minecraft:dirt",
                    "weight": 8
                },
                {
                    "type": "minecraft:item",
                    "functions": [
                        {
                            "function": "minecraft:explosion_decay"
                        }
                    ],
                    "name": "minecraft:mangrove_slab",
                    "weight": 15
                },
                {
                    "type": "minecraft:item",
                    "name": "minecraft:spruce_pressure_plate",
                    "weight": 15
                },
                {
                    "type": "minecraft:item",
                    "name": "minecraft:prismarine",
                    "weight": 15
                },
                {
                    "type": "minecraft:item",
                    "name": "minecraft:birch_door",
                    "weight": 15
                },
                {
                    "type": "minecraft:item",
                    "name": "minecraft:brain_coral_block",
                    "weight": 8
                },
                {
                    "type": "minecraft:item",
                    "name": "minecraft:dead_brain_coral_block",
                    "weight": 8
                },
                {
                    "type": "minecraft:item",
                    "name": "minecraft:light_blue_stained_glass_pane",
                    "weight": 15
                },
                {
                    "type": "minecraft:item",
                    "name": "minecraft:activator_rail",
                    "weight": 15
                },
                {
                    "type": "minecraft:item",
                    "name": "minecraft:pink_concrete_powder",
                    "weight": 15
                },
                {
                    "type": "minecraft:item",
                    "functions": [
                        {
                            "add": false,
                            "count": {
                                "type": "minecraft:uniform",
                                "max": 2.0,
                                "min": 0.0
                            },
                            "function": "minecraft:set_count"
                        }
                    ],
                    "name": "minecraft:rotten_flesh",
                    "weight": 4
                },
                {
                    "type": "minecraft:item",
                    "name": "minecraft:iron_ingot",
                    "weight": 4
                },
                {
                    "type": "minecraft:item",
                    "name": "minecraft:carrot",
                    "weight": 4
                },
                {
                    "type": "minecraft:item",
                    "name": "minecraft:potato",
                    "weight": 4
                }
            ]
        }
    ]
}