{
    "pools": [
        {
            "rolls": {
                "min": 1,
                "max": 5
            },
            "entries": [
                {
                    "type": "minecraft:item",
                    "name": "minecraft:jack_o_lantern",
                    "weight": 57
                },
                {
                    "type": "minecraft:item",
                    "name": "minecraft:bamboo_hanging_sign",
                    "weight": 57
                },
                {
                    "type": "minecraft:item",
                    "name": "minecraft:green_terracotta",
                    "weight": 57
                },
                {
                    "type": "minecraft:item",
                    "name": "minecraft:bubble_coral_fan",
                    "weight": 57
                },
                {
                    "type": "minecraft:item",
                    "name": "minecraft:warped_stem",
                    "weight": 57
                },
                {
                    "type": "minecraft:item",
                    "name": "minecraft:yellow_carpet",
                    "weight": 57
                },
                {
                    "type": "minecraft:item",
                    "functions": [
                        {
                            "add": false,
                            "count": {
                                "type": "minecraft:uniform",
                                "max": 3.0,
                                "min": 1.0
                            },
                            "function": "minecraft:set_count"
                        }
                    ],
                    "name": "minecraft:leather",
                    "weight": 4
                },
                {
                    "type": "minecraft:item",
                    "name": "minecraft:leather_chestplate",
                    "weight": 7
                },
                {
                    "type": "minecraft:item",
                    "name": "minecraft:leather_boots",
                    "weight": 7
                },
                {
                    "type": "minecraft:item",
                    "name": "minecraft:leather_helmet",
                    "weight": 7
                },
                {
                    "type": "minecraft:item",
                    "functions": [
                        {
                            "add": false,
                            "count": {
                                "type": "minecraft:uniform",
                                "max": 4.0,
                                "min": 1.0
                            },
                            "function": "minecraft:set_count"
                        }
                    ],
                    "name": "minecraft:bread",
                    "weight": 18
                },
                {
                    "type": "minecraft:item",
                    "name": "minecraft:leather_leggings",
                    "weight": 7
                },
                {
                    "type": "minecraft:item",
                    "name": "minecraft:saddle",
                    "weight": 4
                },
                {
                    "type": "minecraft:item",
                    "functions": [
                        {
                            "add": false,
                            "count": {
                                "type": "minecraft:uniform",
                                "max": 4.0,
                                "min": 1.0
                            },
                            "function": "minecraft:set_count"
                        }
                    ],
                    "name": "minecraft:emerald",
                    "weight": 4
                },
                {
                    "type": "minecraft:item",
                    "name": "minecraft:sea_lantern",
                    "weight": 29
                },
                {
                    "type": "minecraft:item",
                    "functions": [
                        {
                            "add": false,
                            "count": {
                                "type": "minecraft:uniform",
                                "max": 3.0,
                                "min": 2.0
                            },
                            "function": "minecraft:set_count"
                        },
                        {
                            "function": "minecraft:limit_count",
                            "limit": {
                                "max": 5.0,
                                "min": 1.0
                            }
                        },
                        {
                            "function": "minecraft:explosion_decay"
                        }
                    ],
                    "name": "minecraft:prismarine_crystals",
                    "weight": 29
                },
                {
                    "type": "minecraft:item",
                    "name": "minecraft:cut_copper",
                    "weight": 57
                },
                {
                    "type": "minecraft:item",
                    "name": "minecraft:soul_sand",
                    "weight": 57
                },
                {
                    "type": "minecraft:item",
                    "functions": [
                        {
                            "add": false,
                            "count": {
                                "type": "minecraft:uniform",
                                "max": 2.0,
                                "min": 0.0
                            },
                            "function": "minecraft:set_count"
                        }
                    ],
                    "name": "minecraft:rotten_flesh",
                    "weight": 57
                },
                {
                    "type": "minecraft:item",
                    "name": "minecraft:white_wool",
                    "weight": 57
                },
                {
                    "type": "minecraft:item",
                    "name": "minecraft:white_bed",
                    "weight": 57
                },
                {
                    "type": "minecraft:item",
                    "name": "minecraft:iron_trapdoor",
                    "weight": 57
                },
                {
                    "type": "minecraft:item",
                    "functions": [
                        {
                            "type": "minecraft:shulker_box",
                            "entries": [
                                {
                                    "type": "minecraft:dynamic",
                                    "name": "minecraft:contents"
                                }
                            ],
                            "function": "minecraft:set_contents"
                        }
                    ],
                    "name": "minecraft:shulker_box",
                    "weight": 57
                },
                {
                    "type": "minecraft:item",
                    "name": "minecraft:polished_blackstone_brick_stairs",
                    "weight": 57
                },
                {
                    "type": "minecraft:item",
                    "name": "minecraft:angler_pottery_sherd",
                    "weight": 6
                },
                {
                    "type": "minecraft:item",
                    "name": "minecraft:shelter_pottery_sherd",
                    "weight": 6
                },
                {
                    "type": "minecraft:item",
                    "name": "minecraft:snort_pottery_sherd",
                    "weight": 6
                },
                {
                    "type": "minecraft:item",
                    "name": "minecraft:sniffer_egg",
                    "weight": 6
                },
                {
                    "type": "minecraft:item",
                    "name": "minecraft:iron_axe",
                    "weight": 6
                },
                {
                    "type": "minecraft:item",
                    "name": "minecraft:emerald",
                    "weight": 6
                },
                {
                    "type": "minecraft:item",
                    "name": "minecraft:wheat",
                    "weight": 6
                },
                {
                    "type": "minecraft:item",
                    "name": "minecraft:wooden_hoe",
                    "weight": 6
                },
                {
                    "type": "minecraft:item",
                    "name": "minecraft:coal",
                    "weight": 6
                },
                {
                    "type": "minecraft:item",
                    "name": "minecraft:gold_nugget",
                    "weight": 6
                },
                {
                    "type": "minecraft:item",
                    "name": "minecraft:mangrove_leaves",
                    "weight": 29
                },
                {
                    "type": "minecraft:item",
                    "functions": [
                        {
                            "add": false,
                            "count": {
                                "type": "minecraft:uniform",
                                "max": 2.0,
                                "min": 1.0
                            },
                            "function": "minecraft:set_count"
                        },
                        {
                            "function": "minecraft:explosion_decay"
                        }
                    ],
                    "name": "minecraft:stick",
                    "weight": 29
                },
                {
                    "type": "minecraft:item",
                    "name": "minecraft:nether_brick_stairs",
                    "weight": 57
                },
                {
                    "type": "minecraft:item",
                    "name": "minecraft:tube_coral_fan",
                    "weight": 57
                },
                {
                    "type": "minecraft:item",
                    "name": "minecraft:chorus_flower",
                    "weight": 57
                }
            ]
        }
    ]
}