{
    "pools": [
        {
            "rolls": {
                "min": 10,
                "max": 50
            },
            "entries": [
                {
                    "type": "minecraft:item",
                    "functions": [
                        {
                            "function": "minecraft:explosion_decay"
                        }
                    ],
                    "name": "minecraft:cut_copper_slab",
                    "weight": 13
                },
                {
                    "type": "minecraft:item",
                    "name": "minecraft:polished_andesite_stairs",
                    "weight": 13
                },
                {
                    "type": "minecraft:item",
                    "name": "minecraft:jungle_door",
                    "weight": 13
                },
                {
                    "type": "minecraft:item",
                    "functions": [
                        {
                            "function": "minecraft:explosion_decay"
                        }
                    ],
                    "name": "minecraft:cherry_slab",
                    "weight": 13
                },
                {
                    "type": "minecraft:item",
                    "functions": [
                        {
                            "type": "minecraft:shulker_box",
                            "entries": [
                                {
                                    "type": "minecraft:dynamic",
                                    "name": "minecraft:contents"
                                }
                            ],
                            "function": "minecraft:set_contents"
                        }
                    ],
                    "name": "minecraft:black_shulker_box",
                    "weight": 13
                },
                {
                    "type": "minecraft:item",
                    "name": "minecraft:ender_chest",
                    "weight": 7
                },
                {
                    "type": "minecraft:item",
                    "functions": [
                        {
                            "add": false,
                            "count": 8.0,
                            "function": "minecraft:set_count"
                        },
                        {
                            "function": "minecraft:explosion_decay"
                        }
                    ],
                    "name": "minecraft:obsidian",
                    "weight": 7
                },
                {
                    "type": "minecraft:item",
                    "name": "minecraft:warped_nylium",
                    "weight": 7
                },
                {
                    "type": "minecraft:item",
                    "name": "minecraft:netherrack",
                    "weight": 7
                },
                {
                    "type": "minecraft:item",
                    "name": "minecraft:azalea",
                    "weight": 13
                },
                {
                    "type": "minecraft:item",
                    "name": "minecraft:tube_coral_fan",
                    "weight": 13
                },
                {
                    "type": "minecraft:item",
                    "name": "minecraft:dried_kelp_block",
                    "weight": 13
                },
                {
                    "type": "minecraft:item",
                    "functions": [
                        {
                            "add": false,
                            "count": {
                                "type": "minecraft:binomial",
                                "n": 3.0,
                                "p": 0.53333336
                            },
                            "function": "minecraft:set_count"
                        }
                    ],
                    "name": "minecraft:pumpkin_seeds",
                    "weight": 13
                }
            ]
        }
    ]
}