{
    "pools": [
        {
            "rolls": {
                "min": 10,
                "max": 50
            },
            "entries": [
                {
                    "type": "minecraft:item",
                    "name": "minecraft:yellow_glazed_terracotta",
                    "weight": 60
                },
                {
                    "type": "minecraft:item",
                    "functions": [
                        {
                            "type": "minecraft:shulker_box",
                            "entries": [
                                {
                                    "type": "minecraft:dynamic",
                                    "name": "minecraft:contents"
                                }
                            ],
                            "function": "minecraft:set_contents"
                        }
                    ],
                    "name": "minecraft:red_shulker_box",
                    "weight": 60
                },
                {
                    "type": "minecraft:item",
                    "name": "minecraft:waxed_oxidized_copper",
                    "weight": 60
                },
                {
                    "type": "minecraft:item",
                    "functions": [
                        {
                            "function": "minecraft:explosion_decay"
                        }
                    ],
                    "name": "minecraft:bamboo_mosaic_slab",
                    "weight": 60
                },
                {
                    "type": "minecraft:item",
                    "name": "minecraft:wither_rose",
                    "weight": 60
                },
                {
                    "type": "minecraft:item",
                    "name": "minecraft:gilded_blackstone",
                    "weight": 20
                },
                {
                    "type": "minecraft:item",
                    "functions": [
                        {
                            "add": false,
                            "count": {
                                "type": "minecraft:uniform",
                                "max": 5.0,
                                "min": 2.0
                            },
                            "function": "minecraft:set_count"
                        }
                    ],
                    "name": "minecraft:gold_nugget",
                    "weight": 20
                },
                {
                    "type": "minecraft:item",
                    "name": "minecraft:gilded_blackstone",
                    "weight": 20
                },
                {
                    "type": "minecraft:item",
                    "name": "minecraft:spruce_planks",
                    "weight": 60
                },
                {
                    "type": "minecraft:item",
                    "name": "minecraft:stripped_bamboo_block",
                    "weight": 60
                },
                {
                    "type": "minecraft:item",
                    "name": "minecraft:emerald",
                    "weight": 3
                },
                {
                    "type": "minecraft:item",
                    "name": "minecraft:wheat",
                    "weight": 3
                },
                {
                    "type": "minecraft:item",
                    "name": "minecraft:wooden_hoe",
                    "weight": 3
                },
                {
                    "type": "minecraft:item",
                    "name": "minecraft:clay",
                    "weight": 3
                },
                {
                    "type": "minecraft:item",
                    "name": "minecraft:brick",
                    "weight": 3
                },
                {
                    "type": "minecraft:item",
                    "name": "minecraft:yellow_dye",
                    "weight": 3
                },
                {
                    "type": "minecraft:item",
                    "name": "minecraft:blue_dye",
                    "weight": 3
                },
                {
                    "type": "minecraft:item",
                    "name": "minecraft:light_blue_dye",
                    "weight": 3
                },
                {
                    "type": "minecraft:item",
                    "name": "minecraft:white_dye",
                    "weight": 3
                },
                {
                    "type": "minecraft:item",
                    "name": "minecraft:orange_dye",
                    "weight": 3
                },
                {
                    "type": "minecraft:item",
                    "name": "minecraft:red_candle",
                    "weight": 3
                },
                {
                    "type": "minecraft:item",
                    "name": "minecraft:green_candle",
                    "weight": 3
                },
                {
                    "type": "minecraft:item",
                    "name": "minecraft:purple_candle",
                    "weight": 3
                },
                {
                    "type": "minecraft:item",
                    "name": "minecraft:brown_candle",
                    "weight": 3
                },
                {
                    "type": "minecraft:item",
                    "name": "minecraft:magenta_stained_glass_pane",
                    "weight": 2
                },
                {
                    "type": "minecraft:item",
                    "name": "minecraft:pink_stained_glass_pane",
                    "weight": 2
                },
                {
                    "type": "minecraft:item",
                    "name": "minecraft:blue_stained_glass_pane",
                    "weight": 2
                },
                {
                    "type": "minecraft:item",
                    "name": "minecraft:light_blue_stained_glass_pane",
                    "weight": 2
                },
                {
                    "type": "minecraft:item",
                    "name": "minecraft:red_stained_glass_pane",
                    "weight": 2
                },
                {
                    "type": "minecraft:item",
                    "name": "minecraft:yellow_stained_glass_pane",
                    "weight": 2
                },
                {
                    "type": "minecraft:item",
                    "name": "minecraft:purple_stained_glass_pane",
                    "weight": 2
                },
                {
                    "type": "minecraft:item",
                    "name": "minecraft:spruce_hanging_sign",
                    "weight": 2
                },
                {
                    "type": "minecraft:item",
                    "name": "minecraft:oak_hanging_sign",
                    "weight": 2
                },
                {
                    "type": "minecraft:item",
                    "name": "minecraft:gold_nugget",
                    "weight": 2
                },
                {
                    "type": "minecraft:item",
                    "name": "minecraft:coal",
                    "weight": 2
                },
                {
                    "type": "minecraft:item",
                    "name": "minecraft:wheat_seeds",
                    "weight": 2
                },
                {
                    "type": "minecraft:item",
                    "name": "minecraft:beetroot_seeds",
                    "weight": 2
                },
                {
                    "type": "minecraft:item",
                    "name": "minecraft:dead_bush",
                    "weight": 2
                },
                {
                    "type": "minecraft:item",
                    "name": "minecraft:flower_pot",
                    "weight": 2
                },
                {
                    "type": "minecraft:item",
                    "name": "minecraft:string",
                    "weight": 2
                },
                {
                    "type": "minecraft:item",
                    "name": "minecraft:lead",
                    "weight": 2
                },
                {
                    "type": "minecraft:item",
                    "name": "minecraft:green_wool",
                    "weight": 30
                },
                {
                    "type": "minecraft:item",
                    "functions": [
                        {
                            "add": false,
                            "count": {
                                "type": "minecraft:uniform",
                                "max": 2.0,
                                "min": 1.0
                            },
                            "function": "minecraft:set_count"
                        }
                    ],
                    "name": "minecraft:mutton",
                    "weight": 30
                },
                {
                    "type": "minecraft:item",
                    "functions": [
                        {
                            "function": "minecraft:explosion_decay"
                        }
                    ],
                    "name": "minecraft:pink_candle",
                    "weight": 60
                }
            ]
        }
    ]
}