{
    "pools": [
        {
            "rolls": {
                "min": 1,
                "max": 5
            },
            "entries": [
                {
                    "type": "minecraft:item",
                    "functions": [
                        {
                            "enchantments": [
                                "minecraft:soul_speed"
                            ],
                            "function": "minecraft:enchant_randomly"
                        }
                    ],
                    "name": "minecraft:book",
                    "weight": 6
                },
                {
                    "type": "minecraft:item",
                    "functions": [
                        {
                            "enchantments": [
                                "minecraft:soul_speed"
                            ],
                            "function": "minecraft:enchant_randomly"
                        }
                    ],
                    "name": "minecraft:iron_boots",
                    "weight": 12
                },
                {
                    "type": "minecraft:item",
                    "functions": [
                        {
                            "function": "minecraft:set_potion",
                            "id": "minecraft:fire_resistance"
                        }
                    ],
                    "name": "minecraft:potion",
                    "weight": 12
                },
                {
                    "type": "minecraft:item",
                    "functions": [
                        {
                            "function": "minecraft:set_potion",
                            "id": "minecraft:fire_resistance"
                        }
                    ],
                    "name": "minecraft:splash_potion",
                    "weight": 12
                },
                {
                    "type": "minecraft:item",
                    "functions": [
                        {
                            "function": "minecraft:set_potion",
                            "id": "minecraft:water"
                        }
                    ],
                    "name": "minecraft:potion",
                    "weight": 12
                },
                {
                    "type": "minecraft:item",
                    "functions": [
                        {
                            "add": false,
                            "count": {
                                "type": "minecraft:uniform",
                                "max": 36.0,
                                "min": 10.0
                            },
                            "function": "minecraft:set_count"
                        }
                    ],
                    "name": "minecraft:iron_nugget",
                    "weight": 12
                },
                {
                    "type": "minecraft:item",
                    "functions": [
                        {
                            "add": false,
                            "count": {
                                "type": "minecraft:uniform",
                                "max": 4.0,
                                "min": 2.0
                            },
                            "function": "minecraft:set_count"
                        }
                    ],
                    "name": "minecraft:ender_pearl",
                    "weight": 12
                },
                {
                    "type": "minecraft:item",
                    "functions": [
                        {
                            "add": false,
                            "count": {
                                "type": "minecraft:uniform",
                                "max": 9.0,
                                "min": 3.0
                            },
                            "function": "minecraft:set_count"
                        }
                    ],
                    "name": "minecraft:string",
                    "weight": 23
                },
                {
                    "type": "minecraft:item",
                    "functions": [
                        {
                            "add": false,
                            "count": {
                                "type": "minecraft:uniform",
                                "max": 12.0,
                                "min": 5.0
                            },
                            "function": "minecraft:set_count"
                        }
                    ],
                    "name": "minecraft:quartz",
                    "weight": 23
                },
                {
                    "type": "minecraft:item",
                    "name": "minecraft:obsidian",
                    "weight": 50
                },
                {
                    "type": "minecraft:item",
                    "functions": [
                        {
                            "add": false,
                            "count": {
                                "type": "minecraft:uniform",
                                "max": 3.0,
                                "min": 1.0
                            },
                            "function": "minecraft:set_count"
                        }
                    ],
                    "name": "minecraft:crying_obsidian",
                    "weight": 50
                },
                {
                    "type": "minecraft:item",
                    "name": "minecraft:fire_charge",
                    "weight": 50
                },
                {
                    "type": "minecraft:item",
                    "functions": [
                        {
                            "add": false,
                            "count": {
                                "type": "minecraft:uniform",
                                "max": 4.0,
                                "min": 2.0
                            },
                            "function": "minecraft:set_count"
                        }
                    ],
                    "name": "minecraft:leather",
                    "weight": 50
                },
                {
                    "type": "minecraft:item",
                    "functions": [
                        {
                            "add": false,
                            "count": {
                                "type": "minecraft:uniform",
                                "max": 8.0,
                                "min": 2.0
                            },
                            "function": "minecraft:set_count"
                        }
                    ],
                    "name": "minecraft:soul_sand",
                    "weight": 50
                },
                {
                    "type": "minecraft:item",
                    "functions": [
                        {
                            "add": false,
                            "count": {
                                "type": "minecraft:uniform",
                                "max": 8.0,
                                "min": 2.0
                            },
                            "function": "minecraft:set_count"
                        }
                    ],
                    "name": "minecraft:nether_brick",
                    "weight": 50
                },
                {
                    "type": "minecraft:item",
                    "functions": [
                        {
                            "add": false,
                            "count": {
                                "type": "minecraft:uniform",
                                "max": 12.0,
                                "min": 6.0
                            },
                            "function": "minecraft:set_count"
                        }
                    ],
                    "name": "minecraft:spectral_arrow",
                    "weight": 50
                },
                {
                    "type": "minecraft:item",
                    "functions": [
                        {
                            "add": false,
                            "count": {
                                "type": "minecraft:uniform",
                                "max": 16.0,
                                "min": 8.0
                            },
                            "function": "minecraft:set_count"
                        }
                    ],
                    "name": "minecraft:gravel",
                    "weight": 50
                },
                {
                    "type": "minecraft:item",
                    "functions": [
                        {
                            "add": false,
                            "count": {
                                "type": "minecraft:uniform",
                                "max": 16.0,
                                "min": 8.0
                            },
                            "function": "minecraft:set_count"
                        }
                    ],
                    "name": "minecraft:blackstone",
                    "weight": 50
                },
                {
                    "type": "minecraft:item",
                    "name": "minecraft:hay_block",
                    "weight": 551
                },
                {
                    "type": "minecraft:item",
                    "name": "minecraft:shroomlight",
                    "weight": 551
                },
                {
                    "type": "minecraft:item",
                    "name": "minecraft:stone_stairs",
                    "weight": 551
                },
                {
                    "type": "minecraft:item",
                    "name": "minecraft:crimson_sign",
                    "weight": 551
                },
                {
                    "type": "minecraft:item",
                    "name": "minecraft:black_wool",
                    "weight": 276
                },
                {
                    "type": "minecraft:item",
                    "functions": [
                        {
                            "add": false,
                            "count": {
                                "type": "minecraft:uniform",
                                "max": 2.0,
                                "min": 1.0
                            },
                            "function": "minecraft:set_count"
                        }
                    ],
                    "name": "minecraft:mutton",
                    "weight": 276
                },
                {
                    "type": "minecraft:item",
                    "name": "minecraft:cauldron",
                    "weight": 551
                },
                {
                    "type": "minecraft:item",
                    "name": "minecraft:lime_terracotta",
                    "weight": 551
                },
                {
                    "type": "minecraft:item",
                    "name": "minecraft:polished_blackstone_stairs",
                    "weight": 551
                },
                {
                    "type": "minecraft:item",
                    "functions": [
                        {
                            "add": false,
                            "count": {
                                "type": "minecraft:uniform",
                                "max": 4.0,
                                "min": 2.0
                            },
                            "function": "minecraft:set_count"
                        }
                    ],
                    "name": "minecraft:porkchop",
                    "weight": 276
                },
                {
                    "type": "minecraft:item",
                    "functions": [
                        {
                            "add": false,
                            "count": {
                                "type": "minecraft:uniform",
                                "max": 1.0,
                                "min": 0.0
                            },
                            "function": "minecraft:set_count"
                        }
                    ],
                    "name": "minecraft:leather",
                    "weight": 276
                },
                {
                    "type": "minecraft:item",
                    "name": "minecraft:cherry_pressure_plate",
                    "weight": 551
                },
                {
                    "type": "minecraft:item",
                    "name": "minecraft:nether_wart",
                    "weight": 551
                },
                {
                    "type": "minecraft:item",
                    "name": "minecraft:black_concrete",
                    "weight": 551
                },
                {
                    "type": "minecraft:item",
                    "name": "minecraft:flower_pot",
                    "weight": 276
                },
                {
                    "type": "minecraft:item",
                    "name": "minecraft:torchflower",
                    "weight": 276
                },
                {
                    "type": "minecraft:item",
                    "name": "minecraft:bread",
                    "weight": 182
                },
                {
                    "type": "minecraft:item",
                    "name": "minecraft:pumpkin_pie",
                    "weight": 182
                },
                {
                    "type": "minecraft:item",
                    "name": "minecraft:cookie",
                    "weight": 182
                },
                {
                    "type": "minecraft:item",
                    "name": "minecraft:light_gray_bed",
                    "weight": 551
                },
                {
                    "type": "minecraft:item",
                    "functions": [
                        {
                            "function": "minecraft:explosion_decay"
                        }
                    ],
                    "name": "minecraft:polished_blackstone_brick_slab",
                    "weight": 551
                },
                {
                    "type": "minecraft:item",
                    "name": "minecraft:coal_block",
                    "weight": 551
                },
                {
                    "type": "minecraft:item",
                    "name": "minecraft:prismarine_stairs",
                    "weight": 551
                },
                {
                    "type": "minecraft:item",
                    "name": "minecraft:dried_kelp_block",
                    "weight": 551
                },
                {
                    "type": "minecraft:item",
                    "name": "minecraft:yellow_bed",
                    "weight": 551
                },
                {
                    "type": "minecraft:item",
                    "functions": [
                        {
                            "add": false,
                            "count": {
                                "type": "minecraft:uniform",
                                "max": 4.0,
                                "min": 1.0
                            },
                            "function": "minecraft:set_count"
                        }
                    ],
                    "name": "minecraft:coal",
                    "weight": 127
                },
                {
                    "type": "minecraft:item",
                    "name": "minecraft:stone_axe",
                    "weight": 28
                },
                {
                    "type": "minecraft:item",
                    "name": "minecraft:rotten_flesh",
                    "weight": 67
                },
                {
                    "type": "minecraft:item",
                    "name": "minecraft:emerald",
                    "weight": 28
                },
                {
                    "type": "minecraft:item",
                    "functions": [
                        {
                            "add": false,
                            "count": {
                                "type": "minecraft:uniform",
                                "max": 3.0,
                                "min": 2.0
                            },
                            "function": "minecraft:set_count"
                        }
                    ],
                    "name": "minecraft:wheat",
                    "weight": 127
                },
                {
                    "type": "minecraft:item",
                    "name": "minecraft:leather_chestplate",
                    "weight": 28
                },
                {
                    "type": "minecraft:item",
                    "name": "minecraft:golden_helmet",
                    "weight": 28
                },
                {
                    "type": "minecraft:item",
                    "functions": [
                        {
                            "function": "minecraft:enchant_randomly"
                        }
                    ],
                    "name": "minecraft:fishing_rod",
                    "weight": 67
                },
                {
                    "type": "minecraft:item",
                    "functions": [
                        {
                            "decoration": "red_x",
                            "function": "minecraft:exploration_map",
                            "skip_existing_chunks": false,
                            "zoom": 1
                        },
                        {
                            "function": "minecraft:set_name",
                            "name": {
                                "translate": "filled_map.buried_treasure"
                            }
                        }
                    ],
                    "name": "minecraft:map",
                    "weight": 67
                }
            ]
        }
    ]
}