{
    "pools": [
        {
            "rolls": {
                "min": 10,
                "max": 50
            },
            "entries": [
                {
                    "type": "minecraft:item",
                    "name": "minecraft:fern",
                    "weight": 10
                },
                {
                    "type": "minecraft:item",
                    "functions": [
                        {
                            "function": "minecraft:explosion_decay"
                        }
                    ],
                    "name": "minecraft:wheat_seeds",
                    "weight": 10
                },
                {
                    "type": "minecraft:item",
                    "name": "minecraft:blue_stained_glass",
                    "weight": 19
                },
                {
                    "type": "minecraft:item",
                    "functions": [
                        {
                            "add": false,
                            "count": {
                                "type": "minecraft:uniform",
                                "max": 3.0,
                                "min": 1.0
                            },
                            "function": "minecraft:set_count"
                        }
                    ],
                    "name": "minecraft:iron_ingot",
                    "weight": 5
                },
                {
                    "type": "minecraft:item",
                    "functions": [
                        {
                            "add": false,
                            "count": {
                                "type": "minecraft:uniform",
                                "max": 4.0,
                                "min": 1.0
                            },
                            "function": "minecraft:set_count"
                        }
                    ],
                    "name": "minecraft:bread",
                    "weight": 10
                },
                {
                    "type": "minecraft:item",
                    "name": "minecraft:iron_helmet",
                    "weight": 3
                },
                {
                    "type": "minecraft:item",
                    "name": "minecraft:emerald",
                    "weight": 3
                },
                {
                    "type": "minecraft:item",
                    "name": "minecraft:brown_glazed_terracotta",
                    "weight": 19
                },
                {
                    "type": "minecraft:item",
                    "functions": [
                        {
                            "function": "minecraft:explosion_decay"
                        }
                    ],
                    "name": "minecraft:red_sandstone_slab",
                    "weight": 19
                },
                {
                    "type": "minecraft:item",
                    "name": "minecraft:purple_glazed_terracotta",
                    "weight": 19
                },
                {
                    "type": "minecraft:item",
                    "name": "minecraft:iron_bars",
                    "weight": 19
                },
                {
                    "type": "minecraft:item",
                    "name": "minecraft:stripped_warped_stem",
                    "weight": 19
                },
                {
                    "type": "minecraft:item",
                    "name": "minecraft:coarse_dirt",
                    "weight": 19
                },
                {
                    "type": "minecraft:item",
                    "name": "minecraft:lever",
                    "weight": 19
                },
                {
                    "type": "minecraft:item",
                    "functions": [
                        {
                            "type": "minecraft:shulker_box",
                            "entries": [
                                {
                                    "type": "minecraft:dynamic",
                                    "name": "minecraft:contents"
                                }
                            ],
                            "function": "minecraft:set_contents"
                        }
                    ],
                    "name": "minecraft:gray_shulker_box",
                    "weight": 19
                }
            ]
        }
    ]
}