{
    "pools": [
        {
            "rolls": {
                "min": 10,
                "max": 50
            },
            "entries": [
                {
                    "type": "minecraft:item",
                    "name": "minecraft:fire_coral_block",
                    "weight": 7
                },
                {
                    "type": "minecraft:item",
                    "name": "minecraft:dead_fire_coral_block",
                    "weight": 7
                },
                {
                    "type": "minecraft:item",
                    "name": "minecraft:cherry_trapdoor",
                    "weight": 13
                },
                {
                    "type": "minecraft:item",
                    "name": "minecraft:oak_fence_gate",
                    "weight": 13
                },
                {
                    "type": "minecraft:item",
                    "functions": [
                        {
                            "function": "minecraft:explosion_decay"
                        }
                    ],
                    "name": "minecraft:dark_prismarine_slab",
                    "weight": 13
                },
                {
                    "type": "minecraft:item",
                    "name": "minecraft:candle",
                    "weight": 13
                },
                {
                    "type": "minecraft:item",
                    "name": "minecraft:blue_carpet",
                    "weight": 13
                },
                {
                    "type": "minecraft:item",
                    "name": "minecraft:bamboo",
                    "weight": 13
                },
                {
                    "type": "minecraft:item",
                    "name": "minecraft:cyan_banner",
                    "weight": 13
                },
                {
                    "type": "minecraft:item",
                    "name": "minecraft:mossy_stone_brick_stairs",
                    "weight": 13
                },
                {
                    "type": "minecraft:item",
                    "functions": [
                        {
                            "add": false,
                            "count": 1.0,
                            "function": "minecraft:set_count"
                        }
                    ],
                    "name": "minecraft:pufferfish",
                    "weight": 7
                },
                {
                    "type": "minecraft:item",
                    "name": "minecraft:bone_meal",
                    "weight": 7
                },
                {
                    "type": "minecraft:item",
                    "name": "minecraft:dead_horn_coral",
                    "weight": 13
                }
            ]
        }
    ]
}