{
    "pools": [
        {
            "rolls": {
                "min": 1,
                "max": 5
            },
            "entries": [
                {
                    "type": "minecraft:item",
                    "name": "minecraft:stone_bricks",
                    "weight": 36
                },
                {
                    "type": "minecraft:item",
                    "name": "minecraft:oxidized_cut_copper_stairs",
                    "weight": 36
                },
                {
                    "type": "minecraft:item",
                    "name": "minecraft:orange_wool",
                    "weight": 36
                },
                {
                    "type": "minecraft:item",
                    "name": "minecraft:oxidized_cut_copper",
                    "weight": 36
                },
                {
                    "type": "minecraft:item",
                    "name": "minecraft:black_terracotta",
                    "weight": 36
                },
                {
                    "type": "minecraft:item",
                    "name": "minecraft:chipped_anvil",
                    "weight": 36
                },
                {
                    "type": "minecraft:item",
                    "name": "minecraft:nether_bricks",
                    "weight": 36
                },
                {
                    "type": "minecraft:item",
                    "name": "minecraft:cyan_terracotta",
                    "weight": 36
                },
                {
                    "type": "minecraft:item",
                    "name": "minecraft:melon_seeds",
                    "weight": 36
                },
                {
                    "type": "minecraft:item",
                    "name": "minecraft:red_sandstone_wall",
                    "weight": 36
                },
                {
                    "type": "minecraft:item",
                    "name": "minecraft:white_wool",
                    "weight": 3
                },
                {
                    "type": "minecraft:item",
                    "name": "minecraft:orange_wool",
                    "weight": 3
                },
                {
                    "type": "minecraft:item",
                    "name": "minecraft:magenta_wool",
                    "weight": 3
                },
                {
                    "type": "minecraft:item",
                    "name": "minecraft:light_blue_wool",
                    "weight": 3
                },
                {
                    "type": "minecraft:item",
                    "name": "minecraft:yellow_wool",
                    "weight": 3
                },
                {
                    "type": "minecraft:item",
                    "name": "minecraft:lime_wool",
                    "weight": 3
                },
                {
                    "type": "minecraft:item",
                    "name": "minecraft:pink_wool",
                    "weight": 3
                },
                {
                    "type": "minecraft:item",
                    "name": "minecraft:gray_wool",
                    "weight": 3
                },
                {
                    "type": "minecraft:item",
                    "name": "minecraft:light_gray_wool",
                    "weight": 3
                },
                {
                    "type": "minecraft:item",
                    "name": "minecraft:cyan_wool",
                    "weight": 3
                },
                {
                    "type": "minecraft:item",
                    "name": "minecraft:purple_wool",
                    "weight": 3
                },
                {
                    "type": "minecraft:item",
                    "name": "minecraft:blue_wool",
                    "weight": 3
                },
                {
                    "type": "minecraft:item",
                    "name": "minecraft:brown_wool",
                    "weight": 3
                },
                {
                    "type": "minecraft:item",
                    "name": "minecraft:green_wool",
                    "weight": 3
                },
                {
                    "type": "minecraft:item",
                    "name": "minecraft:red_wool",
                    "weight": 3
                },
                {
                    "type": "minecraft:item",
                    "name": "minecraft:black_wool",
                    "weight": 3
                },
                {
                    "type": "minecraft:item",
                    "functions": [
                        {
                            "function": "minecraft:explosion_decay"
                        }
                    ],
                    "name": "minecraft:stone_slab",
                    "weight": 36
                },
                {
                    "type": "minecraft:item",
                    "name": "minecraft:mangrove_stairs",
                    "weight": 36
                },
                {
                    "type": "minecraft:item",
                    "name": "minecraft:orange_concrete",
                    "weight": 36
                },
                {
                    "type": "minecraft:item",
                    "name": "minecraft:black_stained_glass",
                    "weight": 36
                },
                {
                    "type": "minecraft:item",
                    "name": "minecraft:cut_red_sandstone",
                    "weight": 36
                },
                {
                    "type": "minecraft:item",
                    "name": "minecraft:mossy_stone_brick_wall",
                    "weight": 36
                },
                {
                    "type": "minecraft:item",
                    "name": "minecraft:warped_planks",
                    "weight": 36
                },
                {
                    "type": "minecraft:item",
                    "name": "minecraft:mangrove_sign",
                    "weight": 36
                },
                {
                    "type": "minecraft:item",
                    "name": "minecraft:blackstone_stairs",
                    "weight": 36
                },
                {
                    "type": "minecraft:item",
                    "name": "minecraft:big_dripleaf",
                    "weight": 36
                }
            ]
        }
    ]
}