{
    "pools": [
        {
            "rolls": {
                "min": 1,
                "max": 5
            },
            "entries": [
                {
                    "type": "minecraft:item",
                    "name": "minecraft:oak_pressure_plate",
                    "weight": 66
                },
                {
                    "type": "minecraft:item",
                    "name": "minecraft:lodestone",
                    "weight": 66
                },
                {
                    "type": "minecraft:item",
                    "name": "minecraft:mud_bricks",
                    "weight": 66
                },
                {
                    "type": "minecraft:item",
                    "name": "minecraft:acacia_log",
                    "weight": 66
                },
                {
                    "type": "minecraft:item",
                    "name": "minecraft:blue_banner",
                    "weight": 66
                },
                {
                    "type": "minecraft:item",
                    "name": "minecraft:bamboo_planks",
                    "weight": 66
                },
                {
                    "type": "minecraft:item",
                    "name": "minecraft:azalea",
                    "weight": 66
                },
                {
                    "type": "minecraft:item",
                    "name": "minecraft:black_carpet",
                    "weight": 66
                },
                {
                    "type": "minecraft:item",
                    "functions": [
                        {
                            "add": true,
                            "count": -1.0,
                            "function": "minecraft:set_count"
                        },
                        {
                            "function": "minecraft:explosion_decay"
                        }
                    ],
                    "name": "minecraft:glow_lichen",
                    "weight": 66
                },
                {
                    "type": "minecraft:item",
                    "name": "minecraft:grass",
                    "weight": 33
                },
                {
                    "type": "minecraft:item",
                    "functions": [
                        {
                            "function": "minecraft:explosion_decay"
                        }
                    ],
                    "name": "minecraft:wheat_seeds",
                    "weight": 33
                },
                {
                    "type": "minecraft:item",
                    "name": "minecraft:clay_ball",
                    "weight": 4
                },
                {
                    "type": "minecraft:item",
                    "name": "minecraft:green_dye",
                    "weight": 4
                },
                {
                    "type": "minecraft:item",
                    "functions": [
                        {
                            "add": false,
                            "count": {
                                "type": "minecraft:uniform",
                                "max": 4.0,
                                "min": 1.0
                            },
                            "function": "minecraft:set_count"
                        }
                    ],
                    "name": "minecraft:cactus",
                    "weight": 17
                },
                {
                    "type": "minecraft:item",
                    "functions": [
                        {
                            "add": false,
                            "count": {
                                "type": "minecraft:uniform",
                                "max": 7.0,
                                "min": 1.0
                            },
                            "function": "minecraft:set_count"
                        }
                    ],
                    "name": "minecraft:wheat",
                    "weight": 17
                },
                {
                    "type": "minecraft:item",
                    "functions": [
                        {
                            "add": false,
                            "count": {
                                "type": "minecraft:uniform",
                                "max": 4.0,
                                "min": 1.0
                            },
                            "function": "minecraft:set_count"
                        }
                    ],
                    "name": "minecraft:bread",
                    "weight": 17
                },
                {
                    "type": "minecraft:item",
                    "name": "minecraft:book",
                    "weight": 4
                },
                {
                    "type": "minecraft:item",
                    "functions": [
                        {
                            "add": false,
                            "count": {
                                "type": "minecraft:uniform",
                                "max": 3.0,
                                "min": 1.0
                            },
                            "function": "minecraft:set_count"
                        }
                    ],
                    "name": "minecraft:dead_bush",
                    "weight": 5
                },
                {
                    "type": "minecraft:item",
                    "functions": [
                        {
                            "add": false,
                            "count": {
                                "type": "minecraft:uniform",
                                "max": 3.0,
                                "min": 1.0
                            },
                            "function": "minecraft:set_count"
                        }
                    ],
                    "name": "minecraft:emerald",
                    "weight": 4
                },
                {
                    "type": "minecraft:item",
                    "name": "minecraft:heavy_weighted_pressure_plate",
                    "weight": 66
                },
                {
                    "type": "minecraft:item",
                    "name": "minecraft:purple_wool",
                    "weight": 66
                },
                {
                    "type": "minecraft:item",
                    "name": "minecraft:sniffer_egg",
                    "weight": 66
                },
                {
                    "type": "minecraft:item",
                    "name": "minecraft:cracked_stone_bricks",
                    "weight": 66
                },
                {
                    "type": "minecraft:item",
                    "name": "minecraft:yellow_banner",
                    "weight": 66
                },
                {
                    "type": "minecraft:item",
                    "name": "minecraft:light_blue_concrete",
                    "weight": 66
                },
                {
                    "type": "minecraft:item",
                    "name": "minecraft:dead_fire_coral_block",
                    "weight": 66
                },
                {
                    "type": "minecraft:item",
                    "functions": [
                        {
                            "add": false,
                            "count": {
                                "type": "minecraft:uniform",
                                "max": 3.0,
                                "min": 1.0
                            },
                            "function": "minecraft:set_count"
                        }
                    ],
                    "name": "minecraft:rotten_flesh",
                    "weight": 66
                },
                {
                    "type": "minecraft:item",
                    "name": "minecraft:white_glazed_terracotta",
                    "weight": 66
                },
                {
                    "type": "minecraft:item",
                    "functions": [
                        {
                            "function": "minecraft:explosion_decay"
                        }
                    ],
                    "name": "minecraft:petrified_oak_slab",
                    "weight": 66
                },
                {
                    "type": "minecraft:item",
                    "name": "minecraft:dark_oak_door",
                    "weight": 66
                }
            ]
        }
    ]
}