{
    "pools": [
        {
            "rolls": {
                "min": 1,
                "max": 5
            },
            "entries": [
                {
                    "type": "minecraft:item",
                    "functions": [
                        {
                            "add": false,
                            "count": {
                                "type": "minecraft:uniform",
                                "max": 2.0,
                                "min": 0.0
                            },
                            "function": "minecraft:set_count"
                        }
                    ],
                    "name": "minecraft:feather",
                    "weight": 162
                },
                {
                    "type": "minecraft:item",
                    "name": "minecraft:chicken",
                    "weight": 162
                },
                {
                    "type": "minecraft:item",
                    "functions": [
                        {
                            "add": false,
                            "count": {
                                "type": "minecraft:uniform",
                                "max": 8.0,
                                "min": 1.0
                            },
                            "function": "minecraft:set_count"
                        }
                    ],
                    "name": "minecraft:white_wool",
                    "weight": 75
                },
                {
                    "type": "minecraft:item",
                    "functions": [
                        {
                            "add": false,
                            "count": {
                                "type": "minecraft:uniform",
                                "max": 3.0,
                                "min": 1.0
                            },
                            "function": "minecraft:set_count"
                        }
                    ],
                    "name": "minecraft:black_wool",
                    "weight": 39
                },
                {
                    "type": "minecraft:item",
                    "functions": [
                        {
                            "add": false,
                            "count": {
                                "type": "minecraft:uniform",
                                "max": 3.0,
                                "min": 1.0
                            },
                            "function": "minecraft:set_count"
                        }
                    ],
                    "name": "minecraft:gray_wool",
                    "weight": 39
                },
                {
                    "type": "minecraft:item",
                    "functions": [
                        {
                            "add": false,
                            "count": {
                                "type": "minecraft:uniform",
                                "max": 3.0,
                                "min": 1.0
                            },
                            "function": "minecraft:set_count"
                        }
                    ],
                    "name": "minecraft:brown_wool",
                    "weight": 39
                },
                {
                    "type": "minecraft:item",
                    "functions": [
                        {
                            "add": false,
                            "count": {
                                "type": "minecraft:uniform",
                                "max": 3.0,
                                "min": 1.0
                            },
                            "function": "minecraft:set_count"
                        }
                    ],
                    "name": "minecraft:light_gray_wool",
                    "weight": 39
                },
                {
                    "type": "minecraft:item",
                    "name": "minecraft:emerald",
                    "weight": 13
                },
                {
                    "type": "minecraft:item",
                    "name": "minecraft:shears",
                    "weight": 13
                },
                {
                    "type": "minecraft:item",
                    "functions": [
                        {
                            "add": false,
                            "count": {
                                "type": "minecraft:uniform",
                                "max": 6.0,
                                "min": 1.0
                            },
                            "function": "minecraft:set_count"
                        }
                    ],
                    "name": "minecraft:wheat",
                    "weight": 75
                },
                {
                    "type": "minecraft:item",
                    "functions": [
                        {
                            "add": false,
                            "count": {
                                "type": "minecraft:uniform",
                                "max": 1.0,
                                "min": 0.0
                            },
                            "function": "minecraft:set_count"
                        },
                        {
                            "function": "minecraft:explosion_decay"
                        }
                    ],
                    "name": "minecraft:chorus_fruit",
                    "weight": 323
                },
                {
                    "type": "minecraft:item",
                    "name": "minecraft:red_bed",
                    "weight": 323
                },
                {
                    "type": "minecraft:item",
                    "name": "minecraft:deepslate_redstone_ore",
                    "weight": 162
                },
                {
                    "type": "minecraft:item",
                    "functions": [
                        {
                            "add": false,
                            "count": {
                                "type": "minecraft:uniform",
                                "max": 5.0,
                                "min": 4.0
                            },
                            "function": "minecraft:set_count"
                        },
                        {
                            "function": "minecraft:explosion_decay"
                        }
                    ],
                    "name": "minecraft:redstone",
                    "weight": 162
                },
                {
                    "type": "minecraft:item",
                    "functions": [
                        {
                            "function": "minecraft:explosion_decay"
                        }
                    ],
                    "name": "minecraft:blue_candle",
                    "weight": 323
                },
                {
                    "type": "minecraft:item",
                    "name": "minecraft:flower_pot",
                    "weight": 162
                },
                {
                    "type": "minecraft:item",
                    "name": "minecraft:orange_tulip",
                    "weight": 162
                },
                {
                    "type": "minecraft:item",
                    "name": "minecraft:blackstone",
                    "weight": 323
                },
                {
                    "type": "minecraft:item",
                    "name": "minecraft:acacia_leaves",
                    "weight": 107
                },
                {
                    "type": "minecraft:item",
                    "name": "minecraft:acacia_sapling",
                    "weight": 107
                },
                {
                    "type": "minecraft:item",
                    "functions": [
                        {
                            "add": false,
                            "count": {
                                "type": "minecraft:uniform",
                                "max": 2.0,
                                "min": 1.0
                            },
                            "function": "minecraft:set_count"
                        },
                        {
                            "function": "minecraft:explosion_decay"
                        }
                    ],
                    "name": "minecraft:stick",
                    "weight": 107
                },
                {
                    "type": "minecraft:item",
                    "functions": [
                        {
                            "add": false,
                            "count": {
                                "type": "minecraft:uniform",
                                "max": 3.0,
                                "min": 1.0
                            },
                            "function": "minecraft:set_count"
                        }
                    ],
                    "name": "minecraft:diamond",
                    "weight": 13
                },
                {
                    "type": "minecraft:item",
                    "functions": [
                        {
                            "add": false,
                            "count": {
                                "type": "minecraft:uniform",
                                "max": 5.0,
                                "min": 1.0
                            },
                            "function": "minecraft:set_count"
                        }
                    ],
                    "name": "minecraft:iron_ingot",
                    "weight": 30
                },
                {
                    "type": "minecraft:item",
                    "functions": [
                        {
                            "add": false,
                            "count": {
                                "type": "minecraft:uniform",
                                "max": 3.0,
                                "min": 1.0
                            },
                            "function": "minecraft:set_count"
                        }
                    ],
                    "name": "minecraft:gold_ingot",
                    "weight": 13
                },
                {
                    "type": "minecraft:item",
                    "functions": [
                        {
                            "add": false,
                            "count": {
                                "type": "minecraft:uniform",
                                "max": 3.0,
                                "min": 1.0
                            },
                            "function": "minecraft:set_count"
                        }
                    ],
                    "name": "minecraft:bread",
                    "weight": 84
                },
                {
                    "type": "minecraft:item",
                    "name": "minecraft:iron_pickaxe",
                    "weight": 30
                },
                {
                    "type": "minecraft:item",
                    "functions": [
                        {
                            "add": false,
                            "count": {
                                "type": "minecraft:uniform",
                                "max": 3.0,
                                "min": 1.0
                            },
                            "function": "minecraft:set_count"
                        }
                    ],
                    "name": "minecraft:coal",
                    "weight": 13
                },
                {
                    "type": "minecraft:item",
                    "functions": [
                        {
                            "add": false,
                            "count": {
                                "type": "minecraft:uniform",
                                "max": 3.0,
                                "min": 1.0
                            },
                            "function": "minecraft:set_count"
                        }
                    ],
                    "name": "minecraft:stick",
                    "weight": 120
                },
                {
                    "type": "minecraft:item",
                    "name": "minecraft:iron_shovel",
                    "weight": 30
                },
                {
                    "type": "minecraft:item",
                    "name": "minecraft:sculk_shrieker",
                    "weight": 323
                },
                {
                    "type": "minecraft:item",
                    "name": "minecraft:carved_pumpkin",
                    "weight": 323
                },
                {
                    "type": "minecraft:item",
                    "name": "minecraft:purple_concrete",
                    "weight": 323
                },
                {
                    "type": "minecraft:item",
                    "name": "minecraft:crimson_hanging_sign",
                    "weight": 323
                },
                {
                    "type": "minecraft:item",
                    "name": "minecraft:lime_candle",
                    "weight": 323
                },
                {
                    "type": "minecraft:item",
                    "name": "minecraft:weathered_cut_copper_stairs",
                    "weight": 323
                },
                {
                    "type": "minecraft:item",
                    "name": "minecraft:red_concrete_powder",
                    "weight": 323
                },
                {
                    "type": "minecraft:item",
                    "functions": [
                        {
                            "add": false,
                            "count": {
                                "type": "minecraft:uniform",
                                "max": 2.0,
                                "min": 0.0
                            },
                            "function": "minecraft:set_count"
                        }
                    ],
                    "name": "minecraft:prismarine_shard",
                    "weight": 30
                },
                {
                    "type": "minecraft:item",
                    "name": "minecraft:cod",
                    "weight": 52
                },
                {
                    "type": "minecraft:item",
                    "name": "minecraft:prismarine_crystals",
                    "weight": 52
                },
                {
                    "type": "minecraft:empty",
                    "weight": 30
                },
                {
                    "type": "minecraft:item",
                    "name": "minecraft:cod",
                    "weight": 97
                },
                {
                    "type": "minecraft:item",
                    "name": "minecraft:salmon",
                    "weight": 39
                },
                {
                    "type": "minecraft:item",
                    "name": "minecraft:tropical_fish",
                    "weight": 4
                },
                {
                    "type": "minecraft:item",
                    "name": "minecraft:pufferfish",
                    "weight": 20
                },
                {
                    "type": "minecraft:item",
                    "name": "minecraft:end_rod",
                    "weight": 323
                },
                {
                    "type": "minecraft:item",
                    "name": "minecraft:skeleton_skull",
                    "weight": 323
                },
                {
                    "type": "minecraft:item",
                    "functions": [
                        {
                            "function": "minecraft:explosion_decay"
                        }
                    ],
                    "name": "minecraft:polished_blackstone_slab",
                    "weight": 323
                },
                {
                    "type": "minecraft:item",
                    "name": "minecraft:orange_glazed_terracotta",
                    "weight": 323
                }
            ]
        }
    ]
}