{
    "pools": [
        {
            "rolls": {
                "min": 1,
                "max": 5
            },
            "entries": [
                {
                    "type": "minecraft:item",
                    "name": "minecraft:jungle_wood",
                    "weight": 22
                },
                {
                    "type": "minecraft:item",
                    "name": "minecraft:cherry_fence",
                    "weight": 22
                },
                {
                    "type": "minecraft:item",
                    "name": "minecraft:jukebox",
                    "weight": 22
                },
                {
                    "type": "minecraft:item",
                    "name": "minecraft:brain_coral",
                    "weight": 22
                },
                {
                    "type": "minecraft:item",
                    "name": "minecraft:white_terracotta",
                    "weight": 22
                },
                {
                    "type": "minecraft:item",
                    "name": "minecraft:end_stone",
                    "weight": 22
                },
                {
                    "type": "minecraft:item",
                    "name": "minecraft:white_banner",
                    "weight": 22
                },
                {
                    "type": "minecraft:item",
                    "functions": [
                        {
                            "function": "minecraft:explosion_decay"
                        }
                    ],
                    "name": "minecraft:deepslate_tile_slab",
                    "weight": 22
                },
                {
                    "type": "minecraft:item",
                    "name": "minecraft:mud_brick_wall",
                    "weight": 22
                },
                {
                    "type": "minecraft:item",
                    "name": "minecraft:carrot",
                    "weight": 11
                },
                {
                    "type": "minecraft:item",
                    "name": "minecraft:carrot",
                    "weight": 11
                },
                {
                    "type": "minecraft:item",
                    "name": "minecraft:weathered_cut_copper",
                    "weight": 22
                },
                {
                    "type": "minecraft:item",
                    "name": "minecraft:yellow_stained_glass",
                    "weight": 22
                },
                {
                    "type": "minecraft:item",
                    "name": "minecraft:waxed_oxidized_copper",
                    "weight": 22
                },
                {
                    "type": "minecraft:item",
                    "name": "minecraft:oak_button",
                    "weight": 22
                },
                {
                    "type": "minecraft:item",
                    "name": "minecraft:raw_iron_block",
                    "weight": 22
                },
                {
                    "type": "minecraft:item",
                    "name": "minecraft:crimson_pressure_plate",
                    "weight": 22
                },
                {
                    "type": "minecraft:item",
                    "name": "minecraft:light_gray_stained_glass",
                    "weight": 22
                },
                {
                    "type": "minecraft:item",
                    "functions": [
                        {
                            "function": "minecraft:explosion_decay"
                        }
                    ],
                    "name": "minecraft:cut_red_sandstone_slab",
                    "weight": 22
                },
                {
                    "type": "minecraft:item",
                    "name": "minecraft:prismarine_bricks",
                    "weight": 22
                },
                {
                    "type": "minecraft:item",
                    "name": "minecraft:flower_pot",
                    "weight": 11
                },
                {
                    "type": "minecraft:item",
                    "name": "minecraft:dead_bush",
                    "weight": 11
                }
            ]
        }
    ]
}