{
    "pools": [
        {
            "rolls": {
                "min": 10,
                "max": 50
            },
            "entries": [
                {
                    "type": "minecraft:item",
                    "name": "minecraft:gray_concrete",
                    "weight": 18
                },
                {
                    "type": "minecraft:item",
                    "name": "minecraft:yellow_wool",
                    "weight": 9
                },
                {
                    "type": "minecraft:item",
                    "functions": [
                        {
                            "add": false,
                            "count": {
                                "type": "minecraft:uniform",
                                "max": 2.0,
                                "min": 1.0
                            },
                            "function": "minecraft:set_count"
                        }
                    ],
                    "name": "minecraft:mutton",
                    "weight": 9
                },
                {
                    "type": "minecraft:item",
                    "functions": [
                        {
                            "function": "minecraft:explosion_decay"
                        }
                    ],
                    "name": "minecraft:composter",
                    "weight": 9
                },
                {
                    "type": "minecraft:item",
                    "name": "minecraft:bone_meal",
                    "weight": 9
                },
                {
                    "type": "minecraft:item",
                    "name": "minecraft:tripwire_hook",
                    "weight": 18
                },
                {
                    "type": "minecraft:item",
                    "name": "minecraft:oak_leaves",
                    "weight": 5
                },
                {
                    "type": "minecraft:item",
                    "name": "minecraft:oak_sapling",
                    "weight": 5
                },
                {
                    "type": "minecraft:item",
                    "functions": [
                        {
                            "add": false,
                            "count": {
                                "type": "minecraft:uniform",
                                "max": 2.0,
                                "min": 1.0
                            },
                            "function": "minecraft:set_count"
                        },
                        {
                            "function": "minecraft:explosion_decay"
                        }
                    ],
                    "name": "minecraft:stick",
                    "weight": 5
                },
                {
                    "type": "minecraft:item",
                    "name": "minecraft:apple",
                    "weight": 5
                },
                {
                    "type": "minecraft:item",
                    "name": "minecraft:spruce_trapdoor",
                    "weight": 18
                },
                {
                    "type": "minecraft:item",
                    "name": "minecraft:cobbled_deepslate_wall",
                    "weight": 18
                },
                {
                    "type": "minecraft:item",
                    "name": "minecraft:rose_bush",
                    "weight": 18
                },
                {
                    "type": "minecraft:item",
                    "name": "minecraft:flower_pot",
                    "weight": 9
                },
                {
                    "type": "minecraft:item",
                    "name": "minecraft:dandelion",
                    "weight": 9
                },
                {
                    "type": "minecraft:item",
                    "name": "minecraft:flowering_azalea",
                    "weight": 18
                }
            ]
        }
    ]
}