{
    "pools": [
        {
            "rolls": {
                "min": 10,
                "max": 50
            },
            "entries": [
                {
                    "type": "minecraft:item",
                    "name": "minecraft:bamboo_pressure_plate",
                    "weight": 12
                },
                {
                    "type": "minecraft:item",
                    "name": "minecraft:stone_bricks",
                    "weight": 12
                },
                {
                    "type": "minecraft:item",
                    "name": "minecraft:cobblestone_stairs",
                    "weight": 12
                },
                {
                    "type": "minecraft:item",
                    "name": "minecraft:lectern",
                    "weight": 12
                },
                {
                    "type": "minecraft:item",
                    "name": "minecraft:pink_wool",
                    "weight": 12
                },
                {
                    "type": "minecraft:item",
                    "name": "minecraft:tinted_glass",
                    "weight": 12
                },
                {
                    "type": "minecraft:item",
                    "name": "minecraft:red_concrete",
                    "weight": 12
                },
                {
                    "type": "minecraft:item",
                    "name": "minecraft:brown_stained_glass_pane",
                    "weight": 12
                },
                {
                    "type": "minecraft:item",
                    "name": "minecraft:soul_campfire",
                    "weight": 6
                },
                {
                    "type": "minecraft:item",
                    "functions": [
                        {
                            "add": false,
                            "count": 1.0,
                            "function": "minecraft:set_count"
                        }
                    ],
                    "name": "minecraft:soul_soil",
                    "weight": 6
                },
                {
                    "type": "minecraft:item",
                    "name": "minecraft:stripped_jungle_log",
                    "weight": 12
                },
                {
                    "type": "minecraft:item",
                    "name": "minecraft:daylight_detector",
                    "weight": 12
                }
            ]
        }
    ]
}