{
    "pools": [
        {
            "rolls": {
                "min": 1,
                "max": 5
            },
            "entries": [
                {
                    "type": "minecraft:item",
                    "name": "minecraft:slime_block",
                    "weight": 99
                },
                {
                    "type": "minecraft:item",
                    "name": "minecraft:flower_pot",
                    "weight": 50
                },
                {
                    "type": "minecraft:item",
                    "name": "minecraft:bamboo",
                    "weight": 50
                },
                {
                    "type": "minecraft:item",
                    "name": "minecraft:lime_stained_glass_pane",
                    "weight": 99
                },
                {
                    "type": "minecraft:item",
                    "name": "minecraft:mangrove_button",
                    "weight": 99
                },
                {
                    "type": "minecraft:item",
                    "name": "minecraft:pink_wool",
                    "weight": 99
                },
                {
                    "type": "minecraft:item",
                    "name": "minecraft:flower_pot",
                    "weight": 50
                },
                {
                    "type": "minecraft:item",
                    "name": "minecraft:lily_of_the_valley",
                    "weight": 50
                },
                {
                    "type": "minecraft:item",
                    "name": "minecraft:weeping_vines",
                    "weight": 50
                },
                {
                    "type": "minecraft:item",
                    "name": "minecraft:weeping_vines",
                    "weight": 50
                },
                {
                    "type": "minecraft:item",
                    "functions": [
                        {
                            "function": "minecraft:explosion_decay"
                        }
                    ],
                    "name": "minecraft:composter",
                    "weight": 50
                },
                {
                    "type": "minecraft:item",
                    "name": "minecraft:bone_meal",
                    "weight": 50
                },
                {
                    "type": "minecraft:item",
                    "functions": [
                        {
                            "function": "minecraft:explosion_decay"
                        }
                    ],
                    "name": "minecraft:orange_candle",
                    "weight": 99
                },
                {
                    "type": "minecraft:item",
                    "name": "minecraft:pumpkin",
                    "weight": 99
                },
                {
                    "type": "minecraft:item",
                    "name": "minecraft:dark_oak_trapdoor",
                    "weight": 99
                },
                {
                    "type": "minecraft:item",
                    "name": "minecraft:blackstone_wall",
                    "weight": 99
                },
                {
                    "type": "minecraft:item",
                    "functions": [
                        {
                            "function": "minecraft:explosion_decay"
                        }
                    ],
                    "name": "minecraft:dark_oak_slab",
                    "weight": 99
                },
                {
                    "type": "minecraft:item",
                    "name": "minecraft:flower_pot",
                    "weight": 50
                },
                {
                    "type": "minecraft:item",
                    "name": "minecraft:white_tulip",
                    "weight": 50
                },
                {
                    "type": "minecraft:item",
                    "name": "minecraft:oak_trapdoor",
                    "weight": 99
                },
                {
                    "type": "minecraft:item",
                    "name": "minecraft:polished_andesite",
                    "weight": 99
                },
                {
                    "type": "minecraft:item",
                    "functions": [
                        {
                            "function": "minecraft:explosion_decay"
                        }
                    ],
                    "name": "minecraft:cobblestone_slab",
                    "weight": 99
                },
                {
                    "type": "minecraft:item",
                    "name": "minecraft:white_concrete",
                    "weight": 99
                },
                {
                    "type": "minecraft:item",
                    "functions": [
                        {
                            "add": false,
                            "count": {
                                "type": "minecraft:uniform",
                                "max": 3.0,
                                "min": 1.0
                            },
                            "function": "minecraft:set_count"
                        }
                    ],
                    "name": "minecraft:apple",
                    "weight": 22
                },
                {
                    "type": "minecraft:item",
                    "functions": [
                        {
                            "add": false,
                            "count": {
                                "type": "minecraft:uniform",
                                "max": 4.0,
                                "min": 1.0
                            },
                            "function": "minecraft:set_count"
                        }
                    ],
                    "name": "minecraft:coal",
                    "weight": 22
                },
                {
                    "type": "minecraft:item",
                    "functions": [
                        {
                            "add": false,
                            "count": {
                                "type": "minecraft:uniform",
                                "max": 3.0,
                                "min": 1.0
                            },
                            "function": "minecraft:set_count"
                        }
                    ],
                    "name": "minecraft:gold_nugget",
                    "weight": 16
                },
                {
                    "type": "minecraft:item",
                    "name": "minecraft:stone_axe",
                    "weight": 3
                },
                {
                    "type": "minecraft:item",
                    "name": "minecraft:rotten_flesh",
                    "weight": 16
                },
                {
                    "type": "minecraft:item",
                    "name": "minecraft:emerald",
                    "weight": 3
                },
                {
                    "type": "minecraft:item",
                    "functions": [
                        {
                            "add": false,
                            "count": {
                                "type": "minecraft:uniform",
                                "max": 3.0,
                                "min": 2.0
                            },
                            "function": "minecraft:set_count"
                        }
                    ],
                    "name": "minecraft:wheat",
                    "weight": 16
                },
                {
                    "type": "minecraft:item",
                    "name": "minecraft:golden_apple",
                    "weight": 3
                },
                {
                    "type": "minecraft:item",
                    "name": "minecraft:warped_door",
                    "weight": 99
                },
                {
                    "type": "minecraft:item",
                    "functions": [
                        {
                            "add": false,
                            "count": {
                                "type": "minecraft:uniform",
                                "max": 2.0,
                                "min": 0.0
                            },
                            "function": "minecraft:set_count"
                        }
                    ],
                    "name": "minecraft:cod",
                    "weight": 75
                },
                {
                    "type": "minecraft:item",
                    "functions": [
                        {
                            "add": false,
                            "count": {
                                "type": "minecraft:uniform",
                                "max": 2.0,
                                "min": 0.0
                            },
                            "function": "minecraft:set_count"
                        }
                    ],
                    "name": "minecraft:salmon",
                    "weight": 25
                },
                {
                    "type": "minecraft:item",
                    "name": "minecraft:bookshelf",
                    "weight": 50
                },
                {
                    "type": "minecraft:item",
                    "functions": [
                        {
                            "add": false,
                            "count": 3.0,
                            "function": "minecraft:set_count"
                        },
                        {
                            "function": "minecraft:explosion_decay"
                        }
                    ],
                    "name": "minecraft:book",
                    "weight": 50
                }
            ]
        }
    ]
}