{
    "pools": [
        {
            "rolls": {
                "min": 10,
                "max": 50
            },
            "entries": [
                {
                    "type": "minecraft:item",
                    "name": "minecraft:lilac",
                    "weight": 13
                },
                {
                    "type": "minecraft:item",
                    "name": "minecraft:lime_stained_glass",
                    "weight": 13
                },
                {
                    "type": "minecraft:item",
                    "name": "minecraft:cyan_concrete",
                    "weight": 13
                },
                {
                    "type": "minecraft:item",
                    "functions": [
                        {
                            "function": "minecraft:explosion_decay"
                        }
                    ],
                    "name": "minecraft:mossy_stone_brick_slab",
                    "weight": 13
                },
                {
                    "type": "minecraft:item",
                    "name": "minecraft:polished_diorite_stairs",
                    "weight": 13
                },
                {
                    "type": "minecraft:item",
                    "name": "minecraft:purple_concrete_powder",
                    "weight": 13
                },
                {
                    "type": "minecraft:item",
                    "name": "minecraft:piston",
                    "weight": 13
                },
                {
                    "type": "minecraft:item",
                    "functions": [
                        {
                            "add": false,
                            "count": {
                                "type": "minecraft:uniform",
                                "max": 2.0,
                                "min": 0.0
                            },
                            "function": "minecraft:set_count"
                        }
                    ],
                    "name": "minecraft:cod",
                    "weight": 10
                },
                {
                    "type": "minecraft:item",
                    "functions": [
                        {
                            "add": false,
                            "count": {
                                "type": "minecraft:uniform",
                                "max": 2.0,
                                "min": 0.0
                            },
                            "function": "minecraft:set_count"
                        }
                    ],
                    "name": "minecraft:salmon",
                    "weight": 4
                },
                {
                    "type": "minecraft:item",
                    "name": "minecraft:packed_ice",
                    "weight": 13
                },
                {
                    "type": "minecraft:item",
                    "functions": [
                        {
                            "type": "minecraft:shulker_box",
                            "entries": [
                                {
                                    "type": "minecraft:dynamic",
                                    "name": "minecraft:contents"
                                }
                            ],
                            "function": "minecraft:set_contents"
                        }
                    ],
                    "name": "minecraft:brown_shulker_box",
                    "weight": 13
                }
            ]
        }
    ]
}