{
    "pools": [
        {
            "rolls": {
                "min": 10,
                "max": 50
            },
            "entries": [
                {
                    "type": "minecraft:item",
                    "name": "minecraft:cauldron",
                    "weight": 15
                },
                {
                    "type": "minecraft:item",
                    "name": "minecraft:dead_tube_coral",
                    "weight": 15
                },
                {
                    "type": "minecraft:item",
                    "functions": [
                        {
                            "add": false,
                            "count": 2.0,
                            "function": "minecraft:set_count"
                        }
                    ],
                    "name": "minecraft:fern",
                    "weight": 4
                },
                {
                    "type": "minecraft:item",
                    "name": "minecraft:wheat_seeds",
                    "weight": 4
                },
                {
                    "type": "minecraft:item",
                    "functions": [
                        {
                            "add": false,
                            "count": 2.0,
                            "function": "minecraft:set_count"
                        }
                    ],
                    "name": "minecraft:fern",
                    "weight": 4
                },
                {
                    "type": "minecraft:item",
                    "name": "minecraft:wheat_seeds",
                    "weight": 4
                },
                {
                    "type": "minecraft:item",
                    "name": "minecraft:red_glazed_terracotta",
                    "weight": 15
                },
                {
                    "type": "minecraft:item",
                    "name": "minecraft:light_blue_terracotta",
                    "weight": 15
                },
                {
                    "type": "minecraft:item",
                    "name": "minecraft:pitcher_plant",
                    "weight": 15
                },
                {
                    "type": "minecraft:item",
                    "name": "minecraft:flower_pot",
                    "weight": 8
                },
                {
                    "type": "minecraft:item",
                    "name": "minecraft:dead_bush",
                    "weight": 8
                },
                {
                    "type": "minecraft:item",
                    "name": "minecraft:birch_stairs",
                    "weight": 15
                },
                {
                    "type": "minecraft:item",
                    "functions": [
                        {
                            "add": false,
                            "count": {
                                "type": "minecraft:uniform",
                                "max": 2.0,
                                "min": 0.0
                            },
                            "function": "minecraft:set_count"
                        }
                    ],
                    "name": "minecraft:rotten_flesh",
                    "weight": 15
                },
                {
                    "type": "minecraft:item",
                    "name": "minecraft:creeper_head",
                    "weight": 15
                },
                {
                    "type": "minecraft:item",
                    "name": "minecraft:gray_wool",
                    "weight": 15
                }
            ]
        }
    ]
}