{
    "pools": [
        {
            "rolls": {
                "min": 10,
                "max": 50
            },
            "entries": [
                {
                    "type": "minecraft:item",
                    "name": "minecraft:warped_hyphae",
                    "weight": 14
                },
                {
                    "type": "minecraft:item",
                    "name": "minecraft:stripped_mangrove_log",
                    "weight": 14
                },
                {
                    "type": "minecraft:item",
                    "functions": [
                        {
                            "add": false,
                            "count": {
                                "type": "minecraft:uniform",
                                "max": 4.0,
                                "min": 2.0
                            },
                            "function": "minecraft:set_count"
                        }
                    ],
                    "name": "minecraft:porkchop",
                    "weight": 7
                },
                {
                    "type": "minecraft:item",
                    "functions": [
                        {
                            "add": false,
                            "count": {
                                "type": "minecraft:uniform",
                                "max": 1.0,
                                "min": 0.0
                            },
                            "function": "minecraft:set_count"
                        }
                    ],
                    "name": "minecraft:leather",
                    "weight": 7
                },
                {
                    "type": "minecraft:item",
                    "name": "minecraft:lime_terracotta",
                    "weight": 14
                },
                {
                    "type": "minecraft:item",
                    "name": "minecraft:honey_block",
                    "weight": 14
                },
                {
                    "type": "minecraft:item",
                    "name": "minecraft:tuff",
                    "weight": 14
                },
                {
                    "type": "minecraft:item",
                    "name": "minecraft:polished_andesite",
                    "weight": 14
                },
                {
                    "type": "minecraft:item",
                    "name": "minecraft:cobbled_deepslate_stairs",
                    "weight": 14
                },
                {
                    "type": "minecraft:item",
                    "name": "minecraft:red_wool",
                    "weight": 7
                },
                {
                    "type": "minecraft:item",
                    "functions": [
                        {
                            "add": false,
                            "count": {
                                "type": "minecraft:uniform",
                                "max": 2.0,
                                "min": 1.0
                            },
                            "function": "minecraft:set_count"
                        }
                    ],
                    "name": "minecraft:mutton",
                    "weight": 7
                },
                {
                    "type": "minecraft:item",
                    "name": "minecraft:spruce_log",
                    "weight": 14
                }
            ]
        }
    ]
}