{
    "pools": [
        {
            "rolls": {
                "min": 10,
                "max": 50
            },
            "entries": [
                {
                    "type": "minecraft:item",
                    "name": "minecraft:purpur_block",
                    "weight": 10
                },
                {
                    "type": "minecraft:item",
                    "functions": [
                        {
                            "add": false,
                            "count": 2.0,
                            "function": "minecraft:set_count"
                        }
                    ],
                    "name": "minecraft:seagrass",
                    "weight": 10
                },
                {
                    "type": "minecraft:item",
                    "name": "minecraft:large_amethyst_bud",
                    "weight": 10
                },
                {
                    "type": "minecraft:item",
                    "name": "minecraft:cherry_fence",
                    "weight": 10
                },
                {
                    "type": "minecraft:item",
                    "name": "minecraft:brown_concrete",
                    "weight": 10
                },
                {
                    "type": "minecraft:item",
                    "name": "minecraft:dark_prismarine",
                    "weight": 10
                },
                {
                    "type": "minecraft:item",
                    "functions": [
                        {
                            "add": false,
                            "count": {
                                "type": "minecraft:uniform",
                                "max": 2.0,
                                "min": 0.0
                            },
                            "function": "minecraft:set_count"
                        }
                    ],
                    "name": "minecraft:leather",
                    "weight": 10
                },
                {
                    "type": "minecraft:item",
                    "name": "minecraft:warped_wart_block",
                    "weight": 10
                },
                {
                    "type": "minecraft:item",
                    "name": "minecraft:tube_coral",
                    "weight": 10
                },
                {
                    "type": "minecraft:item",
                    "name": "minecraft:mangrove_fence_gate",
                    "weight": 10
                }
            ]
        }
    ]
}