{
    "pools": [
        {
            "rolls": {
                "min": 1,
                "max": 5
            },
            "entries": [
                {
                    "type": "minecraft:item",
                    "name": "minecraft:jungle_planks",
                    "weight": 69
                },
                {
                    "type": "minecraft:item",
                    "functions": [
                        {
                            "add": false,
                            "count": {
                                "type": "minecraft:uniform",
                                "max": 3.0,
                                "min": 1.0
                            },
                            "function": "minecraft:set_count"
                        }
                    ],
                    "name": "minecraft:gold_nugget",
                    "weight": 2
                },
                {
                    "type": "minecraft:item",
                    "name": "minecraft:dandelion",
                    "weight": 5
                },
                {
                    "type": "minecraft:item",
                    "name": "minecraft:poppy",
                    "weight": 2
                },
                {
                    "type": "minecraft:item",
                    "functions": [
                        {
                            "add": false,
                            "count": {
                                "type": "minecraft:uniform",
                                "max": 7.0,
                                "min": 1.0
                            },
                            "function": "minecraft:set_count"
                        }
                    ],
                    "name": "minecraft:potato",
                    "weight": 16
                },
                {
                    "type": "minecraft:item",
                    "functions": [
                        {
                            "add": false,
                            "count": {
                                "type": "minecraft:uniform",
                                "max": 4.0,
                                "min": 1.0
                            },
                            "function": "minecraft:set_count"
                        }
                    ],
                    "name": "minecraft:bread",
                    "weight": 16
                },
                {
                    "type": "minecraft:item",
                    "functions": [
                        {
                            "add": false,
                            "count": {
                                "type": "minecraft:uniform",
                                "max": 5.0,
                                "min": 1.0
                            },
                            "function": "minecraft:set_count"
                        }
                    ],
                    "name": "minecraft:apple",
                    "weight": 16
                },
                {
                    "type": "minecraft:item",
                    "name": "minecraft:book",
                    "weight": 2
                },
                {
                    "type": "minecraft:item",
                    "name": "minecraft:feather",
                    "weight": 2
                },
                {
                    "type": "minecraft:item",
                    "functions": [
                        {
                            "add": false,
                            "count": {
                                "type": "minecraft:uniform",
                                "max": 4.0,
                                "min": 1.0
                            },
                            "function": "minecraft:set_count"
                        }
                    ],
                    "name": "minecraft:emerald",
                    "weight": 5
                },
                {
                    "type": "minecraft:item",
                    "functions": [
                        {
                            "add": false,
                            "count": {
                                "type": "minecraft:uniform",
                                "max": 2.0,
                                "min": 1.0
                            },
                            "function": "minecraft:set_count"
                        }
                    ],
                    "name": "minecraft:oak_sapling",
                    "weight": 9
                },
                {
                    "type": "minecraft:item",
                    "name": "minecraft:white_wool",
                    "weight": 35
                },
                {
                    "type": "minecraft:item",
                    "functions": [
                        {
                            "add": false,
                            "count": {
                                "type": "minecraft:uniform",
                                "max": 2.0,
                                "min": 1.0
                            },
                            "function": "minecraft:set_count"
                        }
                    ],
                    "name": "minecraft:mutton",
                    "weight": 35
                },
                {
                    "type": "minecraft:item",
                    "name": "minecraft:cobblestone",
                    "weight": 69
                },
                {
                    "type": "minecraft:item",
                    "name": "minecraft:deepslate",
                    "weight": 69
                },
                {
                    "type": "minecraft:item",
                    "name": "minecraft:flower_pot",
                    "weight": 35
                },
                {
                    "type": "minecraft:item",
                    "name": "minecraft:pink_tulip",
                    "weight": 35
                },
                {
                    "type": "minecraft:item",
                    "name": "minecraft:oak_sign",
                    "weight": 69
                },
                {
                    "type": "minecraft:item",
                    "name": "minecraft:sculk_catalyst",
                    "weight": 69
                },
                {
                    "type": "minecraft:item",
                    "name": "minecraft:mud_brick_stairs",
                    "weight": 69
                },
                {
                    "type": "minecraft:item",
                    "name": "minecraft:warped_button",
                    "weight": 69
                },
                {
                    "type": "minecraft:item",
                    "name": "minecraft:mossy_cobblestone_stairs",
                    "weight": 69
                },
                {
                    "type": "minecraft:item",
                    "name": "minecraft:brown_wool",
                    "weight": 69
                },
                {
                    "type": "minecraft:item",
                    "name": "minecraft:poppy",
                    "weight": 69
                },
                {
                    "type": "minecraft:item",
                    "name": "minecraft:gray_stained_glass_pane",
                    "weight": 69
                },
                {
                    "type": "minecraft:item",
                    "name": "minecraft:gray_banner",
                    "weight": 69
                },
                {
                    "type": "minecraft:item",
                    "functions": [
                        {
                            "function": "minecraft:explosion_decay"
                        }
                    ],
                    "name": "minecraft:weathered_cut_copper_slab",
                    "weight": 69
                },
                {
                    "type": "minecraft:item",
                    "name": "minecraft:emerald_block",
                    "weight": 69
                },
                {
                    "type": "minecraft:item",
                    "name": "minecraft:pumpkin_seeds",
                    "weight": 69
                },
                {
                    "type": "minecraft:item",
                    "name": "minecraft:red_terracotta",
                    "weight": 69
                },
                {
                    "type": "minecraft:item",
                    "name": "minecraft:brown_stained_glass_pane",
                    "weight": 69
                }
            ]
        }
    ]
}