{
    "pools": [
        {
            "rolls": {
                "min": 1,
                "max": 5
            },
            "entries": [
                {
                    "type": "minecraft:item",
                    "name": "minecraft:dead_horn_coral",
                    "weight": 149
                },
                {
                    "type": "minecraft:item",
                    "functions": [
                        {
                            "function": "minecraft:explosion_decay"
                        }
                    ],
                    "name": "minecraft:brick_slab",
                    "weight": 149
                },
                {
                    "type": "minecraft:item",
                    "name": "minecraft:magenta_candle",
                    "weight": 149
                },
                {
                    "type": "minecraft:item",
                    "name": "minecraft:small_amethyst_bud",
                    "weight": 149
                },
                {
                    "type": "minecraft:item",
                    "name": "minecraft:waxed_exposed_cut_copper",
                    "weight": 149
                },
                {
                    "type": "minecraft:item",
                    "name": "minecraft:rabbit_hide",
                    "weight": 24
                },
                {
                    "type": "minecraft:item",
                    "name": "minecraft:rabbit_foot",
                    "weight": 24
                },
                {
                    "type": "minecraft:item",
                    "name": "minecraft:chicken",
                    "weight": 24
                },
                {
                    "type": "minecraft:item",
                    "name": "minecraft:feather",
                    "weight": 24
                },
                {
                    "type": "minecraft:item",
                    "name": "minecraft:rotten_flesh",
                    "weight": 24
                },
                {
                    "type": "minecraft:item",
                    "name": "minecraft:string",
                    "weight": 24
                },
                {
                    "type": "minecraft:item",
                    "name": "minecraft:phantom_membrane",
                    "weight": 5
                },
                {
                    "type": "minecraft:item",
                    "name": "minecraft:cracked_polished_blackstone_bricks",
                    "weight": 149
                },
                {
                    "type": "minecraft:item",
                    "name": "minecraft:polished_basalt",
                    "weight": 149
                },
                {
                    "type": "minecraft:item",
                    "name": "minecraft:brown_terracotta",
                    "weight": 149
                },
                {
                    "type": "minecraft:item",
                    "name": "minecraft:flower_pot",
                    "weight": 75
                },
                {
                    "type": "minecraft:item",
                    "name": "minecraft:dandelion",
                    "weight": 75
                },
                {
                    "type": "minecraft:item",
                    "name": "minecraft:cornflower",
                    "weight": 149
                },
                {
                    "type": "minecraft:item",
                    "functions": [
                        {
                            "add": false,
                            "count": {
                                "type": "minecraft:uniform",
                                "max": 5.0,
                                "min": 1.0
                            },
                            "function": "minecraft:set_count"
                        }
                    ],
                    "name": "minecraft:iron_nugget",
                    "weight": 5
                },
                {
                    "type": "minecraft:item",
                    "name": "minecraft:fern",
                    "weight": 8
                },
                {
                    "type": "minecraft:item",
                    "name": "minecraft:large_fern",
                    "weight": 8
                },
                {
                    "type": "minecraft:item",
                    "functions": [
                        {
                            "add": false,
                            "count": {
                                "type": "minecraft:uniform",
                                "max": 7.0,
                                "min": 1.0
                            },
                            "function": "minecraft:set_count"
                        }
                    ],
                    "name": "minecraft:potato",
                    "weight": 26
                },
                {
                    "type": "minecraft:item",
                    "functions": [
                        {
                            "add": false,
                            "count": {
                                "type": "minecraft:uniform",
                                "max": 7.0,
                                "min": 1.0
                            },
                            "function": "minecraft:set_count"
                        }
                    ],
                    "name": "minecraft:sweet_berries",
                    "weight": 12
                },
                {
                    "type": "minecraft:item",
                    "functions": [
                        {
                            "add": false,
                            "count": {
                                "type": "minecraft:uniform",
                                "max": 4.0,
                                "min": 1.0
                            },
                            "function": "minecraft:set_count"
                        }
                    ],
                    "name": "minecraft:bread",
                    "weight": 26
                },
                {
                    "type": "minecraft:item",
                    "functions": [
                        {
                            "add": false,
                            "count": {
                                "type": "minecraft:uniform",
                                "max": 5.0,
                                "min": 1.0
                            },
                            "function": "minecraft:set_count"
                        }
                    ],
                    "name": "minecraft:pumpkin_seeds",
                    "weight": 12
                },
                {
                    "type": "minecraft:item",
                    "name": "minecraft:pumpkin_pie",
                    "weight": 5
                },
                {
                    "type": "minecraft:item",
                    "functions": [
                        {
                            "add": false,
                            "count": {
                                "type": "minecraft:uniform",
                                "max": 4.0,
                                "min": 1.0
                            },
                            "function": "minecraft:set_count"
                        }
                    ],
                    "name": "minecraft:emerald",
                    "weight": 8
                },
                {
                    "type": "minecraft:item",
                    "functions": [
                        {
                            "add": false,
                            "count": {
                                "type": "minecraft:uniform",
                                "max": 5.0,
                                "min": 1.0
                            },
                            "function": "minecraft:set_count"
                        }
                    ],
                    "name": "minecraft:spruce_sapling",
                    "weight": 12
                },
                {
                    "type": "minecraft:item",
                    "name": "minecraft:spruce_sign",
                    "weight": 5
                },
                {
                    "type": "minecraft:item",
                    "functions": [
                        {
                            "add": false,
                            "count": {
                                "type": "minecraft:uniform",
                                "max": 5.0,
                                "min": 1.0
                            },
                            "function": "minecraft:set_count"
                        }
                    ],
                    "name": "minecraft:spruce_log",
                    "weight": 26
                },
                {
                    "type": "minecraft:item",
                    "name": "minecraft:cobblestone_wall",
                    "weight": 149
                },
                {
                    "type": "minecraft:item",
                    "name": "minecraft:lime_concrete_powder",
                    "weight": 149
                },
                {
                    "type": "minecraft:item",
                    "name": "minecraft:warped_fence",
                    "weight": 149
                },
                {
                    "type": "minecraft:item",
                    "name": "minecraft:azure_bluet",
                    "weight": 149
                },
                {
                    "type": "minecraft:item",
                    "name": "minecraft:red_wool",
                    "weight": 75
                },
                {
                    "type": "minecraft:item",
                    "functions": [
                        {
                            "add": false,
                            "count": {
                                "type": "minecraft:uniform",
                                "max": 2.0,
                                "min": 1.0
                            },
                            "function": "minecraft:set_count"
                        }
                    ],
                    "name": "minecraft:mutton",
                    "weight": 75
                },
                {
                    "type": "minecraft:item",
                    "name": "minecraft:pink_bed",
                    "weight": 149
                },
                {
                    "type": "minecraft:item",
                    "functions": [
                        {
                            "type": "minecraft:shulker_box",
                            "entries": [
                                {
                                    "type": "minecraft:dynamic",
                                    "name": "minecraft:contents"
                                }
                            ],
                            "function": "minecraft:set_contents"
                        }
                    ],
                    "name": "minecraft:light_blue_shulker_box",
                    "weight": 149
                },
                {
                    "type": "minecraft:item",
                    "functions": [
                        {
                            "add": true,
                            "count": -1.0,
                            "function": "minecraft:set_count"
                        },
                        {
                            "function": "minecraft:explosion_decay"
                        }
                    ],
                    "name": "minecraft:sculk_vein",
                    "weight": 149
                },
                {
                    "type": "minecraft:item",
                    "name": "minecraft:warped_trapdoor",
                    "weight": 149
                },
                {
                    "type": "minecraft:item",
                    "name": "minecraft:cherry_button",
                    "weight": 149
                }
            ]
        }
    ]
}