{
    "pools": [
        {
            "rolls": {
                "min": 10,
                "max": 50
            },
            "entries": [
                {
                    "type": "minecraft:item",
                    "name": "minecraft:jukebox",
                    "weight": 10
                },
                {
                    "type": "minecraft:item",
                    "functions": [
                        {
                            "function": "minecraft:explosion_decay"
                        }
                    ],
                    "name": "minecraft:pink_petals",
                    "weight": 10
                },
                {
                    "type": "minecraft:item",
                    "name": "minecraft:weeping_vines",
                    "weight": 5
                },
                {
                    "type": "minecraft:item",
                    "name": "minecraft:weeping_vines",
                    "weight": 5
                },
                {
                    "type": "minecraft:item",
                    "name": "minecraft:oak_planks",
                    "weight": 10
                },
                {
                    "type": "minecraft:item",
                    "functions": [
                        {
                            "function": "minecraft:explosion_decay"
                        }
                    ],
                    "name": "minecraft:end_stone_brick_slab",
                    "weight": 10
                },
                {
                    "type": "minecraft:item",
                    "name": "minecraft:deepslate_tile_wall",
                    "weight": 10
                },
                {
                    "type": "minecraft:item",
                    "name": "minecraft:birch_wood",
                    "weight": 10
                },
                {
                    "type": "minecraft:item",
                    "name": "minecraft:light_gray_concrete",
                    "weight": 10
                },
                {
                    "type": "minecraft:item",
                    "name": "minecraft:sculk_catalyst",
                    "weight": 10
                }
            ]
        }
    ]
}