{
    "pools": [
        {
            "rolls": {
                "min": 10,
                "max": 50
            },
            "entries": [
                {
                    "type": "minecraft:item",
                    "name": "minecraft:purple_terracotta",
                    "weight": 14
                },
                {
                    "type": "minecraft:item",
                    "name": "minecraft:gravel",
                    "weight": 5
                },
                {
                    "type": "minecraft:item",
                    "name": "minecraft:flint",
                    "weight": 5
                },
                {
                    "type": "minecraft:item",
                    "name": "minecraft:gravel",
                    "weight": 5
                },
                {
                    "type": "minecraft:item",
                    "name": "minecraft:lime_stained_glass_pane",
                    "weight": 14
                },
                {
                    "type": "minecraft:item",
                    "name": "minecraft:pink_candle",
                    "weight": 14
                },
                {
                    "type": "minecraft:item",
                    "name": "minecraft:sculk_catalyst",
                    "weight": 14
                },
                {
                    "type": "minecraft:item",
                    "name": "minecraft:light_gray_terracotta",
                    "weight": 14
                },
                {
                    "type": "minecraft:item",
                    "name": "minecraft:sticky_piston",
                    "weight": 14
                },
                {
                    "type": "minecraft:item",
                    "name": "minecraft:packed_mud",
                    "weight": 14
                },
                {
                    "type": "minecraft:item",
                    "functions": [
                        {
                            "add": false,
                            "count": {
                                "type": "minecraft:uniform",
                                "max": 2.0,
                                "min": 0.0
                            },
                            "function": "minecraft:set_count"
                        }
                    ],
                    "name": "minecraft:leather",
                    "weight": 7
                },
                {
                    "type": "minecraft:item",
                    "functions": [
                        {
                            "add": false,
                            "count": {
                                "type": "minecraft:uniform",
                                "max": 3.0,
                                "min": 1.0
                            },
                            "function": "minecraft:set_count"
                        }
                    ],
                    "name": "minecraft:beef",
                    "weight": 7
                },
                {
                    "type": "minecraft:item",
                    "name": "minecraft:andesite",
                    "weight": 14
                },
                {
                    "type": "minecraft:item",
                    "functions": [
                        {
                            "function": "minecraft:explosion_decay"
                        }
                    ],
                    "name": "minecraft:mud_brick_slab",
                    "weight": 14
                }
            ]
        }
    ]
}