{
    "pools": [
        {
            "rolls": {
                "min": 10,
                "max": 50
            },
            "entries": [
                {
                    "type": "minecraft:item",
                    "functions": [
                        {
                            "function": "minecraft:explosion_decay"
                        }
                    ],
                    "name": "minecraft:lime_candle",
                    "weight": 12
                },
                {
                    "type": "minecraft:item",
                    "name": "minecraft:cherry_wood",
                    "weight": 12
                },
                {
                    "type": "minecraft:item",
                    "functions": [
                        {
                            "function": "minecraft:explosion_decay"
                        }
                    ],
                    "name": "minecraft:cocoa_beans",
                    "weight": 12
                },
                {
                    "type": "minecraft:item",
                    "functions": [
                        {
                            "function": "minecraft:explosion_decay"
                        }
                    ],
                    "name": "minecraft:sea_pickle",
                    "weight": 12
                },
                {
                    "type": "minecraft:item",
                    "name": "minecraft:weathered_copper",
                    "weight": 12
                },
                {
                    "type": "minecraft:item",
                    "name": "minecraft:stone_pressure_plate",
                    "weight": 12
                },
                {
                    "type": "minecraft:item",
                    "name": "minecraft:light_blue_concrete",
                    "weight": 12
                },
                {
                    "type": "minecraft:item",
                    "name": "minecraft:flower_pot",
                    "weight": 6
                },
                {
                    "type": "minecraft:item",
                    "name": "minecraft:orange_tulip",
                    "weight": 6
                },
                {
                    "type": "minecraft:item",
                    "name": "minecraft:bubble_coral",
                    "weight": 12
                },
                {
                    "type": "minecraft:item",
                    "name": "minecraft:lime_wool",
                    "weight": 12
                },
                {
                    "type": "minecraft:item",
                    "name": "minecraft:magenta_concrete_powder",
                    "weight": 12
                }
            ]
        }
    ]
}