{
    "pools": [
        {
            "rolls": {
                "min": 10,
                "max": 50
            },
            "entries": [
                {
                    "type": "minecraft:item",
                    "name": "minecraft:pink_stained_glass_pane",
                    "weight": 35
                },
                {
                    "type": "minecraft:item",
                    "functions": [
                        {
                            "add": false,
                            "count": {
                                "type": "minecraft:uniform",
                                "max": 4.0,
                                "min": 1.0
                            },
                            "function": "minecraft:set_count"
                        }
                    ],
                    "name": "minecraft:redstone",
                    "weight": 5
                },
                {
                    "type": "minecraft:item",
                    "functions": [
                        {
                            "add": false,
                            "count": {
                                "type": "minecraft:uniform",
                                "max": 4.0,
                                "min": 1.0
                            },
                            "function": "minecraft:set_count"
                        }
                    ],
                    "name": "minecraft:bread",
                    "weight": 13
                },
                {
                    "type": "minecraft:item",
                    "functions": [
                        {
                            "add": false,
                            "count": {
                                "type": "minecraft:uniform",
                                "max": 4.0,
                                "min": 1.0
                            },
                            "function": "minecraft:set_count"
                        }
                    ],
                    "name": "minecraft:rotten_flesh",
                    "weight": 13
                },
                {
                    "type": "minecraft:item",
                    "functions": [
                        {
                            "add": false,
                            "count": {
                                "type": "minecraft:uniform",
                                "max": 4.0,
                                "min": 1.0
                            },
                            "function": "minecraft:set_count"
                        }
                    ],
                    "name": "minecraft:lapis_lazuli",
                    "weight": 2
                },
                {
                    "type": "minecraft:item",
                    "functions": [
                        {
                            "add": false,
                            "count": {
                                "type": "minecraft:uniform",
                                "max": 4.0,
                                "min": 1.0
                            },
                            "function": "minecraft:set_count"
                        }
                    ],
                    "name": "minecraft:gold_ingot",
                    "weight": 2
                },
                {
                    "type": "minecraft:item",
                    "functions": [
                        {
                            "add": false,
                            "count": {
                                "type": "minecraft:uniform",
                                "max": 4.0,
                                "min": 1.0
                            },
                            "function": "minecraft:set_count"
                        }
                    ],
                    "name": "minecraft:emerald",
                    "weight": 2
                },
                {
                    "type": "minecraft:item",
                    "name": "minecraft:white_wool",
                    "weight": 35
                },
                {
                    "type": "minecraft:item",
                    "functions": [
                        {
                            "add": true,
                            "count": -1.0,
                            "function": "minecraft:set_count"
                        },
                        {
                            "function": "minecraft:explosion_decay"
                        }
                    ],
                    "name": "minecraft:sculk_vein",
                    "weight": 35
                },
                {
                    "type": "minecraft:item",
                    "functions": [
                        {
                            "function": "minecraft:explosion_decay"
                        }
                    ],
                    "name": "minecraft:white_candle",
                    "weight": 35
                },
                {
                    "type": "minecraft:item",
                    "name": "minecraft:brown_terracotta",
                    "weight": 35
                },
                {
                    "type": "minecraft:item",
                    "name": "minecraft:chain",
                    "weight": 35
                },
                {
                    "type": "minecraft:item",
                    "name": "minecraft:moss_block",
                    "weight": 35
                },
                {
                    "type": "minecraft:item",
                    "name": "minecraft:dark_oak_leaves",
                    "weight": 9
                },
                {
                    "type": "minecraft:item",
                    "name": "minecraft:dark_oak_sapling",
                    "weight": 9
                },
                {
                    "type": "minecraft:item",
                    "functions": [
                        {
                            "add": false,
                            "count": {
                                "type": "minecraft:uniform",
                                "max": 2.0,
                                "min": 1.0
                            },
                            "function": "minecraft:set_count"
                        },
                        {
                            "function": "minecraft:explosion_decay"
                        }
                    ],
                    "name": "minecraft:stick",
                    "weight": 9
                },
                {
                    "type": "minecraft:item",
                    "name": "minecraft:apple",
                    "weight": 9
                },
                {
                    "type": "minecraft:item",
                    "name": "minecraft:hanging_roots",
                    "weight": 35
                },
                {
                    "type": "minecraft:item",
                    "name": "minecraft:stripped_mangrove_wood",
                    "weight": 35
                }
            ]
        }
    ]
}