{
    "pools": [
        {
            "rolls": {
                "min": 10,
                "max": 50
            },
            "entries": [
                {
                    "type": "minecraft:item",
                    "name": "minecraft:mossy_cobblestone_stairs",
                    "weight": 10
                },
                {
                    "type": "minecraft:item",
                    "name": "minecraft:diorite_wall",
                    "weight": 10
                },
                {
                    "type": "minecraft:item",
                    "name": "minecraft:blue_concrete",
                    "weight": 10
                },
                {
                    "type": "minecraft:item",
                    "name": "minecraft:dead_brain_coral_fan",
                    "weight": 10
                },
                {
                    "type": "minecraft:item",
                    "functions": [
                        {
                            "function": "minecraft:explosion_decay"
                        }
                    ],
                    "name": "minecraft:brick_slab",
                    "weight": 10
                },
                {
                    "type": "minecraft:item",
                    "name": "minecraft:acacia_stairs",
                    "weight": 10
                },
                {
                    "type": "minecraft:item",
                    "name": "minecraft:white_concrete",
                    "weight": 10
                },
                {
                    "type": "minecraft:item",
                    "name": "minecraft:andesite_stairs",
                    "weight": 10
                },
                {
                    "type": "minecraft:item",
                    "functions": [
                        {
                            "function": "minecraft:explosion_decay"
                        }
                    ],
                    "name": "minecraft:polished_granite_slab",
                    "weight": 10
                },
                {
                    "type": "minecraft:item",
                    "name": "minecraft:shulker_shell",
                    "weight": 10
                }
            ]
        }
    ]
}