{
    "pools": [
        {
            "rolls": {
                "min": 1,
                "max": 5
            },
            "entries": [
                {
                    "type": "minecraft:item",
                    "name": "minecraft:polished_andesite_stairs",
                    "weight": 27
                },
                {
                    "type": "minecraft:item",
                    "name": "minecraft:warped_sign",
                    "weight": 27
                },
                {
                    "type": "minecraft:item",
                    "name": "minecraft:flower_pot",
                    "weight": 14
                },
                {
                    "type": "minecraft:item",
                    "name": "minecraft:wither_rose",
                    "weight": 14
                },
                {
                    "type": "minecraft:item",
                    "name": "minecraft:cartography_table",
                    "weight": 27
                },
                {
                    "type": "minecraft:item",
                    "name": "minecraft:cracked_nether_bricks",
                    "weight": 27
                },
                {
                    "type": "minecraft:item",
                    "name": "minecraft:white_carpet",
                    "weight": 27
                },
                {
                    "type": "minecraft:item",
                    "name": "minecraft:dark_oak_pressure_plate",
                    "weight": 27
                },
                {
                    "type": "minecraft:item",
                    "name": "minecraft:lectern",
                    "weight": 27
                },
                {
                    "type": "minecraft:item",
                    "name": "minecraft:blue_wool",
                    "weight": 14
                },
                {
                    "type": "minecraft:item",
                    "functions": [
                        {
                            "add": false,
                            "count": {
                                "type": "minecraft:uniform",
                                "max": 2.0,
                                "min": 1.0
                            },
                            "function": "minecraft:set_count"
                        }
                    ],
                    "name": "minecraft:mutton",
                    "weight": 14
                },
                {
                    "type": "minecraft:item",
                    "functions": [
                        {
                            "function": "minecraft:explosion_decay"
                        }
                    ],
                    "name": "minecraft:waxed_oxidized_cut_copper_slab",
                    "weight": 27
                },
                {
                    "type": "minecraft:item",
                    "name": "minecraft:warped_hyphae",
                    "weight": 27
                },
                {
                    "type": "minecraft:item",
                    "name": "minecraft:soul_soil",
                    "weight": 27
                },
                {
                    "type": "minecraft:item",
                    "functions": [
                        {
                            "function": "minecraft:explosion_decay"
                        }
                    ],
                    "name": "minecraft:cut_sandstone_slab",
                    "weight": 27
                },
                {
                    "type": "minecraft:item",
                    "name": "minecraft:warped_fence_gate",
                    "weight": 27
                },
                {
                    "type": "minecraft:item",
                    "name": "minecraft:twisting_vines",
                    "weight": 14
                },
                {
                    "type": "minecraft:item",
                    "name": "minecraft:twisting_vines",
                    "weight": 14
                },
                {
                    "type": "minecraft:item",
                    "name": "minecraft:mangrove_pressure_plate",
                    "weight": 27
                },
                {
                    "type": "minecraft:item",
                    "name": "minecraft:flower_pot",
                    "weight": 14
                },
                {
                    "type": "minecraft:item",
                    "name": "minecraft:dark_oak_sapling",
                    "weight": 14
                },
                {
                    "type": "minecraft:item",
                    "name": "minecraft:tube_coral_block",
                    "weight": 14
                },
                {
                    "type": "minecraft:item",
                    "name": "minecraft:dead_tube_coral_block",
                    "weight": 14
                },
                {
                    "type": "minecraft:item",
                    "name": "minecraft:quartz_bricks",
                    "weight": 27
                },
                {
                    "type": "minecraft:item",
                    "name": "minecraft:acacia_fence_gate",
                    "weight": 27
                }
            ]
        }
    ]
}