{
    "pools": [
        {
            "rolls": {
                "min": 1,
                "max": 5
            },
            "entries": [
                {
                    "type": "minecraft:item",
                    "name": "minecraft:glow_berries",
                    "weight": 22
                },
                {
                    "type": "minecraft:item",
                    "name": "minecraft:oxidized_copper",
                    "weight": 22
                },
                {
                    "type": "minecraft:item",
                    "name": "minecraft:crimson_hyphae",
                    "weight": 22
                },
                {
                    "type": "minecraft:item",
                    "name": "minecraft:waxed_weathered_cut_copper_stairs",
                    "weight": 22
                },
                {
                    "type": "minecraft:item",
                    "name": "minecraft:sandstone",
                    "weight": 22
                },
                {
                    "type": "minecraft:item",
                    "name": "minecraft:tube_coral",
                    "weight": 22
                },
                {
                    "type": "minecraft:item",
                    "name": "minecraft:dead_bubble_coral_block",
                    "weight": 22
                },
                {
                    "type": "minecraft:item",
                    "name": "minecraft:stripped_spruce_wood",
                    "weight": 22
                },
                {
                    "type": "minecraft:item",
                    "name": "minecraft:cod",
                    "weight": 11
                },
                {
                    "type": "minecraft:item",
                    "name": "minecraft:bone_meal",
                    "weight": 11
                },
                {
                    "type": "minecraft:item",
                    "functions": [
                        {
                            "function": "minecraft:explosion_decay"
                        }
                    ],
                    "name": "minecraft:polished_deepslate_slab",
                    "weight": 22
                },
                {
                    "type": "minecraft:item",
                    "functions": [
                        {
                            "function": "minecraft:explosion_decay"
                        }
                    ],
                    "name": "minecraft:cyan_candle",
                    "weight": 22
                },
                {
                    "type": "minecraft:item",
                    "functions": [
                        {
                            "type": "minecraft:shulker_box",
                            "entries": [
                                {
                                    "type": "minecraft:dynamic",
                                    "name": "minecraft:contents"
                                }
                            ],
                            "function": "minecraft:set_contents"
                        }
                    ],
                    "name": "minecraft:brown_shulker_box",
                    "weight": 22
                },
                {
                    "type": "minecraft:item",
                    "name": "minecraft:crimson_fence_gate",
                    "weight": 22
                },
                {
                    "type": "minecraft:item",
                    "name": "minecraft:bubble_coral",
                    "weight": 22
                },
                {
                    "type": "minecraft:item",
                    "functions": [
                        {
                            "add": false,
                            "count": {
                                "type": "minecraft:uniform",
                                "max": 1.0,
                                "min": 0.0
                            },
                            "function": "minecraft:set_count"
                        }
                    ],
                    "name": "minecraft:ender_pearl",
                    "weight": 22
                },
                {
                    "type": "minecraft:item",
                    "name": "minecraft:mangrove_propagule",
                    "weight": 22
                },
                {
                    "type": "minecraft:item",
                    "name": "minecraft:sand",
                    "weight": 22
                },
                {
                    "type": "minecraft:item",
                    "name": "minecraft:oak_door",
                    "weight": 22
                },
                {
                    "type": "minecraft:item",
                    "name": "minecraft:black_bed",
                    "weight": 22
                },
                {
                    "type": "minecraft:item",
                    "name": "minecraft:dead_brain_coral",
                    "weight": 22
                },
                {
                    "type": "minecraft:item",
                    "name": "minecraft:oak_fence",
                    "weight": 22
                }
            ]
        }
    ]
}