{
    "pools": [
        {
            "rolls": {
                "min": 1,
                "max": 5
            },
            "entries": [
                {
                    "type": "minecraft:item",
                    "functions": [
                        {
                            "function": "minecraft:explosion_decay"
                        }
                    ],
                    "name": "minecraft:exposed_cut_copper_slab",
                    "weight": 26
                },
                {
                    "type": "minecraft:item",
                    "name": "minecraft:acacia_sapling",
                    "weight": 26
                },
                {
                    "type": "minecraft:item",
                    "name": "minecraft:blue_carpet",
                    "weight": 26
                },
                {
                    "type": "minecraft:item",
                    "name": "minecraft:crying_obsidian",
                    "weight": 26
                },
                {
                    "type": "minecraft:item",
                    "name": "minecraft:stripped_cherry_log",
                    "weight": 26
                },
                {
                    "type": "minecraft:item",
                    "functions": [
                        {
                            "function": "minecraft:explosion_decay"
                        }
                    ],
                    "name": "minecraft:cobbled_deepslate_slab",
                    "weight": 26
                },
                {
                    "type": "minecraft:item",
                    "name": "minecraft:glass_pane",
                    "weight": 26
                },
                {
                    "type": "minecraft:item",
                    "name": "minecraft:verdant_froglight",
                    "weight": 26
                },
                {
                    "type": "minecraft:item",
                    "name": "minecraft:polished_deepslate",
                    "weight": 26
                },
                {
                    "type": "minecraft:item",
                    "name": "minecraft:quartz_stairs",
                    "weight": 26
                },
                {
                    "type": "minecraft:item",
                    "name": "minecraft:mangrove_roots",
                    "weight": 26
                },
                {
                    "type": "minecraft:item",
                    "name": "minecraft:green_wool",
                    "weight": 13
                },
                {
                    "type": "minecraft:item",
                    "functions": [
                        {
                            "add": false,
                            "count": {
                                "type": "minecraft:uniform",
                                "max": 2.0,
                                "min": 1.0
                            },
                            "function": "minecraft:set_count"
                        }
                    ],
                    "name": "minecraft:mutton",
                    "weight": 13
                },
                {
                    "type": "minecraft:item",
                    "functions": [
                        {
                            "function": "minecraft:explosion_decay"
                        }
                    ],
                    "name": "minecraft:polished_granite_slab",
                    "weight": 26
                },
                {
                    "type": "minecraft:item",
                    "name": "minecraft:spruce_leaves",
                    "weight": 9
                },
                {
                    "type": "minecraft:item",
                    "name": "minecraft:spruce_sapling",
                    "weight": 9
                },
                {
                    "type": "minecraft:item",
                    "functions": [
                        {
                            "add": false,
                            "count": {
                                "type": "minecraft:uniform",
                                "max": 2.0,
                                "min": 1.0
                            },
                            "function": "minecraft:set_count"
                        },
                        {
                            "function": "minecraft:explosion_decay"
                        }
                    ],
                    "name": "minecraft:stick",
                    "weight": 9
                },
                {
                    "type": "minecraft:item",
                    "name": "minecraft:red_stained_glass_pane",
                    "weight": 26
                },
                {
                    "type": "minecraft:item",
                    "name": "minecraft:rail",
                    "weight": 26
                },
                {
                    "type": "minecraft:item",
                    "name": "minecraft:fire_coral_block",
                    "weight": 13
                },
                {
                    "type": "minecraft:item",
                    "name": "minecraft:dead_fire_coral_block",
                    "weight": 13
                },
                {
                    "type": "minecraft:item",
                    "name": "minecraft:red_candle",
                    "weight": 26
                },
                {
                    "type": "minecraft:item",
                    "functions": [
                        {
                            "add": false,
                            "count": {
                                "type": "minecraft:uniform",
                                "max": 3.0,
                                "min": 1.0
                            },
                            "function": "minecraft:set_count"
                        }
                    ],
                    "name": "minecraft:ink_sac",
                    "weight": 26
                },
                {
                    "type": "minecraft:item",
                    "name": "minecraft:bamboo_mosaic_stairs",
                    "weight": 26
                }
            ]
        }
    ]
}