{
    "pools": [
        {
            "rolls": {
                "min": 10,
                "max": 50
            },
            "entries": [
                {
                    "type": "minecraft:item",
                    "name": "minecraft:spruce_sign",
                    "weight": 22
                },
                {
                    "type": "minecraft:item",
                    "name": "minecraft:green_terracotta",
                    "weight": 22
                },
                {
                    "type": "minecraft:item",
                    "name": "minecraft:cooked_rabbit",
                    "weight": 5
                },
                {
                    "type": "minecraft:item",
                    "name": "minecraft:cooked_chicken",
                    "weight": 5
                },
                {
                    "type": "minecraft:item",
                    "name": "minecraft:cooked_porkchop",
                    "weight": 5
                },
                {
                    "type": "minecraft:item",
                    "name": "minecraft:cooked_beef",
                    "weight": 5
                },
                {
                    "type": "minecraft:item",
                    "name": "minecraft:cooked_mutton",
                    "weight": 5
                },
                {
                    "type": "minecraft:item",
                    "name": "minecraft:beetroot",
                    "weight": 8
                },
                {
                    "type": "minecraft:item",
                    "name": "minecraft:beetroot_seeds",
                    "weight": 8
                },
                {
                    "type": "minecraft:item",
                    "name": "minecraft:beetroot_seeds",
                    "weight": 8
                },
                {
                    "type": "minecraft:item",
                    "name": "minecraft:brick_wall",
                    "weight": 22
                },
                {
                    "type": "minecraft:item",
                    "name": "minecraft:magenta_wool",
                    "weight": 11
                },
                {
                    "type": "minecraft:item",
                    "functions": [
                        {
                            "add": false,
                            "count": {
                                "type": "minecraft:uniform",
                                "max": 2.0,
                                "min": 1.0
                            },
                            "function": "minecraft:set_count"
                        }
                    ],
                    "name": "minecraft:mutton",
                    "weight": 11
                },
                {
                    "type": "minecraft:item",
                    "name": "minecraft:dark_oak_trapdoor",
                    "weight": 22
                },
                {
                    "type": "minecraft:item",
                    "name": "minecraft:tube_coral_block",
                    "weight": 11
                },
                {
                    "type": "minecraft:item",
                    "name": "minecraft:dead_tube_coral_block",
                    "weight": 11
                },
                {
                    "type": "minecraft:item",
                    "functions": [
                        {
                            "add": false,
                            "count": {
                                "type": "minecraft:uniform",
                                "max": 2.0,
                                "min": 0.0
                            },
                            "function": "minecraft:set_count"
                        }
                    ],
                    "name": "minecraft:bone",
                    "weight": 22
                },
                {
                    "type": "minecraft:item",
                    "name": "minecraft:flower_pot",
                    "weight": 11
                },
                {
                    "type": "minecraft:item",
                    "name": "minecraft:poppy",
                    "weight": 11
                },
                {
                    "type": "minecraft:item",
                    "name": "minecraft:purple_carpet",
                    "weight": 22
                }
            ]
        }
    ]
}