{
    "pools": [
        {
            "rolls": {
                "min": 10,
                "max": 50
            },
            "entries": [
                {
                    "type": "minecraft:item",
                    "name": "minecraft:crimson_fence_gate",
                    "weight": 12
                },
                {
                    "type": "minecraft:item",
                    "functions": [
                        {
                            "function": "minecraft:explosion_decay"
                        }
                    ],
                    "name": "minecraft:waxed_exposed_cut_copper_slab",
                    "weight": 12
                },
                {
                    "type": "minecraft:item",
                    "name": "minecraft:brown_concrete_powder",
                    "weight": 12
                },
                {
                    "type": "minecraft:item",
                    "name": "minecraft:brown_bed",
                    "weight": 12
                },
                {
                    "type": "minecraft:item",
                    "functions": [
                        {
                            "add": false,
                            "count": {
                                "type": "minecraft:uniform",
                                "max": 1.0,
                                "min": 0.0
                            },
                            "function": "minecraft:set_count"
                        }
                    ],
                    "name": "minecraft:blaze_rod",
                    "weight": 12
                },
                {
                    "type": "minecraft:item",
                    "name": "minecraft:cobblestone_wall",
                    "weight": 12
                },
                {
                    "type": "minecraft:item",
                    "name": "minecraft:red_stained_glass",
                    "weight": 12
                },
                {
                    "type": "minecraft:item",
                    "name": "minecraft:brain_coral_fan",
                    "weight": 12
                },
                {
                    "type": "minecraft:item",
                    "name": "minecraft:campfire",
                    "weight": 6
                },
                {
                    "type": "minecraft:item",
                    "functions": [
                        {
                            "add": false,
                            "count": 2.0,
                            "function": "minecraft:set_count"
                        }
                    ],
                    "name": "minecraft:charcoal",
                    "weight": 6
                },
                {
                    "type": "minecraft:item",
                    "name": "minecraft:red_concrete_powder",
                    "weight": 12
                },
                {
                    "type": "minecraft:item",
                    "name": "minecraft:red_sandstone_stairs",
                    "weight": 12
                }
            ]
        }
    ]
}