{
    "pools": [
        {
            "rolls": {
                "min": 1,
                "max": 5
            },
            "entries": [
                {
                    "type": "minecraft:item",
                    "name": "minecraft:smithing_table",
                    "weight": 139
                },
                {
                    "type": "minecraft:item",
                    "name": "minecraft:stone_axe",
                    "weight": 5
                },
                {
                    "type": "minecraft:item",
                    "name": "minecraft:wooden_axe",
                    "weight": 7
                },
                {
                    "type": "minecraft:item",
                    "name": "minecraft:stone_pickaxe",
                    "weight": 5
                },
                {
                    "type": "minecraft:item",
                    "name": "minecraft:wooden_pickaxe",
                    "weight": 7
                },
                {
                    "type": "minecraft:item",
                    "functions": [
                        {
                            "add": false,
                            "count": {
                                "type": "minecraft:uniform",
                                "max": 2.0,
                                "min": 1.0
                            },
                            "function": "minecraft:set_count"
                        }
                    ],
                    "name": "minecraft:apple",
                    "weight": 12
                },
                {
                    "type": "minecraft:item",
                    "functions": [
                        {
                            "add": false,
                            "count": {
                                "type": "minecraft:uniform",
                                "max": 2.0,
                                "min": 1.0
                            },
                            "function": "minecraft:set_count"
                        }
                    ],
                    "name": "minecraft:bread",
                    "weight": 7
                },
                {
                    "type": "minecraft:item",
                    "functions": [
                        {
                            "add": false,
                            "count": {
                                "type": "minecraft:uniform",
                                "max": 2.0,
                                "min": 1.0
                            },
                            "function": "minecraft:set_count"
                        }
                    ],
                    "name": "minecraft:salmon",
                    "weight": 7
                },
                {
                    "type": "minecraft:item",
                    "functions": [
                        {
                            "add": false,
                            "count": {
                                "type": "minecraft:uniform",
                                "max": 12.0,
                                "min": 1.0
                            },
                            "function": "minecraft:set_count"
                        }
                    ],
                    "name": "minecraft:stick",
                    "weight": 24
                },
                {
                    "type": "minecraft:item",
                    "functions": [
                        {
                            "add": false,
                            "count": {
                                "type": "minecraft:uniform",
                                "max": 12.0,
                                "min": 1.0
                            },
                            "function": "minecraft:set_count"
                        }
                    ],
                    "name": "minecraft:oak_planks",
                    "weight": 24
                },
                {
                    "type": "minecraft:item",
                    "functions": [
                        {
                            "add": false,
                            "count": {
                                "type": "minecraft:uniform",
                                "max": 3.0,
                                "min": 1.0
                            },
                            "function": "minecraft:set_count"
                        }
                    ],
                    "name": "minecraft:oak_log",
                    "weight": 7
                },
                {
                    "type": "minecraft:item",
                    "functions": [
                        {
                            "add": false,
                            "count": {
                                "type": "minecraft:uniform",
                                "max": 3.0,
                                "min": 1.0
                            },
                            "function": "minecraft:set_count"
                        }
                    ],
                    "name": "minecraft:spruce_log",
                    "weight": 7
                },
                {
                    "type": "minecraft:item",
                    "functions": [
                        {
                            "add": false,
                            "count": {
                                "type": "minecraft:uniform",
                                "max": 3.0,
                                "min": 1.0
                            },
                            "function": "minecraft:set_count"
                        }
                    ],
                    "name": "minecraft:birch_log",
                    "weight": 7
                },
                {
                    "type": "minecraft:item",
                    "functions": [
                        {
                            "add": false,
                            "count": {
                                "type": "minecraft:uniform",
                                "max": 3.0,
                                "min": 1.0
                            },
                            "function": "minecraft:set_count"
                        }
                    ],
                    "name": "minecraft:jungle_log",
                    "weight": 7
                },
                {
                    "type": "minecraft:item",
                    "functions": [
                        {
                            "add": false,
                            "count": {
                                "type": "minecraft:uniform",
                                "max": 3.0,
                                "min": 1.0
                            },
                            "function": "minecraft:set_count"
                        }
                    ],
                    "name": "minecraft:acacia_log",
                    "weight": 7
                },
                {
                    "type": "minecraft:item",
                    "functions": [
                        {
                            "add": false,
                            "count": {
                                "type": "minecraft:uniform",
                                "max": 3.0,
                                "min": 1.0
                            },
                            "function": "minecraft:set_count"
                        }
                    ],
                    "name": "minecraft:dark_oak_log",
                    "weight": 7
                },
                {
                    "type": "minecraft:item",
                    "functions": [
                        {
                            "add": false,
                            "count": {
                                "type": "minecraft:uniform",
                                "max": 3.0,
                                "min": 1.0
                            },
                            "function": "minecraft:set_count"
                        }
                    ],
                    "name": "minecraft:mangrove_log",
                    "weight": 7
                },
                {
                    "type": "minecraft:item",
                    "name": "minecraft:green_concrete",
                    "weight": 139
                },
                {
                    "type": "minecraft:item",
                    "name": "minecraft:horn_coral_block",
                    "weight": 70
                },
                {
                    "type": "minecraft:item",
                    "name": "minecraft:dead_horn_coral_block",
                    "weight": 70
                },
                {
                    "type": "minecraft:item",
                    "functions": [
                        {
                            "decoration": "red_x",
                            "function": "minecraft:exploration_map",
                            "skip_existing_chunks": false,
                            "zoom": 1
                        },
                        {
                            "function": "minecraft:set_name",
                            "name": {
                                "translate": "filled_map.buried_treasure"
                            }
                        }
                    ],
                    "name": "minecraft:map",
                    "weight": 3
                },
                {
                    "type": "minecraft:item",
                    "name": "minecraft:compass",
                    "weight": 3
                },
                {
                    "type": "minecraft:item",
                    "name": "minecraft:map",
                    "weight": 3
                },
                {
                    "type": "minecraft:item",
                    "name": "minecraft:clock",
                    "weight": 3
                },
                {
                    "type": "minecraft:item",
                    "functions": [
                        {
                            "add": false,
                            "count": {
                                "type": "minecraft:uniform",
                                "max": 10.0,
                                "min": 1.0
                            },
                            "function": "minecraft:set_count"
                        }
                    ],
                    "name": "minecraft:paper",
                    "weight": 62
                },
                {
                    "type": "minecraft:item",
                    "functions": [
                        {
                            "add": false,
                            "count": {
                                "type": "minecraft:uniform",
                                "max": 5.0,
                                "min": 1.0
                            },
                            "function": "minecraft:set_count"
                        }
                    ],
                    "name": "minecraft:feather",
                    "weight": 31
                },
                {
                    "type": "minecraft:item",
                    "functions": [
                        {
                            "add": false,
                            "count": {
                                "type": "minecraft:uniform",
                                "max": 5.0,
                                "min": 1.0
                            },
                            "function": "minecraft:set_count"
                        }
                    ],
                    "name": "minecraft:book",
                    "weight": 16
                },
                {
                    "type": "minecraft:empty",
                    "weight": 16
                },
                {
                    "type": "minecraft:item",
                    "functions": [
                        {
                            "add": false,
                            "count": 2.0,
                            "function": "minecraft:set_count"
                        }
                    ],
                    "name": "minecraft:coast_armor_trim_smithing_template",
                    "weight": 3
                },
                {
                    "type": "minecraft:item",
                    "name": "minecraft:acacia_wood",
                    "weight": 139
                },
                {
                    "type": "minecraft:item",
                    "name": "minecraft:waxed_weathered_cut_copper",
                    "weight": 139
                },
                {
                    "type": "minecraft:item",
                    "name": "minecraft:deepslate",
                    "weight": 70
                },
                {
                    "type": "minecraft:item",
                    "name": "minecraft:cobbled_deepslate",
                    "weight": 70
                },
                {
                    "type": "minecraft:item",
                    "name": "minecraft:hopper",
                    "weight": 139
                },
                {
                    "type": "minecraft:item",
                    "name": "minecraft:waxed_weathered_copper",
                    "weight": 139
                },
                {
                    "type": "minecraft:item",
                    "name": "minecraft:detector_rail",
                    "weight": 139
                },
                {
                    "type": "minecraft:item",
                    "name": "minecraft:quartz_pillar",
                    "weight": 139
                },
                {
                    "type": "minecraft:item",
                    "functions": [
                        {
                            "type": "minecraft:shulker_box",
                            "entries": [
                                {
                                    "type": "minecraft:dynamic",
                                    "name": "minecraft:contents"
                                }
                            ],
                            "function": "minecraft:set_contents"
                        }
                    ],
                    "name": "minecraft:red_shulker_box",
                    "weight": 139
                },
                {
                    "type": "minecraft:item",
                    "functions": [
                        {
                            "function": "minecraft:explosion_decay"
                        }
                    ],
                    "name": "minecraft:cocoa_beans",
                    "weight": 139
                },
                {
                    "type": "minecraft:item",
                    "name": "minecraft:sunflower",
                    "weight": 139
                },
                {
                    "type": "minecraft:item",
                    "name": "minecraft:blue_ice",
                    "weight": 139
                },
                {
                    "type": "minecraft:item",
                    "name": "minecraft:light_blue_stained_glass",
                    "weight": 139
                },
                {
                    "type": "minecraft:item",
                    "name": "minecraft:stripped_dark_oak_wood",
                    "weight": 139
                },
                {
                    "type": "minecraft:item",
                    "name": "minecraft:archer_pottery_sherd",
                    "weight": 17
                },
                {
                    "type": "minecraft:item",
                    "name": "minecraft:miner_pottery_sherd",
                    "weight": 17
                },
                {
                    "type": "minecraft:item",
                    "name": "minecraft:prize_pottery_sherd",
                    "weight": 17
                },
                {
                    "type": "minecraft:item",
                    "name": "minecraft:skull_pottery_sherd",
                    "weight": 17
                },
                {
                    "type": "minecraft:item",
                    "name": "minecraft:diamond",
                    "weight": 17
                },
                {
                    "type": "minecraft:item",
                    "name": "minecraft:tnt",
                    "weight": 17
                },
                {
                    "type": "minecraft:item",
                    "name": "minecraft:gunpowder",
                    "weight": 17
                },
                {
                    "type": "minecraft:item",
                    "name": "minecraft:emerald",
                    "weight": 17
                },
                {
                    "type": "minecraft:item",
                    "name": "minecraft:nether_wart_block",
                    "weight": 139
                },
                {
                    "type": "minecraft:item",
                    "name": "minecraft:red_mushroom",
                    "weight": 139
                },
                {
                    "type": "minecraft:item",
                    "name": "minecraft:beehive",
                    "weight": 70
                },
                {
                    "type": "minecraft:item",
                    "name": "minecraft:beehive",
                    "weight": 70
                }
            ]
        }
    ]
}