{
    "pools": [
        {
            "rolls": {
                "min": 10,
                "max": 50
            },
            "entries": [
                {
                    "type": "minecraft:item",
                    "functions": [
                        {
                            "function": "minecraft:explosion_decay"
                        }
                    ],
                    "name": "minecraft:warped_slab",
                    "weight": 19
                },
                {
                    "type": "minecraft:item",
                    "functions": [
                        {
                            "add": false,
                            "count": {
                                "type": "minecraft:uniform",
                                "max": 2.0,
                                "min": 0.0
                            },
                            "function": "minecraft:set_count"
                        }
                    ],
                    "name": "minecraft:glowstone_dust",
                    "weight": 3
                },
                {
                    "type": "minecraft:item",
                    "functions": [
                        {
                            "add": false,
                            "count": {
                                "type": "minecraft:uniform",
                                "max": 2.0,
                                "min": 0.0
                            },
                            "function": "minecraft:set_count"
                        }
                    ],
                    "name": "minecraft:sugar",
                    "weight": 3
                },
                {
                    "type": "minecraft:item",
                    "functions": [
                        {
                            "add": false,
                            "count": {
                                "type": "minecraft:uniform",
                                "max": 2.0,
                                "min": 0.0
                            },
                            "function": "minecraft:set_count"
                        }
                    ],
                    "name": "minecraft:redstone",
                    "weight": 3
                },
                {
                    "type": "minecraft:item",
                    "functions": [
                        {
                            "add": false,
                            "count": {
                                "type": "minecraft:uniform",
                                "max": 2.0,
                                "min": 0.0
                            },
                            "function": "minecraft:set_count"
                        }
                    ],
                    "name": "minecraft:spider_eye",
                    "weight": 3
                },
                {
                    "type": "minecraft:item",
                    "functions": [
                        {
                            "add": false,
                            "count": {
                                "type": "minecraft:uniform",
                                "max": 2.0,
                                "min": 0.0
                            },
                            "function": "minecraft:set_count"
                        }
                    ],
                    "name": "minecraft:glass_bottle",
                    "weight": 3
                },
                {
                    "type": "minecraft:item",
                    "functions": [
                        {
                            "add": false,
                            "count": {
                                "type": "minecraft:uniform",
                                "max": 2.0,
                                "min": 0.0
                            },
                            "function": "minecraft:set_count"
                        }
                    ],
                    "name": "minecraft:gunpowder",
                    "weight": 3
                },
                {
                    "type": "minecraft:item",
                    "functions": [
                        {
                            "add": false,
                            "count": {
                                "type": "minecraft:uniform",
                                "max": 2.0,
                                "min": 0.0
                            },
                            "function": "minecraft:set_count"
                        }
                    ],
                    "name": "minecraft:stick",
                    "weight": 5
                },
                {
                    "type": "minecraft:item",
                    "name": "minecraft:honeycomb_block",
                    "weight": 19
                },
                {
                    "type": "minecraft:item",
                    "name": "minecraft:dark_oak_planks",
                    "weight": 19
                },
                {
                    "type": "minecraft:item",
                    "name": "minecraft:sculk_shrieker",
                    "weight": 19
                },
                {
                    "type": "minecraft:item",
                    "name": "minecraft:deepslate",
                    "weight": 10
                },
                {
                    "type": "minecraft:item",
                    "name": "minecraft:cobbled_deepslate",
                    "weight": 10
                },
                {
                    "type": "minecraft:item",
                    "name": "minecraft:bamboo_stairs",
                    "weight": 19
                },
                {
                    "type": "minecraft:item",
                    "name": "minecraft:cobbled_deepslate",
                    "weight": 19
                },
                {
                    "type": "minecraft:item",
                    "name": "minecraft:cartography_table",
                    "weight": 19
                },
                {
                    "type": "minecraft:item",
                    "name": "minecraft:dark_oak_stairs",
                    "weight": 19
                },
                {
                    "type": "minecraft:item",
                    "name": "minecraft:cherry_sapling",
                    "weight": 19
                }
            ]
        }
    ]
}