{
    "pools": [
        {
            "rolls": {
                "min": 10,
                "max": 50
            },
            "entries": [
                {
                    "type": "minecraft:item",
                    "name": "minecraft:oxeye_daisy",
                    "weight": 22
                },
                {
                    "type": "minecraft:item",
                    "functions": [
                        {
                            "function": "minecraft:explosion_decay"
                        }
                    ],
                    "name": "minecraft:nether_brick_slab",
                    "weight": 22
                },
                {
                    "type": "minecraft:item",
                    "name": "minecraft:stripped_crimson_hyphae",
                    "weight": 22
                },
                {
                    "type": "minecraft:item",
                    "name": "minecraft:blue_terracotta",
                    "weight": 22
                },
                {
                    "type": "minecraft:item",
                    "name": "minecraft:emerald_ore",
                    "weight": 11
                },
                {
                    "type": "minecraft:item",
                    "functions": [
                        {
                            "function": "minecraft:explosion_decay"
                        }
                    ],
                    "name": "minecraft:emerald",
                    "weight": 11
                },
                {
                    "type": "minecraft:item",
                    "name": "minecraft:chipped_anvil",
                    "weight": 22
                },
                {
                    "type": "minecraft:item",
                    "name": "minecraft:redstone",
                    "weight": 22
                },
                {
                    "type": "minecraft:item",
                    "name": "minecraft:flowering_azalea_leaves",
                    "weight": 8
                },
                {
                    "type": "minecraft:item",
                    "name": "minecraft:flowering_azalea",
                    "weight": 8
                },
                {
                    "type": "minecraft:item",
                    "functions": [
                        {
                            "add": false,
                            "count": {
                                "type": "minecraft:uniform",
                                "max": 2.0,
                                "min": 1.0
                            },
                            "function": "minecraft:set_count"
                        },
                        {
                            "function": "minecraft:explosion_decay"
                        }
                    ],
                    "name": "minecraft:stick",
                    "weight": 8
                },
                {
                    "type": "minecraft:item",
                    "name": "minecraft:arms_up_pottery_sherd",
                    "weight": 6
                },
                {
                    "type": "minecraft:item",
                    "name": "minecraft:brewer_pottery_sherd",
                    "weight": 6
                },
                {
                    "type": "minecraft:item",
                    "name": "minecraft:brick",
                    "weight": 3
                },
                {
                    "type": "minecraft:item",
                    "name": "minecraft:emerald",
                    "weight": 3
                },
                {
                    "type": "minecraft:item",
                    "name": "minecraft:stick",
                    "weight": 3
                },
                {
                    "type": "minecraft:item",
                    "functions": [
                        {
                            "effects": [
                                {
                                    "type": "minecraft:night_vision",
                                    "duration": {
                                        "type": "minecraft:uniform",
                                        "max": 10.0,
                                        "min": 7.0
                                    }
                                },
                                {
                                    "type": "minecraft:jump_boost",
                                    "duration": {
                                        "type": "minecraft:uniform",
                                        "max": 10.0,
                                        "min": 7.0
                                    }
                                },
                                {
                                    "type": "minecraft:weakness",
                                    "duration": {
                                        "type": "minecraft:uniform",
                                        "max": 8.0,
                                        "min": 6.0
                                    }
                                },
                                {
                                    "type": "minecraft:blindness",
                                    "duration": {
                                        "type": "minecraft:uniform",
                                        "max": 7.0,
                                        "min": 5.0
                                    }
                                },
                                {
                                    "type": "minecraft:poison",
                                    "duration": {
                                        "type": "minecraft:uniform",
                                        "max": 20.0,
                                        "min": 10.0
                                    }
                                },
                                {
                                    "type": "minecraft:saturation",
                                    "duration": {
                                        "type": "minecraft:uniform",
                                        "max": 10.0,
                                        "min": 7.0
                                    }
                                }
                            ],
                            "function": "minecraft:set_stew_effect"
                        }
                    ],
                    "name": "minecraft:suspicious_stew",
                    "weight": 3
                },
                {
                    "type": "minecraft:item",
                    "functions": [
                        {
                            "function": "minecraft:explosion_decay"
                        }
                    ],
                    "name": "minecraft:mossy_cobblestone_slab",
                    "weight": 22
                },
                {
                    "type": "minecraft:item",
                    "functions": [
                        {
                            "add": false,
                            "count": {
                                "type": "minecraft:uniform",
                                "max": 2.0,
                                "min": 0.0
                            },
                            "function": "minecraft:set_count"
                        }
                    ],
                    "name": "minecraft:slime_ball",
                    "weight": 11
                },
                {
                    "type": "minecraft:item",
                    "functions": [
                        {
                            "add": false,
                            "count": 1.0,
                            "function": "minecraft:set_count"
                        }
                    ],
                    "name": "minecraft:slime_ball",
                    "weight": 11
                }
            ]
        }
    ]
}