{
    "pools": [
        {
            "rolls": {
                "min": 1,
                "max": 5
            },
            "entries": [
                {
                    "type": "minecraft:item",
                    "name": "minecraft:pink_stained_glass_pane",
                    "weight": 84
                },
                {
                    "type": "minecraft:item",
                    "name": "minecraft:flower_pot",
                    "weight": 42
                },
                {
                    "type": "minecraft:item",
                    "name": "minecraft:crimson_roots",
                    "weight": 42
                },
                {
                    "type": "minecraft:item",
                    "name": "minecraft:red_sand",
                    "weight": 84
                },
                {
                    "type": "minecraft:item",
                    "name": "minecraft:stripped_acacia_wood",
                    "weight": 84
                },
                {
                    "type": "minecraft:item",
                    "name": "minecraft:jungle_log",
                    "weight": 84
                },
                {
                    "type": "minecraft:item",
                    "functions": [
                        {
                            "add": false,
                            "count": {
                                "type": "minecraft:uniform",
                                "max": 3.0,
                                "min": 1.0
                            },
                            "function": "minecraft:set_count"
                        }
                    ],
                    "name": "minecraft:book",
                    "weight": 31
                },
                {
                    "type": "minecraft:item",
                    "functions": [
                        {
                            "add": false,
                            "count": {
                                "type": "minecraft:uniform",
                                "max": 7.0,
                                "min": 2.0
                            },
                            "function": "minecraft:set_count"
                        }
                    ],
                    "name": "minecraft:paper",
                    "weight": 31
                },
                {
                    "type": "minecraft:item",
                    "name": "minecraft:map",
                    "weight": 3
                },
                {
                    "type": "minecraft:item",
                    "name": "minecraft:compass",
                    "weight": 3
                },
                {
                    "type": "minecraft:item",
                    "functions": [
                        {
                            "function": "minecraft:enchant_with_levels",
                            "levels": 30.0,
                            "treasure": true
                        }
                    ],
                    "name": "minecraft:book",
                    "weight": 16
                },
                {
                    "type": "minecraft:item",
                    "name": "minecraft:eye_armor_trim_smithing_template",
                    "weight": 3
                },
                {
                    "type": "minecraft:item",
                    "name": "minecraft:string",
                    "weight": 84
                },
                {
                    "type": "minecraft:item",
                    "name": "minecraft:oak_planks",
                    "weight": 84
                },
                {
                    "type": "minecraft:item",
                    "functions": [
                        {
                            "function": "minecraft:explosion_decay"
                        }
                    ],
                    "name": "minecraft:sea_pickle",
                    "weight": 84
                },
                {
                    "type": "minecraft:item",
                    "functions": [
                        {
                            "add": false,
                            "count": {
                                "type": "minecraft:uniform",
                                "max": 1.0,
                                "min": 0.0
                            },
                            "function": "minecraft:set_count"
                        }
                    ],
                    "name": "minecraft:blaze_rod",
                    "weight": 84
                },
                {
                    "type": "minecraft:item",
                    "name": "minecraft:purpur_stairs",
                    "weight": 84
                },
                {
                    "type": "minecraft:item",
                    "functions": [
                        {
                            "function": "minecraft:explosion_decay"
                        }
                    ],
                    "name": "minecraft:smooth_sandstone_slab",
                    "weight": 84
                },
                {
                    "type": "minecraft:item",
                    "name": "minecraft:light_gray_concrete_powder",
                    "weight": 84
                },
                {
                    "type": "minecraft:item",
                    "name": "minecraft:yellow_candle",
                    "weight": 84
                },
                {
                    "type": "minecraft:item",
                    "name": "minecraft:campfire",
                    "weight": 42
                },
                {
                    "type": "minecraft:item",
                    "functions": [
                        {
                            "add": false,
                            "count": 2.0,
                            "function": "minecraft:set_count"
                        }
                    ],
                    "name": "minecraft:charcoal",
                    "weight": 42
                },
                {
                    "type": "minecraft:item",
                    "name": "minecraft:orange_carpet",
                    "weight": 84
                },
                {
                    "type": "minecraft:item",
                    "name": "minecraft:gray_candle",
                    "weight": 84
                },
                {
                    "type": "minecraft:item",
                    "functions": [
                        {
                            "add": false,
                            "count": {
                                "type": "minecraft:uniform",
                                "max": 1.0,
                                "min": 0.0
                            },
                            "function": "minecraft:set_count"
                        }
                    ],
                    "name": "minecraft:cod",
                    "weight": 84
                },
                {
                    "type": "minecraft:item",
                    "name": "minecraft:horn_coral_fan",
                    "weight": 84
                },
                {
                    "type": "minecraft:item",
                    "name": "minecraft:stripped_warped_stem",
                    "weight": 84
                },
                {
                    "type": "minecraft:item",
                    "functions": [
                        {
                            "add": false,
                            "count": 2.0,
                            "function": "minecraft:set_count"
                        }
                    ],
                    "name": "minecraft:grass",
                    "weight": 21
                },
                {
                    "type": "minecraft:item",
                    "name": "minecraft:wheat_seeds",
                    "weight": 21
                },
                {
                    "type": "minecraft:item",
                    "functions": [
                        {
                            "add": false,
                            "count": 2.0,
                            "function": "minecraft:set_count"
                        }
                    ],
                    "name": "minecraft:grass",
                    "weight": 21
                },
                {
                    "type": "minecraft:item",
                    "name": "minecraft:wheat_seeds",
                    "weight": 21
                }
            ]
        }
    ]
}