{
    "pools": [
        {
            "rolls": {
                "min": 10,
                "max": 50
            },
            "entries": [
                {
                    "type": "minecraft:item",
                    "functions": [
                        {
                            "function": "minecraft:explosion_decay"
                        }
                    ],
                    "name": "minecraft:candle",
                    "weight": 11
                },
                {
                    "type": "minecraft:item",
                    "name": "minecraft:cauldron",
                    "weight": 11
                },
                {
                    "type": "minecraft:item",
                    "name": "minecraft:polished_granite",
                    "weight": 11
                },
                {
                    "type": "minecraft:item",
                    "name": "minecraft:light_gray_stained_glass_pane",
                    "weight": 11
                },
                {
                    "type": "minecraft:item",
                    "name": "minecraft:jungle_button",
                    "weight": 11
                },
                {
                    "type": "minecraft:item",
                    "name": "minecraft:green_carpet",
                    "weight": 11
                },
                {
                    "type": "minecraft:item",
                    "name": "minecraft:oak_button",
                    "weight": 11
                },
                {
                    "type": "minecraft:item",
                    "name": "minecraft:netherrack",
                    "weight": 11
                },
                {
                    "type": "minecraft:item",
                    "name": "minecraft:dirt",
                    "weight": 11
                },
                {
                    "type": "minecraft:item",
                    "name": "minecraft:green_banner",
                    "weight": 11
                },
                {
                    "type": "minecraft:item",
                    "name": "minecraft:bone_block",
                    "weight": 11
                }
            ]
        }
    ]
}