{
    "pools": [
        {
            "rolls": {
                "min": 10,
                "max": 50
            },
            "entries": [
                {
                    "type": "minecraft:item",
                    "name": "minecraft:crimson_door",
                    "weight": 246
                },
                {
                    "type": "minecraft:item",
                    "name": "minecraft:blue_concrete_powder",
                    "weight": 246
                },
                {
                    "type": "minecraft:item",
                    "functions": [
                        {
                            "add": false,
                            "count": {
                                "type": "minecraft:uniform",
                                "max": 2.0,
                                "min": 0.0
                            },
                            "function": "minecraft:set_count"
                        }
                    ],
                    "name": "minecraft:prismarine_shard",
                    "weight": 10
                },
                {
                    "type": "minecraft:item",
                    "name": "minecraft:cod",
                    "weight": 28
                },
                {
                    "type": "minecraft:item",
                    "name": "minecraft:prismarine_crystals",
                    "weight": 18
                },
                {
                    "type": "minecraft:empty",
                    "weight": 10
                },
                {
                    "type": "minecraft:item",
                    "name": "minecraft:wet_sponge",
                    "weight": 10
                },
                {
                    "type": "minecraft:empty",
                    "weight": 37
                },
                {
                    "type": "minecraft:item",
                    "name": "minecraft:tide_armor_trim_smithing_template",
                    "weight": 10
                },
                {
                    "type": "minecraft:item",
                    "name": "minecraft:cod",
                    "weight": 72
                },
                {
                    "type": "minecraft:item",
                    "name": "minecraft:salmon",
                    "weight": 30
                },
                {
                    "type": "minecraft:item",
                    "name": "minecraft:tropical_fish",
                    "weight": 3
                },
                {
                    "type": "minecraft:item",
                    "name": "minecraft:pufferfish",
                    "weight": 15
                },
                {
                    "type": "minecraft:item",
                    "name": "minecraft:flower_pot",
                    "weight": 123
                },
                {
                    "type": "minecraft:item",
                    "name": "minecraft:spruce_sapling",
                    "weight": 123
                },
                {
                    "type": "minecraft:item",
                    "name": "minecraft:acacia_fence_gate",
                    "weight": 246
                },
                {
                    "type": "minecraft:item",
                    "name": "minecraft:obsidian",
                    "weight": 246
                },
                {
                    "type": "minecraft:item",
                    "name": "minecraft:soul_lantern",
                    "weight": 246
                },
                {
                    "type": "minecraft:item",
                    "name": "minecraft:white_terracotta",
                    "weight": 246
                },
                {
                    "type": "minecraft:item",
                    "name": "minecraft:torchflower_seeds",
                    "weight": 246
                },
                {
                    "type": "minecraft:dynamic",
                    "name": "minecraft:sherds",
                    "weight": 123
                },
                {
                    "type": "minecraft:item",
                    "name": "minecraft:decorated_pot",
                    "weight": 123
                },
                {
                    "type": "minecraft:item",
                    "functions": [
                        {
                            "function": "minecraft:explosion_decay"
                        }
                    ],
                    "name": "minecraft:smooth_red_sandstone_slab",
                    "weight": 246
                }
            ]
        }
    ]
}