{
    "pools": [
        {
            "rolls": {
                "min": 1,
                "max": 5
            },
            "entries": [
                {
                    "type": "minecraft:item",
                    "name": "minecraft:bamboo_block",
                    "weight": 24
                },
                {
                    "type": "minecraft:item",
                    "name": "minecraft:black_banner",
                    "weight": 24
                },
                {
                    "type": "minecraft:item",
                    "name": "minecraft:repeater",
                    "weight": 24
                },
                {
                    "type": "minecraft:item",
                    "name": "minecraft:bamboo_fence_gate",
                    "weight": 24
                },
                {
                    "type": "minecraft:item",
                    "name": "minecraft:dead_fire_coral",
                    "weight": 24
                },
                {
                    "type": "minecraft:item",
                    "name": "minecraft:medium_amethyst_bud",
                    "weight": 24
                },
                {
                    "type": "minecraft:item",
                    "functions": [
                        {
                            "type": "minecraft:shulker_box",
                            "entries": [
                                {
                                    "type": "minecraft:dynamic",
                                    "name": "minecraft:contents"
                                }
                            ],
                            "function": "minecraft:set_contents"
                        }
                    ],
                    "name": "minecraft:magenta_shulker_box",
                    "weight": 24
                },
                {
                    "type": "minecraft:item",
                    "name": "minecraft:ochre_froglight",
                    "weight": 24
                },
                {
                    "type": "minecraft:item",
                    "functions": [
                        {
                            "function": "minecraft:explosion_decay"
                        }
                    ],
                    "name": "minecraft:mossy_cobblestone_slab",
                    "weight": 24
                },
                {
                    "type": "minecraft:item",
                    "name": "minecraft:dark_oak_stairs",
                    "weight": 24
                },
                {
                    "type": "minecraft:item",
                    "name": "minecraft:small_dripleaf",
                    "weight": 24
                },
                {
                    "type": "minecraft:item",
                    "name": "minecraft:light_gray_terracotta",
                    "weight": 24
                },
                {
                    "type": "minecraft:item",
                    "name": "minecraft:jungle_sign",
                    "weight": 24
                },
                {
                    "type": "minecraft:item",
                    "name": "minecraft:diamond_ore",
                    "weight": 12
                },
                {
                    "type": "minecraft:item",
                    "functions": [
                        {
                            "function": "minecraft:explosion_decay"
                        }
                    ],
                    "name": "minecraft:diamond",
                    "weight": 12
                },
                {
                    "type": "minecraft:item",
                    "name": "minecraft:redstone_ore",
                    "weight": 12
                },
                {
                    "type": "minecraft:item",
                    "functions": [
                        {
                            "add": false,
                            "count": {
                                "type": "minecraft:uniform",
                                "max": 5.0,
                                "min": 4.0
                            },
                            "function": "minecraft:set_count"
                        },
                        {
                            "function": "minecraft:explosion_decay"
                        }
                    ],
                    "name": "minecraft:redstone",
                    "weight": 12
                },
                {
                    "type": "minecraft:item",
                    "functions": [
                        {
                            "function": "minecraft:explosion_decay"
                        }
                    ],
                    "name": "minecraft:oak_slab",
                    "weight": 24
                },
                {
                    "type": "minecraft:item",
                    "name": "minecraft:glass",
                    "weight": 24
                },
                {
                    "type": "minecraft:item",
                    "name": "minecraft:yellow_concrete_powder",
                    "weight": 24
                },
                {
                    "type": "minecraft:item",
                    "functions": [
                        {
                            "function": "minecraft:explosion_decay"
                        }
                    ],
                    "name": "minecraft:purple_candle",
                    "weight": 24
                },
                {
                    "type": "minecraft:item",
                    "name": "minecraft:deepslate_brick_wall",
                    "weight": 24
                },
                {
                    "type": "minecraft:item",
                    "name": "minecraft:polished_blackstone_wall",
                    "weight": 24
                },
                {
                    "type": "minecraft:item",
                    "name": "minecraft:stripped_cherry_wood",
                    "weight": 24
                }
            ]
        }
    ]
}