{
    "pools": [
        {
            "rolls": {
                "min": 10,
                "max": 50
            },
            "entries": [
                {
                    "type": "minecraft:item",
                    "functions": [
                        {
                            "function": "minecraft:explosion_decay"
                        }
                    ],
                    "name": "minecraft:birch_slab",
                    "weight": 12
                },
                {
                    "type": "minecraft:item",
                    "name": "minecraft:sandstone_wall",
                    "weight": 12
                },
                {
                    "type": "minecraft:item",
                    "name": "minecraft:dead_bush",
                    "weight": 6
                },
                {
                    "type": "minecraft:item",
                    "functions": [
                        {
                            "add": false,
                            "count": {
                                "type": "minecraft:uniform",
                                "max": 2.0,
                                "min": 0.0
                            },
                            "function": "minecraft:set_count"
                        },
                        {
                            "function": "minecraft:explosion_decay"
                        }
                    ],
                    "name": "minecraft:stick",
                    "weight": 6
                },
                {
                    "type": "minecraft:item",
                    "name": "minecraft:chiseled_sandstone",
                    "weight": 12
                },
                {
                    "type": "minecraft:item",
                    "name": "minecraft:cactus",
                    "weight": 12
                },
                {
                    "type": "minecraft:item",
                    "functions": [
                        {
                            "type": "minecraft:shulker_box",
                            "entries": [
                                {
                                    "type": "minecraft:dynamic",
                                    "name": "minecraft:contents"
                                }
                            ],
                            "function": "minecraft:set_contents"
                        }
                    ],
                    "name": "minecraft:light_blue_shulker_box",
                    "weight": 12
                },
                {
                    "type": "minecraft:item",
                    "name": "minecraft:horn_coral_fan",
                    "weight": 12
                },
                {
                    "type": "minecraft:item",
                    "name": "minecraft:mangrove_hanging_sign",
                    "weight": 12
                },
                {
                    "type": "minecraft:item",
                    "name": "minecraft:nether_brick_fence",
                    "weight": 12
                },
                {
                    "type": "minecraft:item",
                    "functions": [
                        {
                            "function": "minecraft:explosion_decay"
                        }
                    ],
                    "name": "minecraft:blackstone_slab",
                    "weight": 12
                },
                {
                    "type": "minecraft:item",
                    "name": "minecraft:cut_red_sandstone",
                    "weight": 12
                }
            ]
        }
    ]
}