{
    "pools": [
        {
            "rolls": {
                "min": 10,
                "max": 50
            },
            "entries": [
                {
                    "type": "minecraft:item",
                    "name": "minecraft:orange_stained_glass",
                    "weight": 15
                },
                {
                    "type": "minecraft:item",
                    "name": "minecraft:blue_stained_glass_pane",
                    "weight": 15
                },
                {
                    "type": "minecraft:item",
                    "name": "minecraft:orange_carpet",
                    "weight": 15
                },
                {
                    "type": "minecraft:item",
                    "functions": [
                        {
                            "add": false,
                            "count": {
                                "type": "minecraft:uniform",
                                "max": 2.0,
                                "min": 0.0
                            },
                            "function": "minecraft:set_count"
                        }
                    ],
                    "name": "minecraft:seagrass",
                    "weight": 12
                },
                {
                    "type": "minecraft:item",
                    "name": "minecraft:bowl",
                    "weight": 4
                },
                {
                    "type": "minecraft:item",
                    "name": "minecraft:brown_banner",
                    "weight": 15
                },
                {
                    "type": "minecraft:item",
                    "name": "minecraft:bricks",
                    "weight": 15
                },
                {
                    "type": "minecraft:item",
                    "name": "minecraft:flower_pot",
                    "weight": 8
                },
                {
                    "type": "minecraft:item",
                    "name": "minecraft:mangrove_propagule",
                    "weight": 8
                },
                {
                    "type": "minecraft:item",
                    "name": "minecraft:black_stained_glass",
                    "weight": 15
                },
                {
                    "type": "minecraft:item",
                    "name": "minecraft:fire_coral",
                    "weight": 15
                },
                {
                    "type": "minecraft:item",
                    "name": "minecraft:kelp",
                    "weight": 15
                },
                {
                    "type": "minecraft:item",
                    "name": "minecraft:stripped_oak_log",
                    "weight": 15
                }
            ]
        }
    ]
}