{
    "pools": [
        {
            "rolls": {
                "min": 10,
                "max": 50
            },
            "entries": [
                {
                    "type": "minecraft:item",
                    "name": "minecraft:light_gray_concrete_powder",
                    "weight": 14
                },
                {
                    "type": "minecraft:item",
                    "name": "minecraft:acacia_sapling",
                    "weight": 14
                },
                {
                    "type": "minecraft:item",
                    "functions": [
                        {
                            "function": "minecraft:explosion_decay"
                        }
                    ],
                    "name": "minecraft:cyan_candle",
                    "weight": 14
                },
                {
                    "type": "minecraft:item",
                    "name": "minecraft:stripped_spruce_log",
                    "weight": 14
                },
                {
                    "type": "minecraft:item",
                    "name": "minecraft:blue_wool",
                    "weight": 7
                },
                {
                    "type": "minecraft:item",
                    "functions": [
                        {
                            "add": false,
                            "count": {
                                "type": "minecraft:uniform",
                                "max": 2.0,
                                "min": 1.0
                            },
                            "function": "minecraft:set_count"
                        }
                    ],
                    "name": "minecraft:mutton",
                    "weight": 7
                },
                {
                    "type": "minecraft:item",
                    "name": "minecraft:pink_stained_glass",
                    "weight": 14
                },
                {
                    "type": "minecraft:item",
                    "name": "minecraft:cauldron",
                    "weight": 14
                },
                {
                    "type": "minecraft:item",
                    "functions": [
                        {
                            "add": false,
                            "count": {
                                "type": "minecraft:uniform",
                                "max": 1.0,
                                "min": 0.0
                            },
                            "function": "minecraft:set_count"
                        }
                    ],
                    "name": "minecraft:cod",
                    "weight": 14
                },
                {
                    "type": "minecraft:item",
                    "name": "minecraft:beehive",
                    "weight": 7
                },
                {
                    "type": "minecraft:item",
                    "name": "minecraft:beehive",
                    "weight": 7
                },
                {
                    "type": "minecraft:item",
                    "name": "minecraft:cyan_candle",
                    "weight": 14
                }
            ]
        }
    ]
}