{
    "pools": [
        {
            "rolls": {
                "min": 10,
                "max": 50
            },
            "entries": [
                {
                    "type": "minecraft:item",
                    "name": "minecraft:book",
                    "weight": 230
                },
                {
                    "type": "minecraft:item",
                    "name": "minecraft:deepslate_redstone_ore",
                    "weight": 115
                },
                {
                    "type": "minecraft:item",
                    "functions": [
                        {
                            "add": false,
                            "count": {
                                "type": "minecraft:uniform",
                                "max": 5.0,
                                "min": 4.0
                            },
                            "function": "minecraft:set_count"
                        },
                        {
                            "function": "minecraft:explosion_decay"
                        }
                    ],
                    "name": "minecraft:redstone",
                    "weight": 115
                },
                {
                    "type": "minecraft:item",
                    "functions": [
                        {
                            "add": false,
                            "count": {
                                "type": "minecraft:uniform",
                                "max": 2.0,
                                "min": 0.0
                            },
                            "function": "minecraft:set_count"
                        }
                    ],
                    "name": "minecraft:prismarine_shard",
                    "weight": 21
                },
                {
                    "type": "minecraft:item",
                    "name": "minecraft:cod",
                    "weight": 37
                },
                {
                    "type": "minecraft:item",
                    "name": "minecraft:prismarine_crystals",
                    "weight": 37
                },
                {
                    "type": "minecraft:empty",
                    "weight": 21
                },
                {
                    "type": "minecraft:item",
                    "name": "minecraft:cod",
                    "weight": 69
                },
                {
                    "type": "minecraft:item",
                    "name": "minecraft:salmon",
                    "weight": 28
                },
                {
                    "type": "minecraft:item",
                    "name": "minecraft:tropical_fish",
                    "weight": 3
                },
                {
                    "type": "minecraft:item",
                    "name": "minecraft:pufferfish",
                    "weight": 14
                },
                {
                    "type": "minecraft:item",
                    "name": "minecraft:polished_basalt",
                    "weight": 230
                },
                {
                    "type": "minecraft:item",
                    "name": "minecraft:red_wool",
                    "weight": 230
                },
                {
                    "type": "minecraft:item",
                    "name": "minecraft:red_bed",
                    "weight": 230
                },
                {
                    "type": "minecraft:item",
                    "functions": [
                        {
                            "function": "minecraft:explosion_decay"
                        }
                    ],
                    "name": "minecraft:petrified_oak_slab",
                    "weight": 230
                },
                {
                    "type": "minecraft:item",
                    "name": "minecraft:redstone_ore",
                    "weight": 115
                },
                {
                    "type": "minecraft:item",
                    "functions": [
                        {
                            "add": false,
                            "count": {
                                "type": "minecraft:uniform",
                                "max": 5.0,
                                "min": 4.0
                            },
                            "function": "minecraft:set_count"
                        },
                        {
                            "function": "minecraft:explosion_decay"
                        }
                    ],
                    "name": "minecraft:redstone",
                    "weight": 115
                },
                {
                    "type": "minecraft:item",
                    "name": "minecraft:ochre_froglight",
                    "weight": 230
                },
                {
                    "type": "minecraft:item",
                    "functions": [
                        {
                            "add": false,
                            "count": {
                                "type": "minecraft:uniform",
                                "max": 1.0,
                                "min": -2.0
                            },
                            "function": "minecraft:set_count"
                        }
                    ],
                    "name": "minecraft:magma_cream",
                    "weight": 58
                },
                {
                    "type": "minecraft:item",
                    "functions": [
                        {
                            "add": false,
                            "count": 1.0,
                            "function": "minecraft:set_count"
                        }
                    ],
                    "name": "minecraft:pearlescent_froglight",
                    "weight": 58
                },
                {
                    "type": "minecraft:item",
                    "functions": [
                        {
                            "add": false,
                            "count": 1.0,
                            "function": "minecraft:set_count"
                        }
                    ],
                    "name": "minecraft:verdant_froglight",
                    "weight": 58
                },
                {
                    "type": "minecraft:item",
                    "functions": [
                        {
                            "add": false,
                            "count": 1.0,
                            "function": "minecraft:set_count"
                        }
                    ],
                    "name": "minecraft:ochre_froglight",
                    "weight": 58
                }
            ]
        }
    ]
}