{
    "pools": [
        {
            "rolls": {
                "min": 10,
                "max": 50
            },
            "entries": [
                {
                    "type": "minecraft:item",
                    "name": "minecraft:quartz_stairs",
                    "weight": 13
                },
                {
                    "type": "minecraft:item",
                    "name": "minecraft:iron_door",
                    "weight": 13
                },
                {
                    "type": "minecraft:item",
                    "name": "minecraft:blue_glazed_terracotta",
                    "weight": 13
                },
                {
                    "type": "minecraft:item",
                    "name": "minecraft:red_sandstone",
                    "weight": 13
                },
                {
                    "type": "minecraft:item",
                    "name": "minecraft:yellow_concrete",
                    "weight": 13
                },
                {
                    "type": "minecraft:item",
                    "name": "minecraft:salmon",
                    "weight": 7
                },
                {
                    "type": "minecraft:item",
                    "name": "minecraft:bone_meal",
                    "weight": 7
                },
                {
                    "type": "minecraft:item",
                    "name": "minecraft:coal_block",
                    "weight": 13
                },
                {
                    "type": "minecraft:item",
                    "name": "minecraft:bamboo_mosaic",
                    "weight": 13
                },
                {
                    "type": "minecraft:item",
                    "name": "minecraft:flower_pot",
                    "weight": 7
                },
                {
                    "type": "minecraft:item",
                    "name": "minecraft:cherry_sapling",
                    "weight": 7
                },
                {
                    "type": "minecraft:item",
                    "name": "minecraft:lodestone",
                    "weight": 13
                },
                {
                    "type": "minecraft:item",
                    "name": "minecraft:basalt",
                    "weight": 13
                }
            ]
        }
    ]
}