{
    "pools": [
        {
            "rolls": {
                "min": 10,
                "max": 50
            },
            "entries": [
                {
                    "type": "minecraft:item",
                    "name": "minecraft:spruce_wood",
                    "weight": 10
                },
                {
                    "type": "minecraft:item",
                    "name": "minecraft:anvil",
                    "weight": 10
                },
                {
                    "type": "minecraft:item",
                    "functions": [
                        {
                            "function": "minecraft:explosion_decay"
                        }
                    ],
                    "name": "minecraft:crimson_slab",
                    "weight": 10
                },
                {
                    "type": "minecraft:item",
                    "name": "minecraft:chiseled_nether_bricks",
                    "weight": 10
                },
                {
                    "type": "minecraft:item",
                    "name": "minecraft:rail",
                    "weight": 10
                },
                {
                    "type": "minecraft:item",
                    "name": "minecraft:damaged_anvil",
                    "weight": 10
                },
                {
                    "type": "minecraft:item",
                    "name": "minecraft:flower_pot",
                    "weight": 5
                },
                {
                    "type": "minecraft:item",
                    "name": "minecraft:cornflower",
                    "weight": 5
                },
                {
                    "type": "minecraft:item",
                    "name": "minecraft:brewing_stand",
                    "weight": 10
                },
                {
                    "type": "minecraft:item",
                    "functions": [
                        {
                            "function": "minecraft:explosion_decay"
                        }
                    ],
                    "name": "minecraft:waxed_cut_copper_slab",
                    "weight": 10
                }
            ]
        }
    ]
}