{
    "pools": [
        {
            "rolls": {
                "min": 10,
                "max": 50
            },
            "entries": [
                {
                    "type": "minecraft:item",
                    "name": "minecraft:smooth_red_sandstone_stairs",
                    "weight": 21
                },
                {
                    "type": "minecraft:item",
                    "name": "minecraft:black_terracotta",
                    "weight": 21
                },
                {
                    "type": "minecraft:item",
                    "functions": [
                        {
                            "effects": [
                                {
                                    "type": "minecraft:night_vision",
                                    "duration": {
                                        "type": "minecraft:uniform",
                                        "max": 10.0,
                                        "min": 7.0
                                    }
                                },
                                {
                                    "type": "minecraft:blindness",
                                    "duration": {
                                        "type": "minecraft:uniform",
                                        "max": 7.0,
                                        "min": 5.0
                                    }
                                }
                            ],
                            "function": "minecraft:set_stew_effect"
                        },
                        {
                            "add": false,
                            "count": {
                                "type": "minecraft:uniform",
                                "max": 6.0,
                                "min": 2.0
                            },
                            "function": "minecraft:set_count"
                        }
                    ],
                    "name": "minecraft:suspicious_stew",
                    "weight": 3
                },
                {
                    "type": "minecraft:item",
                    "functions": [
                        {
                            "add": false,
                            "count": {
                                "type": "minecraft:uniform",
                                "max": 10.0,
                                "min": 1.0
                            },
                            "function": "minecraft:set_count"
                        }
                    ],
                    "name": "minecraft:golden_carrot",
                    "weight": 3
                },
                {
                    "type": "minecraft:item",
                    "functions": [
                        {
                            "add": false,
                            "count": {
                                "type": "minecraft:uniform",
                                "max": 10.0,
                                "min": 1.0
                            },
                            "function": "minecraft:set_count"
                        }
                    ],
                    "name": "minecraft:baked_potato",
                    "weight": 3
                },
                {
                    "type": "minecraft:item",
                    "functions": [
                        {
                            "add": false,
                            "count": {
                                "type": "minecraft:uniform",
                                "max": 6.0,
                                "min": 2.0
                            },
                            "function": "minecraft:set_count"
                        }
                    ],
                    "name": "minecraft:packed_ice",
                    "weight": 5
                },
                {
                    "type": "minecraft:item",
                    "functions": [
                        {
                            "add": false,
                            "count": {
                                "type": "minecraft:uniform",
                                "max": 6.0,
                                "min": 2.0
                            },
                            "function": "minecraft:set_count"
                        }
                    ],
                    "name": "minecraft:snowball",
                    "weight": 10
                },
                {
                    "type": "minecraft:item",
                    "name": "minecraft:horn_coral_block",
                    "weight": 11
                },
                {
                    "type": "minecraft:item",
                    "name": "minecraft:dead_horn_coral_block",
                    "weight": 11
                },
                {
                    "type": "minecraft:item",
                    "name": "minecraft:oak_door",
                    "weight": 21
                },
                {
                    "type": "minecraft:item",
                    "name": "minecraft:dropper",
                    "weight": 21
                },
                {
                    "type": "minecraft:item",
                    "name": "minecraft:green_concrete_powder",
                    "weight": 21
                },
                {
                    "type": "minecraft:item",
                    "name": "minecraft:quartz_block",
                    "weight": 21
                },
                {
                    "type": "minecraft:item",
                    "name": "minecraft:clay",
                    "weight": 11
                },
                {
                    "type": "minecraft:item",
                    "functions": [
                        {
                            "add": false,
                            "count": 4.0,
                            "function": "minecraft:set_count"
                        },
                        {
                            "function": "minecraft:explosion_decay"
                        }
                    ],
                    "name": "minecraft:clay_ball",
                    "weight": 11
                },
                {
                    "type": "minecraft:item",
                    "name": "minecraft:weathered_cut_copper",
                    "weight": 21
                },
                {
                    "type": "minecraft:item",
                    "name": "minecraft:black_concrete_powder",
                    "weight": 21
                }
            ]
        }
    ]
}