{
    "pools": [
        {
            "rolls": {
                "min": 1,
                "max": 5
            },
            "entries": [
                {
                    "type": "minecraft:item",
                    "name": "minecraft:deepslate_copper_ore",
                    "weight": 80
                },
                {
                    "type": "minecraft:item",
                    "functions": [
                        {
                            "add": false,
                            "count": {
                                "type": "minecraft:uniform",
                                "max": 5.0,
                                "min": 2.0
                            },
                            "function": "minecraft:set_count"
                        },
                        {
                            "function": "minecraft:explosion_decay"
                        }
                    ],
                    "name": "minecraft:raw_copper",
                    "weight": 80
                },
                {
                    "type": "minecraft:item",
                    "name": "minecraft:birch_button",
                    "weight": 159
                },
                {
                    "type": "minecraft:item",
                    "name": "minecraft:cherry_wood",
                    "weight": 159
                },
                {
                    "type": "minecraft:item",
                    "name": "minecraft:tripwire_hook",
                    "weight": 159
                },
                {
                    "type": "minecraft:item",
                    "name": "minecraft:flower_pot",
                    "weight": 80
                },
                {
                    "type": "minecraft:item",
                    "name": "minecraft:red_mushroom",
                    "weight": 80
                },
                {
                    "type": "minecraft:item",
                    "name": "minecraft:cobbled_deepslate_stairs",
                    "weight": 159
                },
                {
                    "type": "minecraft:item",
                    "functions": [
                        {
                            "add": false,
                            "count": {
                                "type": "minecraft:uniform",
                                "max": 2.0,
                                "min": 0.0
                            },
                            "function": "minecraft:set_count"
                        }
                    ],
                    "name": "minecraft:leather",
                    "weight": 159
                },
                {
                    "type": "minecraft:item",
                    "name": "minecraft:player_head",
                    "weight": 159
                },
                {
                    "type": "minecraft:item",
                    "name": "minecraft:smooth_stone",
                    "weight": 159
                },
                {
                    "type": "minecraft:item",
                    "name": "minecraft:white_concrete_powder",
                    "weight": 159
                },
                {
                    "type": "minecraft:item",
                    "name": "minecraft:chain",
                    "weight": 159
                },
                {
                    "type": "minecraft:item",
                    "name": "minecraft:enchanting_table",
                    "weight": 159
                },
                {
                    "type": "minecraft:item",
                    "name": "minecraft:redstone",
                    "weight": 159
                },
                {
                    "type": "minecraft:item",
                    "functions": [
                        {
                            "add": false,
                            "count": {
                                "type": "minecraft:uniform",
                                "max": 3.0,
                                "min": 1.0
                            },
                            "function": "minecraft:set_count"
                        }
                    ],
                    "name": "minecraft:diamond",
                    "weight": 10
                },
                {
                    "type": "minecraft:item",
                    "functions": [
                        {
                            "add": false,
                            "count": {
                                "type": "minecraft:uniform",
                                "max": 5.0,
                                "min": 1.0
                            },
                            "function": "minecraft:set_count"
                        }
                    ],
                    "name": "minecraft:iron_ingot",
                    "weight": 10
                },
                {
                    "type": "minecraft:item",
                    "functions": [
                        {
                            "add": false,
                            "count": {
                                "type": "minecraft:uniform",
                                "max": 3.0,
                                "min": 1.0
                            },
                            "function": "minecraft:set_count"
                        }
                    ],
                    "name": "minecraft:gold_ingot",
                    "weight": 26
                },
                {
                    "type": "minecraft:item",
                    "name": "minecraft:golden_sword",
                    "weight": 10
                },
                {
                    "type": "minecraft:item",
                    "name": "minecraft:golden_chestplate",
                    "weight": 10
                },
                {
                    "type": "minecraft:item",
                    "name": "minecraft:flint_and_steel",
                    "weight": 10
                },
                {
                    "type": "minecraft:item",
                    "functions": [
                        {
                            "add": false,
                            "count": {
                                "type": "minecraft:uniform",
                                "max": 7.0,
                                "min": 3.0
                            },
                            "function": "minecraft:set_count"
                        }
                    ],
                    "name": "minecraft:nether_wart",
                    "weight": 10
                },
                {
                    "type": "minecraft:item",
                    "name": "minecraft:saddle",
                    "weight": 16
                },
                {
                    "type": "minecraft:item",
                    "name": "minecraft:golden_horse_armor",
                    "weight": 13
                },
                {
                    "type": "minecraft:item",
                    "name": "minecraft:iron_horse_armor",
                    "weight": 10
                },
                {
                    "type": "minecraft:item",
                    "name": "minecraft:diamond_horse_armor",
                    "weight": 5
                },
                {
                    "type": "minecraft:item",
                    "functions": [
                        {
                            "add": false,
                            "count": {
                                "type": "minecraft:uniform",
                                "max": 4.0,
                                "min": 2.0
                            },
                            "function": "minecraft:set_count"
                        }
                    ],
                    "name": "minecraft:obsidian",
                    "weight": 4
                },
                {
                    "type": "minecraft:empty",
                    "weight": 26
                },
                {
                    "type": "minecraft:item",
                    "name": "minecraft:rib_armor_trim_smithing_template",
                    "weight": 2
                },
                {
                    "type": "minecraft:item",
                    "name": "minecraft:stone",
                    "weight": 159
                },
                {
                    "type": "minecraft:item",
                    "name": "minecraft:cobblestone_stairs",
                    "weight": 159
                },
                {
                    "type": "minecraft:item",
                    "name": "minecraft:emerald",
                    "weight": 7
                },
                {
                    "type": "minecraft:item",
                    "name": "minecraft:wheat",
                    "weight": 7
                },
                {
                    "type": "minecraft:item",
                    "name": "minecraft:wooden_hoe",
                    "weight": 7
                },
                {
                    "type": "minecraft:item",
                    "name": "minecraft:clay",
                    "weight": 7
                },
                {
                    "type": "minecraft:item",
                    "name": "minecraft:brick",
                    "weight": 7
                },
                {
                    "type": "minecraft:item",
                    "name": "minecraft:yellow_dye",
                    "weight": 7
                },
                {
                    "type": "minecraft:item",
                    "name": "minecraft:blue_dye",
                    "weight": 7
                },
                {
                    "type": "minecraft:item",
                    "name": "minecraft:light_blue_dye",
                    "weight": 7
                },
                {
                    "type": "minecraft:item",
                    "name": "minecraft:white_dye",
                    "weight": 7
                },
                {
                    "type": "minecraft:item",
                    "name": "minecraft:orange_dye",
                    "weight": 7
                },
                {
                    "type": "minecraft:item",
                    "name": "minecraft:red_candle",
                    "weight": 7
                },
                {
                    "type": "minecraft:item",
                    "name": "minecraft:green_candle",
                    "weight": 7
                },
                {
                    "type": "minecraft:item",
                    "name": "minecraft:purple_candle",
                    "weight": 7
                },
                {
                    "type": "minecraft:item",
                    "name": "minecraft:brown_candle",
                    "weight": 7
                },
                {
                    "type": "minecraft:item",
                    "name": "minecraft:magenta_stained_glass_pane",
                    "weight": 4
                },
                {
                    "type": "minecraft:item",
                    "name": "minecraft:pink_stained_glass_pane",
                    "weight": 4
                },
                {
                    "type": "minecraft:item",
                    "name": "minecraft:blue_stained_glass_pane",
                    "weight": 4
                },
                {
                    "type": "minecraft:item",
                    "name": "minecraft:light_blue_stained_glass_pane",
                    "weight": 4
                },
                {
                    "type": "minecraft:item",
                    "name": "minecraft:red_stained_glass_pane",
                    "weight": 4
                },
                {
                    "type": "minecraft:item",
                    "name": "minecraft:yellow_stained_glass_pane",
                    "weight": 4
                },
                {
                    "type": "minecraft:item",
                    "name": "minecraft:purple_stained_glass_pane",
                    "weight": 4
                },
                {
                    "type": "minecraft:item",
                    "name": "minecraft:spruce_hanging_sign",
                    "weight": 4
                },
                {
                    "type": "minecraft:item",
                    "name": "minecraft:oak_hanging_sign",
                    "weight": 4
                },
                {
                    "type": "minecraft:item",
                    "name": "minecraft:gold_nugget",
                    "weight": 4
                },
                {
                    "type": "minecraft:item",
                    "name": "minecraft:coal",
                    "weight": 4
                },
                {
                    "type": "minecraft:item",
                    "name": "minecraft:wheat_seeds",
                    "weight": 4
                },
                {
                    "type": "minecraft:item",
                    "name": "minecraft:beetroot_seeds",
                    "weight": 4
                },
                {
                    "type": "minecraft:item",
                    "name": "minecraft:dead_bush",
                    "weight": 4
                },
                {
                    "type": "minecraft:item",
                    "name": "minecraft:flower_pot",
                    "weight": 4
                },
                {
                    "type": "minecraft:item",
                    "name": "minecraft:string",
                    "weight": 4
                },
                {
                    "type": "minecraft:item",
                    "name": "minecraft:lead",
                    "weight": 4
                },
                {
                    "type": "minecraft:item",
                    "name": "minecraft:cyan_candle",
                    "weight": 159
                }
            ]
        }
    ]
}