{
    "pools": [
        {
            "rolls": {
                "min": 10,
                "max": 50
            },
            "entries": [
                {
                    "type": "minecraft:item",
                    "name": "minecraft:polished_blackstone_pressure_plate",
                    "weight": 75
                },
                {
                    "type": "minecraft:item",
                    "name": "minecraft:acacia_sign",
                    "weight": 75
                },
                {
                    "type": "minecraft:item",
                    "name": "minecraft:flower_pot",
                    "weight": 38
                },
                {
                    "type": "minecraft:item",
                    "name": "minecraft:bamboo",
                    "weight": 38
                },
                {
                    "type": "minecraft:item",
                    "name": "minecraft:stone_axe",
                    "weight": 3
                },
                {
                    "type": "minecraft:item",
                    "name": "minecraft:wooden_axe",
                    "weight": 4
                },
                {
                    "type": "minecraft:item",
                    "name": "minecraft:stone_pickaxe",
                    "weight": 3
                },
                {
                    "type": "minecraft:item",
                    "name": "minecraft:wooden_pickaxe",
                    "weight": 4
                },
                {
                    "type": "minecraft:item",
                    "functions": [
                        {
                            "add": false,
                            "count": {
                                "type": "minecraft:uniform",
                                "max": 2.0,
                                "min": 1.0
                            },
                            "function": "minecraft:set_count"
                        }
                    ],
                    "name": "minecraft:apple",
                    "weight": 6
                },
                {
                    "type": "minecraft:item",
                    "functions": [
                        {
                            "add": false,
                            "count": {
                                "type": "minecraft:uniform",
                                "max": 2.0,
                                "min": 1.0
                            },
                            "function": "minecraft:set_count"
                        }
                    ],
                    "name": "minecraft:bread",
                    "weight": 4
                },
                {
                    "type": "minecraft:item",
                    "functions": [
                        {
                            "add": false,
                            "count": {
                                "type": "minecraft:uniform",
                                "max": 2.0,
                                "min": 1.0
                            },
                            "function": "minecraft:set_count"
                        }
                    ],
                    "name": "minecraft:salmon",
                    "weight": 4
                },
                {
                    "type": "minecraft:item",
                    "functions": [
                        {
                            "add": false,
                            "count": {
                                "type": "minecraft:uniform",
                                "max": 12.0,
                                "min": 1.0
                            },
                            "function": "minecraft:set_count"
                        }
                    ],
                    "name": "minecraft:stick",
                    "weight": 13
                },
                {
                    "type": "minecraft:item",
                    "functions": [
                        {
                            "add": false,
                            "count": {
                                "type": "minecraft:uniform",
                                "max": 12.0,
                                "min": 1.0
                            },
                            "function": "minecraft:set_count"
                        }
                    ],
                    "name": "minecraft:oak_planks",
                    "weight": 13
                },
                {
                    "type": "minecraft:item",
                    "functions": [
                        {
                            "add": false,
                            "count": {
                                "type": "minecraft:uniform",
                                "max": 3.0,
                                "min": 1.0
                            },
                            "function": "minecraft:set_count"
                        }
                    ],
                    "name": "minecraft:oak_log",
                    "weight": 4
                },
                {
                    "type": "minecraft:item",
                    "functions": [
                        {
                            "add": false,
                            "count": {
                                "type": "minecraft:uniform",
                                "max": 3.0,
                                "min": 1.0
                            },
                            "function": "minecraft:set_count"
                        }
                    ],
                    "name": "minecraft:spruce_log",
                    "weight": 4
                },
                {
                    "type": "minecraft:item",
                    "functions": [
                        {
                            "add": false,
                            "count": {
                                "type": "minecraft:uniform",
                                "max": 3.0,
                                "min": 1.0
                            },
                            "function": "minecraft:set_count"
                        }
                    ],
                    "name": "minecraft:birch_log",
                    "weight": 4
                },
                {
                    "type": "minecraft:item",
                    "functions": [
                        {
                            "add": false,
                            "count": {
                                "type": "minecraft:uniform",
                                "max": 3.0,
                                "min": 1.0
                            },
                            "function": "minecraft:set_count"
                        }
                    ],
                    "name": "minecraft:jungle_log",
                    "weight": 4
                },
                {
                    "type": "minecraft:item",
                    "functions": [
                        {
                            "add": false,
                            "count": {
                                "type": "minecraft:uniform",
                                "max": 3.0,
                                "min": 1.0
                            },
                            "function": "minecraft:set_count"
                        }
                    ],
                    "name": "minecraft:acacia_log",
                    "weight": 4
                },
                {
                    "type": "minecraft:item",
                    "functions": [
                        {
                            "add": false,
                            "count": {
                                "type": "minecraft:uniform",
                                "max": 3.0,
                                "min": 1.0
                            },
                            "function": "minecraft:set_count"
                        }
                    ],
                    "name": "minecraft:dark_oak_log",
                    "weight": 4
                },
                {
                    "type": "minecraft:item",
                    "functions": [
                        {
                            "add": false,
                            "count": {
                                "type": "minecraft:uniform",
                                "max": 3.0,
                                "min": 1.0
                            },
                            "function": "minecraft:set_count"
                        }
                    ],
                    "name": "minecraft:mangrove_log",
                    "weight": 4
                },
                {
                    "type": "minecraft:item",
                    "name": "minecraft:polished_blackstone_button",
                    "weight": 75
                },
                {
                    "type": "minecraft:item",
                    "name": "minecraft:stonecutter",
                    "weight": 75
                },
                {
                    "type": "minecraft:item",
                    "name": "minecraft:cracked_deepslate_tiles",
                    "weight": 75
                },
                {
                    "type": "minecraft:item",
                    "name": "minecraft:dead_brain_coral",
                    "weight": 75
                },
                {
                    "type": "minecraft:item",
                    "name": "minecraft:black_wool",
                    "weight": 75
                },
                {
                    "type": "minecraft:item",
                    "name": "minecraft:warped_fence",
                    "weight": 75
                },
                {
                    "type": "minecraft:item",
                    "name": "minecraft:gray_stained_glass_pane",
                    "weight": 75
                }
            ]
        }
    ]
}