{
    "pools": [
        {
            "rolls": {
                "min": 10,
                "max": 50
            },
            "entries": [
                {
                    "type": "minecraft:item",
                    "functions": [
                        {
                            "add": false,
                            "count": {
                                "type": "minecraft:binomial",
                                "n": 3.0,
                                "p": 0.53333336
                            },
                            "function": "minecraft:set_count"
                        }
                    ],
                    "name": "minecraft:melon_seeds",
                    "weight": 11
                },
                {
                    "type": "minecraft:item",
                    "name": "minecraft:waxed_oxidized_cut_copper_stairs",
                    "weight": 11
                },
                {
                    "type": "minecraft:item",
                    "name": "minecraft:polished_blackstone_brick_stairs",
                    "weight": 11
                },
                {
                    "type": "minecraft:item",
                    "name": "minecraft:crimson_fence",
                    "weight": 11
                },
                {
                    "type": "minecraft:item",
                    "name": "minecraft:crimson_stem",
                    "weight": 11
                },
                {
                    "type": "minecraft:item",
                    "name": "minecraft:smooth_red_sandstone",
                    "weight": 11
                },
                {
                    "type": "minecraft:item",
                    "functions": [
                        {
                            "add": false,
                            "count": {
                                "type": "minecraft:uniform",
                                "max": 2.0,
                                "min": 0.0
                            },
                            "function": "minecraft:set_count"
                        }
                    ],
                    "name": "minecraft:leather",
                    "weight": 11
                },
                {
                    "type": "minecraft:item",
                    "functions": [
                        {
                            "function": "minecraft:explosion_decay"
                        }
                    ],
                    "name": "minecraft:red_candle",
                    "weight": 11
                },
                {
                    "type": "minecraft:item",
                    "name": "minecraft:stone_brick_stairs",
                    "weight": 11
                },
                {
                    "type": "minecraft:item",
                    "name": "minecraft:cornflower",
                    "weight": 11
                },
                {
                    "type": "minecraft:item",
                    "name": "minecraft:grindstone",
                    "weight": 11
                }
            ]
        }
    ]
}