{
    "pools": [
        {
            "rolls": {
                "min": 10,
                "max": 50
            },
            "entries": [
                {
                    "type": "minecraft:item",
                    "name": "minecraft:hay_block",
                    "weight": 14
                },
                {
                    "type": "minecraft:item",
                    "name": "minecraft:light_blue_wool",
                    "weight": 7
                },
                {
                    "type": "minecraft:item",
                    "functions": [
                        {
                            "add": false,
                            "count": {
                                "type": "minecraft:uniform",
                                "max": 2.0,
                                "min": 1.0
                            },
                            "function": "minecraft:set_count"
                        }
                    ],
                    "name": "minecraft:mutton",
                    "weight": 7
                },
                {
                    "type": "minecraft:item",
                    "name": "minecraft:birch_planks",
                    "weight": 14
                },
                {
                    "type": "minecraft:item",
                    "name": "minecraft:blue_bed",
                    "weight": 14
                },
                {
                    "type": "minecraft:item",
                    "functions": [
                        {
                            "function": "minecraft:explosion_decay"
                        }
                    ],
                    "name": "minecraft:orange_candle",
                    "weight": 14
                },
                {
                    "type": "minecraft:item",
                    "name": "minecraft:mangrove_door",
                    "weight": 14
                },
                {
                    "type": "minecraft:item",
                    "name": "minecraft:mushroom_stem",
                    "weight": 14
                },
                {
                    "type": "minecraft:item",
                    "name": "minecraft:stone_bricks",
                    "weight": 14
                },
                {
                    "type": "minecraft:item",
                    "name": "minecraft:azure_bluet",
                    "weight": 14
                },
                {
                    "type": "minecraft:item",
                    "name": "minecraft:red_carpet",
                    "weight": 14
                },
                {
                    "type": "minecraft:item",
                    "name": "minecraft:big_dripleaf",
                    "weight": 14
                }
            ]
        }
    ]
}