{
    "pools": [
        {
            "rolls": {
                "min": 10,
                "max": 50
            },
            "entries": [
                {
                    "type": "minecraft:item",
                    "name": "minecraft:acacia_fence",
                    "weight": 108
                },
                {
                    "type": "minecraft:item",
                    "functions": [
                        {
                            "add": false,
                            "count": {
                                "type": "minecraft:uniform",
                                "max": 2.0,
                                "min": 0.0
                            },
                            "function": "minecraft:set_count"
                        }
                    ],
                    "name": "minecraft:leather",
                    "weight": 108
                },
                {
                    "type": "minecraft:item",
                    "name": "minecraft:mud",
                    "weight": 108
                },
                {
                    "type": "minecraft:item",
                    "name": "minecraft:nether_gold_ore",
                    "weight": 54
                },
                {
                    "type": "minecraft:item",
                    "functions": [
                        {
                            "add": false,
                            "count": {
                                "type": "minecraft:uniform",
                                "max": 6.0,
                                "min": 2.0
                            },
                            "function": "minecraft:set_count"
                        },
                        {
                            "function": "minecraft:explosion_decay"
                        }
                    ],
                    "name": "minecraft:gold_nugget",
                    "weight": 54
                },
                {
                    "type": "minecraft:item",
                    "name": "minecraft:arrow",
                    "weight": 56
                },
                {
                    "type": "minecraft:item",
                    "functions": [
                        {
                            "add": false,
                            "count": {
                                "type": "minecraft:uniform",
                                "max": 1.0,
                                "min": 0.0
                            },
                            "function": "minecraft:set_count"
                        },
                        {
                            "function": "minecraft:set_potion",
                            "id": "minecraft:swiftness"
                        }
                    ],
                    "name": "minecraft:tipped_arrow",
                    "weight": 5
                },
                {
                    "type": "minecraft:item",
                    "functions": [
                        {
                            "add": false,
                            "count": {
                                "type": "minecraft:uniform",
                                "max": 1.0,
                                "min": 0.0
                            },
                            "function": "minecraft:set_count"
                        },
                        {
                            "function": "minecraft:set_potion",
                            "id": "minecraft:slowness"
                        }
                    ],
                    "name": "minecraft:tipped_arrow",
                    "weight": 5
                },
                {
                    "type": "minecraft:item",
                    "functions": [
                        {
                            "add": false,
                            "count": {
                                "type": "minecraft:uniform",
                                "max": 1.0,
                                "min": 0.0
                            },
                            "function": "minecraft:set_count"
                        },
                        {
                            "function": "minecraft:set_potion",
                            "id": "minecraft:strength"
                        }
                    ],
                    "name": "minecraft:tipped_arrow",
                    "weight": 5
                },
                {
                    "type": "minecraft:item",
                    "functions": [
                        {
                            "add": false,
                            "count": {
                                "type": "minecraft:uniform",
                                "max": 1.0,
                                "min": 0.0
                            },
                            "function": "minecraft:set_count"
                        },
                        {
                            "function": "minecraft:set_potion",
                            "id": "minecraft:healing"
                        }
                    ],
                    "name": "minecraft:tipped_arrow",
                    "weight": 5
                },
                {
                    "type": "minecraft:item",
                    "functions": [
                        {
                            "add": false,
                            "count": {
                                "type": "minecraft:uniform",
                                "max": 1.0,
                                "min": 0.0
                            },
                            "function": "minecraft:set_count"
                        },
                        {
                            "function": "minecraft:set_potion",
                            "id": "minecraft:harming"
                        }
                    ],
                    "name": "minecraft:tipped_arrow",
                    "weight": 5
                },
                {
                    "type": "minecraft:item",
                    "functions": [
                        {
                            "add": false,
                            "count": {
                                "type": "minecraft:uniform",
                                "max": 1.0,
                                "min": 0.0
                            },
                            "function": "minecraft:set_count"
                        },
                        {
                            "function": "minecraft:set_potion",
                            "id": "minecraft:leaping"
                        }
                    ],
                    "name": "minecraft:tipped_arrow",
                    "weight": 5
                },
                {
                    "type": "minecraft:item",
                    "functions": [
                        {
                            "add": false,
                            "count": {
                                "type": "minecraft:uniform",
                                "max": 1.0,
                                "min": 0.0
                            },
                            "function": "minecraft:set_count"
                        },
                        {
                            "function": "minecraft:set_potion",
                            "id": "minecraft:regeneration"
                        }
                    ],
                    "name": "minecraft:tipped_arrow",
                    "weight": 5
                },
                {
                    "type": "minecraft:item",
                    "functions": [
                        {
                            "add": false,
                            "count": {
                                "type": "minecraft:uniform",
                                "max": 1.0,
                                "min": 0.0
                            },
                            "function": "minecraft:set_count"
                        },
                        {
                            "function": "minecraft:set_potion",
                            "id": "minecraft:fire_resistance"
                        }
                    ],
                    "name": "minecraft:tipped_arrow",
                    "weight": 5
                },
                {
                    "type": "minecraft:item",
                    "functions": [
                        {
                            "add": false,
                            "count": {
                                "type": "minecraft:uniform",
                                "max": 1.0,
                                "min": 0.0
                            },
                            "function": "minecraft:set_count"
                        },
                        {
                            "function": "minecraft:set_potion",
                            "id": "minecraft:water_breathing"
                        }
                    ],
                    "name": "minecraft:tipped_arrow",
                    "weight": 5
                },
                {
                    "type": "minecraft:item",
                    "functions": [
                        {
                            "add": false,
                            "count": {
                                "type": "minecraft:uniform",
                                "max": 1.0,
                                "min": 0.0
                            },
                            "function": "minecraft:set_count"
                        },
                        {
                            "function": "minecraft:set_potion",
                            "id": "minecraft:invisibility"
                        }
                    ],
                    "name": "minecraft:tipped_arrow",
                    "weight": 5
                },
                {
                    "type": "minecraft:item",
                    "functions": [
                        {
                            "add": false,
                            "count": {
                                "type": "minecraft:uniform",
                                "max": 1.0,
                                "min": 0.0
                            },
                            "function": "minecraft:set_count"
                        },
                        {
                            "function": "minecraft:set_potion",
                            "id": "minecraft:night_vision"
                        }
                    ],
                    "name": "minecraft:tipped_arrow",
                    "weight": 5
                },
                {
                    "type": "minecraft:item",
                    "functions": [
                        {
                            "add": false,
                            "count": {
                                "type": "minecraft:uniform",
                                "max": 1.0,
                                "min": 0.0
                            },
                            "function": "minecraft:set_count"
                        },
                        {
                            "function": "minecraft:set_potion",
                            "id": "minecraft:weakness"
                        }
                    ],
                    "name": "minecraft:tipped_arrow",
                    "weight": 5
                },
                {
                    "type": "minecraft:item",
                    "functions": [
                        {
                            "add": false,
                            "count": {
                                "type": "minecraft:uniform",
                                "max": 1.0,
                                "min": 0.0
                            },
                            "function": "minecraft:set_count"
                        },
                        {
                            "function": "minecraft:set_potion",
                            "id": "minecraft:poison"
                        }
                    ],
                    "name": "minecraft:tipped_arrow",
                    "weight": 5
                },
                {
                    "type": "minecraft:item",
                    "name": "minecraft:black_carpet",
                    "weight": 108
                },
                {
                    "type": "minecraft:item",
                    "functions": [
                        {
                            "function": "minecraft:explosion_decay"
                        }
                    ],
                    "name": "minecraft:stone_slab",
                    "weight": 108
                },
                {
                    "type": "minecraft:item",
                    "functions": [
                        {
                            "add": false,
                            "count": {
                                "type": "minecraft:uniform",
                                "max": 4.0,
                                "min": 1.0
                            },
                            "function": "minecraft:set_count"
                        }
                    ],
                    "name": "minecraft:coal",
                    "weight": 25
                },
                {
                    "type": "minecraft:item",
                    "name": "minecraft:stone_axe",
                    "weight": 6
                },
                {
                    "type": "minecraft:item",
                    "name": "minecraft:rotten_flesh",
                    "weight": 13
                },
                {
                    "type": "minecraft:item",
                    "name": "minecraft:emerald",
                    "weight": 6
                },
                {
                    "type": "minecraft:item",
                    "functions": [
                        {
                            "add": false,
                            "count": {
                                "type": "minecraft:uniform",
                                "max": 3.0,
                                "min": 2.0
                            },
                            "function": "minecraft:set_count"
                        }
                    ],
                    "name": "minecraft:wheat",
                    "weight": 25
                },
                {
                    "type": "minecraft:item",
                    "name": "minecraft:leather_chestplate",
                    "weight": 6
                },
                {
                    "type": "minecraft:item",
                    "name": "minecraft:golden_helmet",
                    "weight": 6
                },
                {
                    "type": "minecraft:item",
                    "functions": [
                        {
                            "function": "minecraft:enchant_randomly"
                        }
                    ],
                    "name": "minecraft:fishing_rod",
                    "weight": 13
                },
                {
                    "type": "minecraft:item",
                    "functions": [
                        {
                            "decoration": "red_x",
                            "function": "minecraft:exploration_map",
                            "skip_existing_chunks": false,
                            "zoom": 1
                        },
                        {
                            "function": "minecraft:set_name",
                            "name": {
                                "translate": "filled_map.buried_treasure"
                            }
                        }
                    ],
                    "name": "minecraft:map",
                    "weight": 13
                },
                {
                    "type": "minecraft:item",
                    "name": "minecraft:stone_axe",
                    "weight": 36
                },
                {
                    "type": "minecraft:item",
                    "name": "minecraft:golden_axe",
                    "weight": 36
                },
                {
                    "type": "minecraft:item",
                    "name": "minecraft:iron_axe",
                    "weight": 36
                },
                {
                    "type": "minecraft:item",
                    "name": "minecraft:iron_trapdoor",
                    "weight": 108
                },
                {
                    "type": "minecraft:item",
                    "name": "minecraft:shroomlight",
                    "weight": 108
                }
            ]
        }
    ]
}