{
    "pools": [
        {
            "rolls": {
                "min": 10,
                "max": 50
            },
            "entries": [
                {
                    "type": "minecraft:item",
                    "name": "minecraft:verdant_froglight",
                    "weight": 9
                },
                {
                    "type": "minecraft:item",
                    "name": "minecraft:oxidized_cut_copper_stairs",
                    "weight": 9
                },
                {
                    "type": "minecraft:item",
                    "name": "minecraft:red_terracotta",
                    "weight": 9
                },
                {
                    "type": "minecraft:item",
                    "name": "minecraft:iron_block",
                    "weight": 9
                },
                {
                    "type": "minecraft:item",
                    "name": "minecraft:red_sand",
                    "weight": 9
                },
                {
                    "type": "minecraft:item",
                    "name": "minecraft:gray_glazed_terracotta",
                    "weight": 9
                },
                {
                    "type": "minecraft:item",
                    "name": "minecraft:leather",
                    "weight": 9
                },
                {
                    "type": "minecraft:item",
                    "name": "minecraft:pearlescent_froglight",
                    "weight": 9
                },
                {
                    "type": "minecraft:item",
                    "name": "minecraft:dandelion",
                    "weight": 9
                }
            ]
        }
    ]
}