{
    "pools": [
        {
            "rolls": {
                "min": 1,
                "max": 5
            },
            "entries": [
                {
                    "type": "minecraft:item",
                    "name": "minecraft:saddle",
                    "weight": 34
                },
                {
                    "type": "minecraft:item",
                    "name": "minecraft:golden_apple",
                    "weight": 24
                },
                {
                    "type": "minecraft:item",
                    "name": "minecraft:enchanted_golden_apple",
                    "weight": 5
                },
                {
                    "type": "minecraft:item",
                    "name": "minecraft:music_disc_otherside",
                    "weight": 5
                },
                {
                    "type": "minecraft:item",
                    "name": "minecraft:music_disc_13",
                    "weight": 24
                },
                {
                    "type": "minecraft:item",
                    "name": "minecraft:music_disc_cat",
                    "weight": 24
                },
                {
                    "type": "minecraft:item",
                    "name": "minecraft:name_tag",
                    "weight": 34
                },
                {
                    "type": "minecraft:item",
                    "name": "minecraft:golden_horse_armor",
                    "weight": 15
                },
                {
                    "type": "minecraft:item",
                    "name": "minecraft:iron_horse_armor",
                    "weight": 24
                },
                {
                    "type": "minecraft:item",
                    "name": "minecraft:diamond_horse_armor",
                    "weight": 10
                },
                {
                    "type": "minecraft:item",
                    "functions": [
                        {
                            "function": "minecraft:enchant_randomly"
                        }
                    ],
                    "name": "minecraft:book",
                    "weight": 15
                },
                {
                    "type": "minecraft:item",
                    "functions": [
                        {
                            "add": false,
                            "count": {
                                "type": "minecraft:uniform",
                                "max": 4.0,
                                "min": 1.0
                            },
                            "function": "minecraft:set_count"
                        }
                    ],
                    "name": "minecraft:iron_ingot",
                    "weight": 15
                },
                {
                    "type": "minecraft:item",
                    "functions": [
                        {
                            "add": false,
                            "count": {
                                "type": "minecraft:uniform",
                                "max": 4.0,
                                "min": 1.0
                            },
                            "function": "minecraft:set_count"
                        }
                    ],
                    "name": "minecraft:gold_ingot",
                    "weight": 10
                },
                {
                    "type": "minecraft:item",
                    "name": "minecraft:bread",
                    "weight": 34
                },
                {
                    "type": "minecraft:item",
                    "functions": [
                        {
                            "add": false,
                            "count": {
                                "type": "minecraft:uniform",
                                "max": 4.0,
                                "min": 1.0
                            },
                            "function": "minecraft:set_count"
                        }
                    ],
                    "name": "minecraft:wheat",
                    "weight": 34
                },
                {
                    "type": "minecraft:item",
                    "name": "minecraft:bucket",
                    "weight": 15
                },
                {
                    "type": "minecraft:item",
                    "functions": [
                        {
                            "add": false,
                            "count": {
                                "type": "minecraft:uniform",
                                "max": 4.0,
                                "min": 1.0
                            },
                            "function": "minecraft:set_count"
                        }
                    ],
                    "name": "minecraft:redstone",
                    "weight": 24
                },
                {
                    "type": "minecraft:item",
                    "functions": [
                        {
                            "add": false,
                            "count": {
                                "type": "minecraft:uniform",
                                "max": 4.0,
                                "min": 1.0
                            },
                            "function": "minecraft:set_count"
                        }
                    ],
                    "name": "minecraft:coal",
                    "weight": 24
                },
                {
                    "type": "minecraft:item",
                    "functions": [
                        {
                            "add": false,
                            "count": {
                                "type": "minecraft:uniform",
                                "max": 4.0,
                                "min": 2.0
                            },
                            "function": "minecraft:set_count"
                        }
                    ],
                    "name": "minecraft:melon_seeds",
                    "weight": 15
                },
                {
                    "type": "minecraft:item",
                    "functions": [
                        {
                            "add": false,
                            "count": {
                                "type": "minecraft:uniform",
                                "max": 4.0,
                                "min": 2.0
                            },
                            "function": "minecraft:set_count"
                        }
                    ],
                    "name": "minecraft:pumpkin_seeds",
                    "weight": 15
                },
                {
                    "type": "minecraft:item",
                    "functions": [
                        {
                            "add": false,
                            "count": {
                                "type": "minecraft:uniform",
                                "max": 4.0,
                                "min": 2.0
                            },
                            "function": "minecraft:set_count"
                        }
                    ],
                    "name": "minecraft:beetroot_seeds",
                    "weight": 15
                },
                {
                    "type": "minecraft:item",
                    "functions": [
                        {
                            "add": false,
                            "count": {
                                "type": "minecraft:uniform",
                                "max": 8.0,
                                "min": 1.0
                            },
                            "function": "minecraft:set_count"
                        }
                    ],
                    "name": "minecraft:bone",
                    "weight": 15
                },
                {
                    "type": "minecraft:item",
                    "functions": [
                        {
                            "add": false,
                            "count": {
                                "type": "minecraft:uniform",
                                "max": 8.0,
                                "min": 1.0
                            },
                            "function": "minecraft:set_count"
                        }
                    ],
                    "name": "minecraft:gunpowder",
                    "weight": 15
                },
                {
                    "type": "minecraft:item",
                    "functions": [
                        {
                            "add": false,
                            "count": {
                                "type": "minecraft:uniform",
                                "max": 8.0,
                                "min": 1.0
                            },
                            "function": "minecraft:set_count"
                        }
                    ],
                    "name": "minecraft:rotten_flesh",
                    "weight": 15
                },
                {
                    "type": "minecraft:item",
                    "functions": [
                        {
                            "add": false,
                            "count": {
                                "type": "minecraft:uniform",
                                "max": 8.0,
                                "min": 1.0
                            },
                            "function": "minecraft:set_count"
                        }
                    ],
                    "name": "minecraft:string",
                    "weight": 15
                },
                {
                    "type": "minecraft:item",
                    "name": "minecraft:calibrated_sculk_sensor",
                    "weight": 477
                },
                {
                    "type": "minecraft:item",
                    "name": "minecraft:cobbled_deepslate_wall",
                    "weight": 477
                },
                {
                    "type": "minecraft:item",
                    "name": "minecraft:piglin_head",
                    "weight": 477
                },
                {
                    "type": "minecraft:item",
                    "name": "minecraft:brain_coral_block",
                    "weight": 239
                },
                {
                    "type": "minecraft:item",
                    "name": "minecraft:dead_brain_coral_block",
                    "weight": 239
                },
                {
                    "type": "minecraft:item",
                    "name": "minecraft:bamboo_button",
                    "weight": 477
                },
                {
                    "type": "minecraft:item",
                    "name": "minecraft:bee_nest",
                    "weight": 477
                },
                {
                    "type": "minecraft:item",
                    "name": "minecraft:fire_coral_fan",
                    "weight": 477
                },
                {
                    "type": "minecraft:item",
                    "name": "minecraft:smooth_red_sandstone_stairs",
                    "weight": 477
                },
                {
                    "type": "minecraft:item",
                    "functions": [
                        {
                            "add": false,
                            "count": {
                                "type": "minecraft:binomial",
                                "n": 3.0,
                                "p": 0.53333336
                            },
                            "function": "minecraft:set_count"
                        }
                    ],
                    "name": "minecraft:pumpkin_seeds",
                    "weight": 477
                },
                {
                    "type": "minecraft:item",
                    "functions": [
                        {
                            "function": "minecraft:explosion_decay"
                        }
                    ],
                    "name": "minecraft:green_candle",
                    "weight": 477
                },
                {
                    "type": "minecraft:item",
                    "name": "minecraft:andesite_wall",
                    "weight": 477
                },
                {
                    "type": "minecraft:item",
                    "name": "minecraft:coal_ore",
                    "weight": 239
                },
                {
                    "type": "minecraft:item",
                    "functions": [
                        {
                            "function": "minecraft:explosion_decay"
                        }
                    ],
                    "name": "minecraft:coal",
                    "weight": 239
                },
                {
                    "type": "minecraft:item",
                    "functions": [
                        {
                            "add": false,
                            "damage": {
                                "type": "minecraft:uniform",
                                "max": 0.8,
                                "min": 0.15
                            },
                            "function": "minecraft:set_damage"
                        },
                        {
                            "function": "minecraft:enchant_randomly"
                        }
                    ],
                    "name": "minecraft:diamond_shovel",
                    "weight": 43
                },
                {
                    "type": "minecraft:item",
                    "functions": [
                        {
                            "add": false,
                            "damage": {
                                "type": "minecraft:uniform",
                                "max": 0.95,
                                "min": 0.15
                            },
                            "function": "minecraft:set_damage"
                        },
                        {
                            "add": false,
                            "count": 1.0,
                            "function": "minecraft:set_count"
                        },
                        {
                            "function": "minecraft:enchant_randomly"
                        }
                    ],
                    "name": "minecraft:diamond_pickaxe",
                    "weight": 39
                },
                {
                    "type": "minecraft:item",
                    "functions": [
                        {
                            "add": false,
                            "count": 1.0,
                            "function": "minecraft:set_count"
                        }
                    ],
                    "name": "minecraft:netherite_scrap",
                    "weight": 29
                },
                {
                    "type": "minecraft:item",
                    "functions": [
                        {
                            "add": false,
                            "count": 1.0,
                            "function": "minecraft:set_count"
                        }
                    ],
                    "name": "minecraft:ancient_debris",
                    "weight": 39
                },
                {
                    "type": "minecraft:item",
                    "functions": [
                        {
                            "add": false,
                            "count": 2.0,
                            "function": "minecraft:set_count"
                        }
                    ],
                    "name": "minecraft:ancient_debris",
                    "weight": 20
                },
                {
                    "type": "minecraft:item",
                    "functions": [
                        {
                            "add": false,
                            "count": 1.0,
                            "function": "minecraft:set_count"
                        }
                    ],
                    "name": "minecraft:saddle",
                    "weight": 39
                },
                {
                    "type": "minecraft:item",
                    "functions": [
                        {
                            "add": false,
                            "count": {
                                "type": "minecraft:uniform",
                                "max": 4.0,
                                "min": 2.0
                            },
                            "function": "minecraft:set_count"
                        }
                    ],
                    "name": "minecraft:gold_block",
                    "weight": 53
                },
                {
                    "type": "minecraft:item",
                    "functions": [
                        {
                            "add": false,
                            "count": {
                                "type": "minecraft:uniform",
                                "max": 17.0,
                                "min": 8.0
                            },
                            "function": "minecraft:set_count"
                        }
                    ],
                    "name": "minecraft:golden_carrot",
                    "weight": 29
                },
                {
                    "type": "minecraft:item",
                    "functions": [
                        {
                            "add": false,
                            "count": 1.0,
                            "function": "minecraft:set_count"
                        }
                    ],
                    "name": "minecraft:golden_apple",
                    "weight": 29
                },
                {
                    "type": "minecraft:item",
                    "functions": [
                        {
                            "add": false,
                            "count": 1.0,
                            "function": "minecraft:set_count"
                        },
                        {
                            "function": "minecraft:enchant_randomly"
                        }
                    ],
                    "name": "minecraft:golden_axe",
                    "weight": 5
                },
                {
                    "type": "minecraft:item",
                    "functions": [
                        {
                            "add": false,
                            "count": {
                                "type": "minecraft:uniform",
                                "max": 5.0,
                                "min": 1.0
                            },
                            "function": "minecraft:set_count"
                        }
                    ],
                    "name": "minecraft:crying_obsidian",
                    "weight": 5
                },
                {
                    "type": "minecraft:item",
                    "functions": [
                        {
                            "add": false,
                            "count": {
                                "type": "minecraft:uniform",
                                "max": 6.0,
                                "min": 3.0
                            },
                            "function": "minecraft:set_count"
                        }
                    ],
                    "name": "minecraft:glowstone",
                    "weight": 5
                },
                {
                    "type": "minecraft:item",
                    "functions": [
                        {
                            "add": false,
                            "count": {
                                "type": "minecraft:uniform",
                                "max": 5.0,
                                "min": 2.0
                            },
                            "function": "minecraft:set_count"
                        }
                    ],
                    "name": "minecraft:gilded_blackstone",
                    "weight": 5
                },
                {
                    "type": "minecraft:item",
                    "functions": [
                        {
                            "add": false,
                            "count": {
                                "type": "minecraft:uniform",
                                "max": 7.0,
                                "min": 2.0
                            },
                            "function": "minecraft:set_count"
                        }
                    ],
                    "name": "minecraft:soul_sand",
                    "weight": 5
                },
                {
                    "type": "minecraft:item",
                    "functions": [
                        {
                            "add": false,
                            "count": {
                                "type": "minecraft:uniform",
                                "max": 7.0,
                                "min": 2.0
                            },
                            "function": "minecraft:set_count"
                        }
                    ],
                    "name": "minecraft:crimson_nylium",
                    "weight": 5
                },
                {
                    "type": "minecraft:item",
                    "functions": [
                        {
                            "add": false,
                            "count": {
                                "type": "minecraft:uniform",
                                "max": 8.0,
                                "min": 2.0
                            },
                            "function": "minecraft:set_count"
                        }
                    ],
                    "name": "minecraft:gold_nugget",
                    "weight": 5
                },
                {
                    "type": "minecraft:item",
                    "functions": [
                        {
                            "add": false,
                            "count": {
                                "type": "minecraft:uniform",
                                "max": 3.0,
                                "min": 1.0
                            },
                            "function": "minecraft:set_count"
                        }
                    ],
                    "name": "minecraft:leather",
                    "weight": 5
                },
                {
                    "type": "minecraft:item",
                    "functions": [
                        {
                            "add": false,
                            "count": {
                                "type": "minecraft:uniform",
                                "max": 17.0,
                                "min": 5.0
                            },
                            "function": "minecraft:set_count"
                        }
                    ],
                    "name": "minecraft:arrow",
                    "weight": 5
                },
                {
                    "type": "minecraft:item",
                    "functions": [
                        {
                            "add": false,
                            "count": {
                                "type": "minecraft:uniform",
                                "max": 8.0,
                                "min": 3.0
                            },
                            "function": "minecraft:set_count"
                        }
                    ],
                    "name": "minecraft:string",
                    "weight": 5
                },
                {
                    "type": "minecraft:item",
                    "functions": [
                        {
                            "add": false,
                            "count": {
                                "type": "minecraft:uniform",
                                "max": 5.0,
                                "min": 2.0
                            },
                            "function": "minecraft:set_count"
                        }
                    ],
                    "name": "minecraft:porkchop",
                    "weight": 5
                },
                {
                    "type": "minecraft:item",
                    "functions": [
                        {
                            "add": false,
                            "count": {
                                "type": "minecraft:uniform",
                                "max": 5.0,
                                "min": 2.0
                            },
                            "function": "minecraft:set_count"
                        }
                    ],
                    "name": "minecraft:cooked_porkchop",
                    "weight": 5
                },
                {
                    "type": "minecraft:item",
                    "functions": [
                        {
                            "add": false,
                            "count": {
                                "type": "minecraft:uniform",
                                "max": 7.0,
                                "min": 2.0
                            },
                            "function": "minecraft:set_count"
                        }
                    ],
                    "name": "minecraft:crimson_fungus",
                    "weight": 5
                },
                {
                    "type": "minecraft:item",
                    "functions": [
                        {
                            "add": false,
                            "count": {
                                "type": "minecraft:uniform",
                                "max": 7.0,
                                "min": 2.0
                            },
                            "function": "minecraft:set_count"
                        }
                    ],
                    "name": "minecraft:crimson_roots",
                    "weight": 5
                },
                {
                    "type": "minecraft:empty",
                    "weight": 34
                },
                {
                    "type": "minecraft:item",
                    "name": "minecraft:snout_armor_trim_smithing_template",
                    "weight": 5
                },
                {
                    "type": "minecraft:empty",
                    "weight": 29
                },
                {
                    "type": "minecraft:item",
                    "name": "minecraft:netherite_upgrade_smithing_template",
                    "weight": 5
                },
                {
                    "type": "minecraft:item",
                    "name": "minecraft:dispenser",
                    "weight": 477
                },
                {
                    "type": "minecraft:item",
                    "functions": [
                        {
                            "type": "minecraft:shulker_box",
                            "entries": [
                                {
                                    "type": "minecraft:dynamic",
                                    "name": "minecraft:contents"
                                }
                            ],
                            "function": "minecraft:set_contents"
                        }
                    ],
                    "name": "minecraft:orange_shulker_box",
                    "weight": 477
                },
                {
                    "type": "minecraft:item",
                    "functions": [
                        {
                            "add": false,
                            "count": {
                                "type": "minecraft:uniform",
                                "max": 2.0,
                                "min": 0.0
                            },
                            "function": "minecraft:set_count"
                        }
                    ],
                    "name": "minecraft:glowstone_dust",
                    "weight": 58
                },
                {
                    "type": "minecraft:item",
                    "functions": [
                        {
                            "add": false,
                            "count": {
                                "type": "minecraft:uniform",
                                "max": 2.0,
                                "min": 0.0
                            },
                            "function": "minecraft:set_count"
                        }
                    ],
                    "name": "minecraft:sugar",
                    "weight": 58
                },
                {
                    "type": "minecraft:item",
                    "functions": [
                        {
                            "add": false,
                            "count": {
                                "type": "minecraft:uniform",
                                "max": 2.0,
                                "min": 0.0
                            },
                            "function": "minecraft:set_count"
                        }
                    ],
                    "name": "minecraft:redstone",
                    "weight": 58
                },
                {
                    "type": "minecraft:item",
                    "functions": [
                        {
                            "add": false,
                            "count": {
                                "type": "minecraft:uniform",
                                "max": 2.0,
                                "min": 0.0
                            },
                            "function": "minecraft:set_count"
                        }
                    ],
                    "name": "minecraft:spider_eye",
                    "weight": 58
                },
                {
                    "type": "minecraft:item",
                    "functions": [
                        {
                            "add": false,
                            "count": {
                                "type": "minecraft:uniform",
                                "max": 2.0,
                                "min": 0.0
                            },
                            "function": "minecraft:set_count"
                        }
                    ],
                    "name": "minecraft:glass_bottle",
                    "weight": 58
                },
                {
                    "type": "minecraft:item",
                    "functions": [
                        {
                            "add": false,
                            "count": {
                                "type": "minecraft:uniform",
                                "max": 2.0,
                                "min": 0.0
                            },
                            "function": "minecraft:set_count"
                        }
                    ],
                    "name": "minecraft:gunpowder",
                    "weight": 58
                },
                {
                    "type": "minecraft:item",
                    "functions": [
                        {
                            "add": false,
                            "count": {
                                "type": "minecraft:uniform",
                                "max": 2.0,
                                "min": 0.0
                            },
                            "function": "minecraft:set_count"
                        }
                    ],
                    "name": "minecraft:stick",
                    "weight": 120
                },
                {
                    "type": "minecraft:item",
                    "name": "minecraft:magma_block",
                    "weight": 477
                },
                {
                    "type": "minecraft:item",
                    "name": "minecraft:crimson_fence",
                    "weight": 477
                },
                {
                    "type": "minecraft:item",
                    "functions": [
                        {
                            "function": "minecraft:explosion_decay"
                        }
                    ],
                    "name": "minecraft:spruce_slab",
                    "weight": 477
                }
            ]
        }
    ]
}