{
    "pools": [
        {
            "rolls": {
                "min": 10,
                "max": 50
            },
            "entries": [
                {
                    "type": "minecraft:item",
                    "name": "minecraft:pink_tulip",
                    "weight": 13
                },
                {
                    "type": "minecraft:item",
                    "name": "minecraft:stone",
                    "weight": 7
                },
                {
                    "type": "minecraft:item",
                    "name": "minecraft:cobblestone",
                    "weight": 7
                },
                {
                    "type": "minecraft:item",
                    "name": "minecraft:end_stone_bricks",
                    "weight": 13
                },
                {
                    "type": "minecraft:item",
                    "name": "minecraft:ladder",
                    "weight": 13
                },
                {
                    "type": "minecraft:item",
                    "name": "minecraft:flower_pot",
                    "weight": 7
                },
                {
                    "type": "minecraft:item",
                    "name": "minecraft:lily_of_the_valley",
                    "weight": 7
                },
                {
                    "type": "minecraft:item",
                    "functions": [
                        {
                            "function": "minecraft:explosion_decay"
                        }
                    ],
                    "name": "minecraft:stone_brick_slab",
                    "weight": 13
                },
                {
                    "type": "minecraft:item",
                    "name": "minecraft:stripped_warped_hyphae",
                    "weight": 13
                },
                {
                    "type": "minecraft:item",
                    "functions": [
                        {
                            "add": false,
                            "count": {
                                "type": "minecraft:uniform",
                                "max": 2.0,
                                "min": 0.0
                            },
                            "function": "minecraft:set_count"
                        }
                    ],
                    "name": "minecraft:leather",
                    "weight": 13
                },
                {
                    "type": "minecraft:item",
                    "name": "minecraft:birch_trapdoor",
                    "weight": 13
                },
                {
                    "type": "minecraft:item",
                    "functions": [
                        {
                            "function": "minecraft:explosion_decay"
                        }
                    ],
                    "name": "minecraft:polished_blackstone_brick_slab",
                    "weight": 13
                },
                {
                    "type": "minecraft:item",
                    "name": "minecraft:chest",
                    "weight": 13
                }
            ]
        }
    ]
}