{
    "pools": [
        {
            "rolls": {
                "min": 10,
                "max": 50
            },
            "entries": [
                {
                    "type": "minecraft:item",
                    "name": "minecraft:rooted_dirt",
                    "weight": 13
                },
                {
                    "type": "minecraft:item",
                    "name": "minecraft:dead_fire_coral",
                    "weight": 13
                },
                {
                    "type": "minecraft:item",
                    "functions": [
                        {
                            "add": false,
                            "count": {
                                "type": "minecraft:uniform",
                                "max": 1.0,
                                "min": 0.0
                            },
                            "function": "minecraft:set_count"
                        }
                    ],
                    "name": "minecraft:rabbit_hide",
                    "weight": 5
                },
                {
                    "type": "minecraft:item",
                    "functions": [
                        {
                            "add": false,
                            "count": 1.0,
                            "function": "minecraft:set_count"
                        }
                    ],
                    "name": "minecraft:rabbit",
                    "weight": 5
                },
                {
                    "type": "minecraft:item",
                    "name": "minecraft:rabbit_foot",
                    "weight": 5
                },
                {
                    "type": "minecraft:item",
                    "name": "minecraft:map",
                    "weight": 7
                },
                {
                    "type": "minecraft:item",
                    "name": "minecraft:paper",
                    "weight": 7
                },
                {
                    "type": "minecraft:item",
                    "name": "minecraft:deepslate",
                    "weight": 13
                },
                {
                    "type": "minecraft:item",
                    "name": "minecraft:stripped_dark_oak_wood",
                    "weight": 13
                },
                {
                    "type": "minecraft:item",
                    "name": "minecraft:small_amethyst_bud",
                    "weight": 13
                },
                {
                    "type": "minecraft:item",
                    "name": "minecraft:cauldron",
                    "weight": 13
                },
                {
                    "type": "minecraft:item",
                    "name": "minecraft:birch_pressure_plate",
                    "weight": 13
                },
                {
                    "type": "minecraft:item",
                    "name": "minecraft:crying_obsidian",
                    "weight": 13
                }
            ]
        }
    ]
}