{
    "pools": [
        {
            "rolls": {
                "min": 10,
                "max": 50
            },
            "entries": [
                {
                    "type": "minecraft:item",
                    "name": "minecraft:player_head",
                    "weight": 17
                },
                {
                    "type": "minecraft:item",
                    "name": "minecraft:totem_of_undying",
                    "weight": 9
                },
                {
                    "type": "minecraft:item",
                    "functions": [
                        {
                            "add": false,
                            "count": {
                                "type": "minecraft:uniform",
                                "max": 1.0,
                                "min": 0.0
                            },
                            "function": "minecraft:set_count"
                        }
                    ],
                    "name": "minecraft:emerald",
                    "weight": 9
                },
                {
                    "type": "minecraft:item",
                    "functions": [
                        {
                            "function": "minecraft:explosion_decay"
                        }
                    ],
                    "name": "minecraft:granite_slab",
                    "weight": 17
                },
                {
                    "type": "minecraft:item",
                    "name": "minecraft:pink_wool",
                    "weight": 9
                },
                {
                    "type": "minecraft:item",
                    "functions": [
                        {
                            "add": false,
                            "count": {
                                "type": "minecraft:uniform",
                                "max": 2.0,
                                "min": 1.0
                            },
                            "function": "minecraft:set_count"
                        }
                    ],
                    "name": "minecraft:mutton",
                    "weight": 9
                },
                {
                    "type": "minecraft:item",
                    "name": "minecraft:jungle_fence_gate",
                    "weight": 17
                },
                {
                    "type": "minecraft:item",
                    "name": "minecraft:cyan_glazed_terracotta",
                    "weight": 17
                },
                {
                    "type": "minecraft:item",
                    "name": "minecraft:polished_diorite",
                    "weight": 17
                },
                {
                    "type": "minecraft:item",
                    "functions": [
                        {
                            "function": "minecraft:explosion_decay"
                        }
                    ],
                    "name": "minecraft:cobblestone_slab",
                    "weight": 17
                },
                {
                    "type": "minecraft:item",
                    "name": "minecraft:purple_stained_glass",
                    "weight": 17
                },
                {
                    "type": "minecraft:item",
                    "name": "minecraft:jungle_leaves",
                    "weight": 6
                },
                {
                    "type": "minecraft:item",
                    "name": "minecraft:jungle_sapling",
                    "weight": 6
                },
                {
                    "type": "minecraft:item",
                    "functions": [
                        {
                            "add": false,
                            "count": {
                                "type": "minecraft:uniform",
                                "max": 2.0,
                                "min": 1.0
                            },
                            "function": "minecraft:set_count"
                        },
                        {
                            "function": "minecraft:explosion_decay"
                        }
                    ],
                    "name": "minecraft:stick",
                    "weight": 6
                },
                {
                    "type": "minecraft:item",
                    "name": "minecraft:cracked_nether_bricks",
                    "weight": 17
                }
            ]
        }
    ]
}