{
    "pools": [
        {
            "rolls": {
                "min": 10,
                "max": 50
            },
            "entries": [
                {
                    "type": "minecraft:item",
                    "name": "minecraft:yellow_bed",
                    "weight": 10
                },
                {
                    "type": "minecraft:item",
                    "name": "minecraft:white_stained_glass_pane",
                    "weight": 10
                },
                {
                    "type": "minecraft:item",
                    "name": "minecraft:waxed_exposed_copper",
                    "weight": 10
                },
                {
                    "type": "minecraft:item",
                    "name": "minecraft:torch",
                    "weight": 10
                },
                {
                    "type": "minecraft:item",
                    "functions": [
                        {
                            "type": "minecraft:shulker_box",
                            "entries": [
                                {
                                    "type": "minecraft:dynamic",
                                    "name": "minecraft:contents"
                                }
                            ],
                            "function": "minecraft:set_contents"
                        }
                    ],
                    "name": "minecraft:magenta_shulker_box",
                    "weight": 10
                },
                {
                    "type": "minecraft:item",
                    "name": "minecraft:warped_pressure_plate",
                    "weight": 10
                },
                {
                    "type": "minecraft:item",
                    "name": "minecraft:cherry_planks",
                    "weight": 10
                },
                {
                    "type": "minecraft:item",
                    "name": "minecraft:jungle_hanging_sign",
                    "weight": 10
                },
                {
                    "type": "minecraft:item",
                    "name": "minecraft:red_stained_glass_pane",
                    "weight": 10
                },
                {
                    "type": "minecraft:item",
                    "name": "minecraft:cherry_stairs",
                    "weight": 10
                }
            ]
        }
    ]
}