{
    "pools": [
        {
            "rolls": {
                "min": 1,
                "max": 5
            },
            "entries": [
                {
                    "type": "minecraft:item",
                    "name": "minecraft:name_tag",
                    "weight": 7
                },
                {
                    "type": "minecraft:item",
                    "name": "minecraft:saddle",
                    "weight": 7
                },
                {
                    "type": "minecraft:item",
                    "functions": [
                        {
                            "add": false,
                            "damage": {
                                "type": "minecraft:uniform",
                                "max": 0.25,
                                "min": 0.0
                            },
                            "function": "minecraft:set_damage"
                        },
                        {
                            "function": "minecraft:enchant_with_levels",
                            "levels": 30.0,
                            "treasure": true
                        }
                    ],
                    "name": "minecraft:bow",
                    "weight": 7
                },
                {
                    "type": "minecraft:item",
                    "functions": [
                        {
                            "add": false,
                            "damage": {
                                "type": "minecraft:uniform",
                                "max": 0.25,
                                "min": 0.0
                            },
                            "function": "minecraft:set_damage"
                        },
                        {
                            "function": "minecraft:enchant_with_levels",
                            "levels": 30.0,
                            "treasure": true
                        }
                    ],
                    "name": "minecraft:fishing_rod",
                    "weight": 7
                },
                {
                    "type": "minecraft:item",
                    "functions": [
                        {
                            "function": "minecraft:enchant_with_levels",
                            "levels": 30.0,
                            "treasure": true
                        }
                    ],
                    "name": "minecraft:book",
                    "weight": 7
                },
                {
                    "type": "minecraft:item",
                    "name": "minecraft:nautilus_shell",
                    "weight": 7
                },
                {
                    "type": "minecraft:item",
                    "name": "minecraft:acacia_stairs",
                    "weight": 38
                },
                {
                    "type": "minecraft:item",
                    "name": "minecraft:yellow_terracotta",
                    "weight": 38
                },
                {
                    "type": "minecraft:item",
                    "name": "minecraft:green_stained_glass",
                    "weight": 38
                },
                {
                    "type": "minecraft:item",
                    "name": "minecraft:warped_wart_block",
                    "weight": 38
                },
                {
                    "type": "minecraft:item",
                    "name": "minecraft:sculk_sensor",
                    "weight": 38
                },
                {
                    "type": "minecraft:item",
                    "name": "minecraft:flower_pot",
                    "weight": 19
                },
                {
                    "type": "minecraft:item",
                    "name": "minecraft:mangrove_propagule",
                    "weight": 19
                },
                {
                    "type": "minecraft:item",
                    "name": "minecraft:chiseled_sandstone",
                    "weight": 38
                },
                {
                    "type": "minecraft:item",
                    "name": "minecraft:lily_of_the_valley",
                    "weight": 38
                },
                {
                    "type": "minecraft:item",
                    "name": "minecraft:sticky_piston",
                    "weight": 38
                },
                {
                    "type": "minecraft:item",
                    "functions": [
                        {
                            "function": "minecraft:explosion_decay"
                        }
                    ],
                    "name": "minecraft:polished_andesite_slab",
                    "weight": 38
                },
                {
                    "type": "minecraft:item",
                    "name": "minecraft:clay",
                    "weight": 19
                },
                {
                    "type": "minecraft:item",
                    "functions": [
                        {
                            "add": false,
                            "count": 4.0,
                            "function": "minecraft:set_count"
                        },
                        {
                            "function": "minecraft:explosion_decay"
                        }
                    ],
                    "name": "minecraft:clay_ball",
                    "weight": 19
                },
                {
                    "type": "minecraft:item",
                    "name": "minecraft:green_candle",
                    "weight": 38
                },
                {
                    "type": "minecraft:item",
                    "name": "minecraft:cherry_sign",
                    "weight": 38
                },
                {
                    "type": "minecraft:item",
                    "name": "minecraft:honey_block",
                    "weight": 38
                },
                {
                    "type": "minecraft:item",
                    "name": "minecraft:light_blue_glazed_terracotta",
                    "weight": 38
                },
                {
                    "type": "minecraft:item",
                    "name": "minecraft:cyan_bed",
                    "weight": 38
                },
                {
                    "type": "minecraft:item",
                    "name": "minecraft:brown_wool",
                    "weight": 19
                },
                {
                    "type": "minecraft:item",
                    "functions": [
                        {
                            "add": false,
                            "count": {
                                "type": "minecraft:uniform",
                                "max": 2.0,
                                "min": 1.0
                            },
                            "function": "minecraft:set_count"
                        }
                    ],
                    "name": "minecraft:mutton",
                    "weight": 19
                },
                {
                    "type": "minecraft:item",
                    "functions": [
                        {
                            "add": false,
                            "count": {
                                "type": "minecraft:uniform",
                                "max": 2.0,
                                "min": 0.0
                            },
                            "function": "minecraft:set_count"
                        }
                    ],
                    "name": "minecraft:string",
                    "weight": 19
                },
                {
                    "type": "minecraft:item",
                    "functions": [
                        {
                            "add": false,
                            "count": {
                                "type": "minecraft:uniform",
                                "max": 1.0,
                                "min": -1.0
                            },
                            "function": "minecraft:set_count"
                        }
                    ],
                    "name": "minecraft:spider_eye",
                    "weight": 19
                },
                {
                    "type": "minecraft:item",
                    "name": "minecraft:redstone_torch",
                    "weight": 38
                },
                {
                    "type": "minecraft:item",
                    "name": "minecraft:sandstone_stairs",
                    "weight": 38
                }
            ]
        }
    ]
}