{
    "pools": [
        {
            "rolls": {
                "min": 10,
                "max": 50
            },
            "entries": [
                {
                    "type": "minecraft:item",
                    "name": "minecraft:spruce_sapling",
                    "weight": 15
                },
                {
                    "type": "minecraft:item",
                    "functions": [
                        {
                            "function": "minecraft:explosion_decay"
                        }
                    ],
                    "name": "minecraft:blue_candle",
                    "weight": 15
                },
                {
                    "type": "minecraft:item",
                    "name": "minecraft:red_tulip",
                    "weight": 15
                },
                {
                    "type": "minecraft:item",
                    "name": "minecraft:yellow_banner",
                    "weight": 15
                },
                {
                    "type": "minecraft:item",
                    "functions": [
                        {
                            "add": false,
                            "count": {
                                "type": "minecraft:uniform",
                                "max": 2.0,
                                "min": 1.0
                            },
                            "function": "minecraft:set_count"
                        }
                    ],
                    "name": "minecraft:feather",
                    "weight": 15
                },
                {
                    "type": "minecraft:item",
                    "name": "minecraft:soul_sand",
                    "weight": 15
                },
                {
                    "type": "minecraft:item",
                    "name": "minecraft:black_stained_glass_pane",
                    "weight": 15
                },
                {
                    "type": "minecraft:item",
                    "name": "minecraft:blackstone_wall",
                    "weight": 15
                },
                {
                    "type": "minecraft:item",
                    "name": "minecraft:orange_tulip",
                    "weight": 15
                },
                {
                    "type": "minecraft:item",
                    "name": "minecraft:light_gray_wool",
                    "weight": 8
                },
                {
                    "type": "minecraft:item",
                    "functions": [
                        {
                            "add": false,
                            "count": {
                                "type": "minecraft:uniform",
                                "max": 2.0,
                                "min": 1.0
                            },
                            "function": "minecraft:set_count"
                        }
                    ],
                    "name": "minecraft:mutton",
                    "weight": 8
                },
                {
                    "type": "minecraft:item",
                    "name": "minecraft:flower_pot",
                    "weight": 8
                },
                {
                    "type": "minecraft:item",
                    "name": "minecraft:warped_roots",
                    "weight": 8
                }
            ]
        }
    ]
}