{
    "pools": [
        {
            "rolls": {
                "min": 1,
                "max": 5
            },
            "entries": [
                {
                    "type": "minecraft:item",
                    "name": "minecraft:light_gray_glazed_terracotta",
                    "weight": 25
                },
                {
                    "type": "minecraft:item",
                    "name": "minecraft:lime_banner",
                    "weight": 25
                },
                {
                    "type": "minecraft:item",
                    "name": "minecraft:nether_sprouts",
                    "weight": 25
                },
                {
                    "type": "minecraft:item",
                    "functions": [
                        {
                            "type": "minecraft:shulker_box",
                            "entries": [
                                {
                                    "type": "minecraft:dynamic",
                                    "name": "minecraft:contents"
                                }
                            ],
                            "function": "minecraft:set_contents"
                        }
                    ],
                    "name": "minecraft:yellow_shulker_box",
                    "weight": 25
                },
                {
                    "type": "minecraft:item",
                    "name": "minecraft:jungle_hanging_sign",
                    "weight": 25
                },
                {
                    "type": "minecraft:item",
                    "name": "minecraft:obsidian",
                    "weight": 25
                },
                {
                    "type": "minecraft:item",
                    "name": "minecraft:cherry_log",
                    "weight": 25
                },
                {
                    "type": "minecraft:item",
                    "name": "minecraft:lime_stained_glass",
                    "weight": 25
                },
                {
                    "type": "minecraft:item",
                    "name": "minecraft:stripped_dark_oak_log",
                    "weight": 25
                },
                {
                    "type": "minecraft:item",
                    "name": "minecraft:white_candle",
                    "weight": 25
                },
                {
                    "type": "minecraft:item",
                    "name": "minecraft:warped_pressure_plate",
                    "weight": 25
                },
                {
                    "type": "minecraft:item",
                    "name": "minecraft:smooth_quartz",
                    "weight": 25
                },
                {
                    "type": "minecraft:item",
                    "functions": [
                        {
                            "function": "minecraft:explosion_decay"
                        }
                    ],
                    "name": "minecraft:mud_brick_slab",
                    "weight": 25
                },
                {
                    "type": "minecraft:item",
                    "name": "minecraft:stripped_mangrove_wood",
                    "weight": 25
                },
                {
                    "type": "minecraft:item",
                    "name": "minecraft:weathered_copper",
                    "weight": 25
                },
                {
                    "type": "minecraft:item",
                    "name": "minecraft:magenta_wool",
                    "weight": 13
                },
                {
                    "type": "minecraft:item",
                    "functions": [
                        {
                            "add": false,
                            "count": {
                                "type": "minecraft:uniform",
                                "max": 2.0,
                                "min": 1.0
                            },
                            "function": "minecraft:set_count"
                        }
                    ],
                    "name": "minecraft:mutton",
                    "weight": 13
                },
                {
                    "type": "minecraft:item",
                    "name": "minecraft:birch_stairs",
                    "weight": 25
                },
                {
                    "type": "minecraft:item",
                    "name": "minecraft:birch_trapdoor",
                    "weight": 25
                },
                {
                    "type": "minecraft:item",
                    "name": "minecraft:crimson_roots",
                    "weight": 25
                },
                {
                    "type": "minecraft:item",
                    "name": "minecraft:diorite_stairs",
                    "weight": 25
                },
                {
                    "type": "minecraft:item",
                    "name": "minecraft:flower_pot",
                    "weight": 13
                },
                {
                    "type": "minecraft:item",
                    "name": "minecraft:cactus",
                    "weight": 13
                }
            ]
        }
    ]
}