{
    "pools": [
        {
            "rolls": {
                "min": 1,
                "max": 5
            },
            "entries": [
                {
                    "type": "minecraft:item",
                    "functions": [
                        {
                            "function": "minecraft:explosion_decay"
                        }
                    ],
                    "name": "minecraft:waxed_cut_copper_slab",
                    "weight": 128
                },
                {
                    "type": "minecraft:item",
                    "name": "minecraft:birch_fence_gate",
                    "weight": 128
                },
                {
                    "type": "minecraft:item",
                    "name": "minecraft:birch_sign",
                    "weight": 128
                },
                {
                    "type": "minecraft:item",
                    "name": "minecraft:dandelion",
                    "weight": 128
                },
                {
                    "type": "minecraft:item",
                    "name": "minecraft:cyan_wool",
                    "weight": 64
                },
                {
                    "type": "minecraft:item",
                    "functions": [
                        {
                            "add": false,
                            "count": {
                                "type": "minecraft:uniform",
                                "max": 2.0,
                                "min": 1.0
                            },
                            "function": "minecraft:set_count"
                        }
                    ],
                    "name": "minecraft:mutton",
                    "weight": 64
                },
                {
                    "type": "minecraft:item",
                    "name": "minecraft:acacia_fence",
                    "weight": 128
                },
                {
                    "type": "minecraft:item",
                    "name": "minecraft:bamboo_door",
                    "weight": 128
                },
                {
                    "type": "minecraft:item",
                    "functions": [
                        {
                            "add": false,
                            "count": {
                                "type": "minecraft:uniform",
                                "max": 2.0,
                                "min": 0.0
                            },
                            "function": "minecraft:set_count"
                        }
                    ],
                    "name": "minecraft:rotten_flesh",
                    "weight": 32
                },
                {
                    "type": "minecraft:item",
                    "name": "minecraft:iron_ingot",
                    "weight": 32
                },
                {
                    "type": "minecraft:item",
                    "name": "minecraft:carrot",
                    "weight": 32
                },
                {
                    "type": "minecraft:item",
                    "name": "minecraft:potato",
                    "weight": 32
                },
                {
                    "type": "minecraft:item",
                    "functions": [
                        {
                            "add": false,
                            "count": {
                                "type": "minecraft:uniform",
                                "max": 12.0,
                                "min": 1.0
                            },
                            "function": "minecraft:set_count"
                        }
                    ],
                    "name": "minecraft:paper",
                    "weight": 12
                },
                {
                    "type": "minecraft:item",
                    "functions": [
                        {
                            "add": false,
                            "count": {
                                "type": "minecraft:uniform",
                                "max": 6.0,
                                "min": 2.0
                            },
                            "function": "minecraft:set_count"
                        }
                    ],
                    "name": "minecraft:potato",
                    "weight": 11
                },
                {
                    "type": "minecraft:item",
                    "functions": [
                        {
                            "add": false,
                            "count": {
                                "type": "minecraft:uniform",
                                "max": 4.0,
                                "min": 1.0
                            },
                            "function": "minecraft:set_count"
                        }
                    ],
                    "name": "minecraft:moss_block",
                    "weight": 11
                },
                {
                    "type": "minecraft:item",
                    "functions": [
                        {
                            "add": false,
                            "count": {
                                "type": "minecraft:uniform",
                                "max": 6.0,
                                "min": 2.0
                            },
                            "function": "minecraft:set_count"
                        }
                    ],
                    "name": "minecraft:poisonous_potato",
                    "weight": 11
                },
                {
                    "type": "minecraft:item",
                    "functions": [
                        {
                            "add": false,
                            "count": {
                                "type": "minecraft:uniform",
                                "max": 8.0,
                                "min": 4.0
                            },
                            "function": "minecraft:set_count"
                        }
                    ],
                    "name": "minecraft:carrot",
                    "weight": 11
                },
                {
                    "type": "minecraft:item",
                    "functions": [
                        {
                            "add": false,
                            "count": {
                                "type": "minecraft:uniform",
                                "max": 21.0,
                                "min": 8.0
                            },
                            "function": "minecraft:set_count"
                        }
                    ],
                    "name": "minecraft:wheat",
                    "weight": 11
                },
                {
                    "type": "minecraft:item",
                    "functions": [
                        {
                            "effects": [
                                {
                                    "type": "minecraft:night_vision",
                                    "duration": {
                                        "type": "minecraft:uniform",
                                        "max": 10.0,
                                        "min": 7.0
                                    }
                                },
                                {
                                    "type": "minecraft:jump_boost",
                                    "duration": {
                                        "type": "minecraft:uniform",
                                        "max": 10.0,
                                        "min": 7.0
                                    }
                                },
                                {
                                    "type": "minecraft:weakness",
                                    "duration": {
                                        "type": "minecraft:uniform",
                                        "max": 8.0,
                                        "min": 6.0
                                    }
                                },
                                {
                                    "type": "minecraft:blindness",
                                    "duration": {
                                        "type": "minecraft:uniform",
                                        "max": 7.0,
                                        "min": 5.0
                                    }
                                },
                                {
                                    "type": "minecraft:poison",
                                    "duration": {
                                        "type": "minecraft:uniform",
                                        "max": 20.0,
                                        "min": 10.0
                                    }
                                },
                                {
                                    "type": "minecraft:saturation",
                                    "duration": {
                                        "type": "minecraft:uniform",
                                        "max": 10.0,
                                        "min": 7.0
                                    }
                                }
                            ],
                            "function": "minecraft:set_stew_effect"
                        }
                    ],
                    "name": "minecraft:suspicious_stew",
                    "weight": 13
                },
                {
                    "type": "minecraft:item",
                    "functions": [
                        {
                            "add": false,
                            "count": {
                                "type": "minecraft:uniform",
                                "max": 8.0,
                                "min": 2.0
                            },
                            "function": "minecraft:set_count"
                        }
                    ],
                    "name": "minecraft:coal",
                    "weight": 9
                },
                {
                    "type": "minecraft:item",
                    "functions": [
                        {
                            "add": false,
                            "count": {
                                "type": "minecraft:uniform",
                                "max": 24.0,
                                "min": 5.0
                            },
                            "function": "minecraft:set_count"
                        }
                    ],
                    "name": "minecraft:rotten_flesh",
                    "weight": 8
                },
                {
                    "type": "minecraft:item",
                    "functions": [
                        {
                            "add": false,
                            "count": {
                                "type": "minecraft:uniform",
                                "max": 3.0,
                                "min": 1.0
                            },
                            "function": "minecraft:set_count"
                        }
                    ],
                    "name": "minecraft:pumpkin",
                    "weight": 3
                },
                {
                    "type": "minecraft:item",
                    "functions": [
                        {
                            "add": false,
                            "count": {
                                "type": "minecraft:uniform",
                                "max": 3.0,
                                "min": 1.0
                            },
                            "function": "minecraft:set_count"
                        }
                    ],
                    "name": "minecraft:bamboo",
                    "weight": 3
                },
                {
                    "type": "minecraft:item",
                    "functions": [
                        {
                            "add": false,
                            "count": {
                                "type": "minecraft:uniform",
                                "max": 5.0,
                                "min": 1.0
                            },
                            "function": "minecraft:set_count"
                        }
                    ],
                    "name": "minecraft:gunpowder",
                    "weight": 4
                },
                {
                    "type": "minecraft:item",
                    "functions": [
                        {
                            "add": false,
                            "count": {
                                "type": "minecraft:uniform",
                                "max": 2.0,
                                "min": 1.0
                            },
                            "function": "minecraft:set_count"
                        }
                    ],
                    "name": "minecraft:tnt",
                    "weight": 2
                },
                {
                    "type": "minecraft:item",
                    "functions": [
                        {
                            "function": "minecraft:enchant_randomly"
                        }
                    ],
                    "name": "minecraft:leather_helmet",
                    "weight": 4
                },
                {
                    "type": "minecraft:item",
                    "functions": [
                        {
                            "function": "minecraft:enchant_randomly"
                        }
                    ],
                    "name": "minecraft:leather_chestplate",
                    "weight": 4
                },
                {
                    "type": "minecraft:item",
                    "functions": [
                        {
                            "function": "minecraft:enchant_randomly"
                        }
                    ],
                    "name": "minecraft:leather_leggings",
                    "weight": 4
                },
                {
                    "type": "minecraft:item",
                    "functions": [
                        {
                            "function": "minecraft:enchant_randomly"
                        }
                    ],
                    "name": "minecraft:leather_boots",
                    "weight": 4
                },
                {
                    "type": "minecraft:empty",
                    "weight": 8
                },
                {
                    "type": "minecraft:item",
                    "functions": [
                        {
                            "add": false,
                            "count": 2.0,
                            "function": "minecraft:set_count"
                        }
                    ],
                    "name": "minecraft:coast_armor_trim_smithing_template",
                    "weight": 2
                },
                {
                    "type": "minecraft:item",
                    "functions": [
                        {
                            "add": false,
                            "count": 1.0,
                            "function": "minecraft:set_count"
                        }
                    ],
                    "name": "minecraft:bamboo",
                    "weight": 128
                },
                {
                    "type": "minecraft:item",
                    "name": "minecraft:jungle_sapling",
                    "weight": 128
                },
                {
                    "type": "minecraft:item",
                    "name": "minecraft:stripped_birch_wood",
                    "weight": 128
                },
                {
                    "type": "minecraft:item",
                    "name": "minecraft:waxed_oxidized_cut_copper_stairs",
                    "weight": 128
                },
                {
                    "type": "minecraft:item",
                    "name": "minecraft:pointed_dripstone",
                    "weight": 128
                },
                {
                    "type": "minecraft:item",
                    "name": "minecraft:cyan_stained_glass_pane",
                    "weight": 128
                },
                {
                    "type": "minecraft:item",
                    "name": "minecraft:light_gray_banner",
                    "weight": 128
                },
                {
                    "type": "minecraft:item",
                    "name": "minecraft:orange_banner",
                    "weight": 128
                },
                {
                    "type": "minecraft:item",
                    "functions": [
                        {
                            "add": false,
                            "count": {
                                "type": "minecraft:uniform",
                                "max": 2.0,
                                "min": 0.0
                            },
                            "function": "minecraft:set_count"
                        }
                    ],
                    "name": "minecraft:leather",
                    "weight": 64
                },
                {
                    "type": "minecraft:item",
                    "functions": [
                        {
                            "add": false,
                            "count": {
                                "type": "minecraft:uniform",
                                "max": 3.0,
                                "min": 1.0
                            },
                            "function": "minecraft:set_count"
                        }
                    ],
                    "name": "minecraft:beef",
                    "weight": 64
                },
                {
                    "type": "minecraft:item",
                    "name": "minecraft:dark_oak_fence_gate",
                    "weight": 128
                },
                {
                    "type": "minecraft:item",
                    "name": "minecraft:mud",
                    "weight": 128
                },
                {
                    "type": "minecraft:item",
                    "name": "minecraft:warped_fungus",
                    "weight": 128
                },
                {
                    "type": "minecraft:item",
                    "name": "minecraft:red_mushroom_block",
                    "weight": 64
                },
                {
                    "type": "minecraft:item",
                    "functions": [
                        {
                            "add": false,
                            "count": {
                                "type": "minecraft:uniform",
                                "max": 2.0,
                                "min": -6.0
                            },
                            "function": "minecraft:set_count"
                        },
                        {
                            "function": "minecraft:limit_count",
                            "limit": {
                                "min": 0.0
                            }
                        },
                        {
                            "function": "minecraft:explosion_decay"
                        }
                    ],
                    "name": "minecraft:red_mushroom",
                    "weight": 64
                }
            ]
        }
    ]
}