{
    "pools": [
        {
            "rolls": {
                "min": 1,
                "max": 5
            },
            "entries": [
                {
                    "type": "minecraft:item",
                    "name": "minecraft:cyan_concrete",
                    "weight": 26
                },
                {
                    "type": "minecraft:item",
                    "name": "minecraft:spruce_fence",
                    "weight": 26
                },
                {
                    "type": "minecraft:item",
                    "name": "minecraft:spruce_sign",
                    "weight": 26
                },
                {
                    "type": "minecraft:item",
                    "functions": [
                        {
                            "add": false,
                            "count": {
                                "type": "minecraft:uniform",
                                "max": 2.0,
                                "min": 1.0
                            },
                            "function": "minecraft:set_count"
                        }
                    ],
                    "name": "minecraft:feather",
                    "weight": 26
                },
                {
                    "type": "minecraft:item",
                    "name": "minecraft:stripped_spruce_log",
                    "weight": 26
                },
                {
                    "type": "minecraft:item",
                    "name": "minecraft:wither_rose",
                    "weight": 26
                },
                {
                    "type": "minecraft:item",
                    "functions": [
                        {
                            "function": "minecraft:explosion_decay"
                        }
                    ],
                    "name": "minecraft:jungle_slab",
                    "weight": 26
                },
                {
                    "type": "minecraft:item",
                    "name": "minecraft:melon",
                    "weight": 13
                },
                {
                    "type": "minecraft:item",
                    "functions": [
                        {
                            "add": false,
                            "count": {
                                "type": "minecraft:uniform",
                                "max": 7.0,
                                "min": 3.0
                            },
                            "function": "minecraft:set_count"
                        },
                        {
                            "function": "minecraft:limit_count",
                            "limit": {
                                "max": 9.0
                            }
                        },
                        {
                            "function": "minecraft:explosion_decay"
                        }
                    ],
                    "name": "minecraft:melon_slice",
                    "weight": 13
                },
                {
                    "type": "minecraft:item",
                    "name": "minecraft:diorite_wall",
                    "weight": 26
                },
                {
                    "type": "minecraft:item",
                    "name": "minecraft:orange_stained_glass",
                    "weight": 26
                },
                {
                    "type": "minecraft:item",
                    "name": "minecraft:bamboo_mosaic",
                    "weight": 26
                },
                {
                    "type": "minecraft:item",
                    "name": "minecraft:purple_carpet",
                    "weight": 26
                },
                {
                    "type": "minecraft:item",
                    "name": "minecraft:waxed_oxidized_cut_copper",
                    "weight": 26
                },
                {
                    "type": "minecraft:item",
                    "name": "minecraft:raw_copper_block",
                    "weight": 26
                },
                {
                    "type": "minecraft:item",
                    "name": "minecraft:cherry_leaves",
                    "weight": 9
                },
                {
                    "type": "minecraft:item",
                    "name": "minecraft:cherry_sapling",
                    "weight": 9
                },
                {
                    "type": "minecraft:item",
                    "functions": [
                        {
                            "add": false,
                            "count": {
                                "type": "minecraft:uniform",
                                "max": 2.0,
                                "min": 1.0
                            },
                            "function": "minecraft:set_count"
                        },
                        {
                            "function": "minecraft:explosion_decay"
                        }
                    ],
                    "name": "minecraft:stick",
                    "weight": 9
                },
                {
                    "type": "minecraft:item",
                    "name": "minecraft:yellow_wool",
                    "weight": 26
                },
                {
                    "type": "minecraft:item",
                    "name": "minecraft:stone_pickaxe",
                    "weight": 7
                },
                {
                    "type": "minecraft:item",
                    "name": "minecraft:stone_axe",
                    "weight": 7
                },
                {
                    "type": "minecraft:item",
                    "name": "minecraft:stone_hoe",
                    "weight": 7
                },
                {
                    "type": "minecraft:item",
                    "name": "minecraft:stone_shovel",
                    "weight": 7
                },
                {
                    "type": "minecraft:item",
                    "name": "minecraft:mossy_cobblestone",
                    "weight": 26
                },
                {
                    "type": "minecraft:item",
                    "functions": [
                        {
                            "function": "minecraft:explosion_decay"
                        }
                    ],
                    "name": "minecraft:waxed_exposed_cut_copper_slab",
                    "weight": 26
                },
                {
                    "type": "minecraft:item",
                    "name": "minecraft:cracked_deepslate_bricks",
                    "weight": 26
                }
            ]
        }
    ]
}