{
    "pools": [
        {
            "rolls": {
                "min": 10,
                "max": 50
            },
            "entries": [
                {
                    "type": "minecraft:item",
                    "name": "minecraft:cyan_wool",
                    "weight": 12
                },
                {
                    "type": "minecraft:item",
                    "functions": [
                        {
                            "function": "minecraft:explosion_decay"
                        }
                    ],
                    "name": "minecraft:smooth_quartz_slab",
                    "weight": 12
                },
                {
                    "type": "minecraft:item",
                    "name": "minecraft:black_bed",
                    "weight": 12
                },
                {
                    "type": "minecraft:item",
                    "name": "minecraft:gray_banner",
                    "weight": 12
                },
                {
                    "type": "minecraft:item",
                    "functions": [
                        {
                            "add": false,
                            "count": {
                                "type": "minecraft:uniform",
                                "max": 2.0,
                                "min": 0.0
                            },
                            "function": "minecraft:set_count"
                        }
                    ],
                    "name": "minecraft:arrow",
                    "weight": 6
                },
                {
                    "type": "minecraft:item",
                    "functions": [
                        {
                            "add": false,
                            "count": {
                                "type": "minecraft:uniform",
                                "max": 2.0,
                                "min": 0.0
                            },
                            "function": "minecraft:set_count"
                        }
                    ],
                    "name": "minecraft:bone",
                    "weight": 6
                },
                {
                    "type": "minecraft:item",
                    "name": "minecraft:warped_trapdoor",
                    "weight": 12
                },
                {
                    "type": "minecraft:item",
                    "name": "minecraft:cobweb",
                    "weight": 6
                },
                {
                    "type": "minecraft:item",
                    "name": "minecraft:string",
                    "weight": 6
                },
                {
                    "type": "minecraft:item",
                    "name": "minecraft:green_glazed_terracotta",
                    "weight": 12
                },
                {
                    "type": "minecraft:item",
                    "name": "minecraft:white_bed",
                    "weight": 12
                },
                {
                    "type": "minecraft:item",
                    "name": "minecraft:light_gray_banner",
                    "weight": 12
                }
            ]
        }
    ]
}