{
    "pools": [
        {
            "rolls": {
                "min": 10,
                "max": 50
            },
            "entries": [
                {
                    "type": "minecraft:item",
                    "name": "minecraft:jungle_planks",
                    "weight": 79
                },
                {
                    "type": "minecraft:item",
                    "name": "minecraft:green_stained_glass_pane",
                    "weight": 79
                },
                {
                    "type": "minecraft:item",
                    "functions": [
                        {
                            "add": false,
                            "count": {
                                "type": "minecraft:uniform",
                                "max": 3.0,
                                "min": 1.0
                            },
                            "function": "minecraft:set_count"
                        }
                    ],
                    "name": "minecraft:diamond",
                    "weight": 4
                },
                {
                    "type": "minecraft:item",
                    "functions": [
                        {
                            "add": false,
                            "count": {
                                "type": "minecraft:uniform",
                                "max": 5.0,
                                "min": 1.0
                            },
                            "function": "minecraft:set_count"
                        }
                    ],
                    "name": "minecraft:iron_ingot",
                    "weight": 8
                },
                {
                    "type": "minecraft:item",
                    "functions": [
                        {
                            "add": false,
                            "count": {
                                "type": "minecraft:uniform",
                                "max": 3.0,
                                "min": 1.0
                            },
                            "function": "minecraft:set_count"
                        }
                    ],
                    "name": "minecraft:gold_ingot",
                    "weight": 4
                },
                {
                    "type": "minecraft:item",
                    "functions": [
                        {
                            "add": false,
                            "count": {
                                "type": "minecraft:uniform",
                                "max": 3.0,
                                "min": 1.0
                            },
                            "function": "minecraft:set_count"
                        }
                    ],
                    "name": "minecraft:bread",
                    "weight": 21
                },
                {
                    "type": "minecraft:item",
                    "name": "minecraft:iron_pickaxe",
                    "weight": 8
                },
                {
                    "type": "minecraft:item",
                    "functions": [
                        {
                            "add": false,
                            "count": {
                                "type": "minecraft:uniform",
                                "max": 3.0,
                                "min": 1.0
                            },
                            "function": "minecraft:set_count"
                        }
                    ],
                    "name": "minecraft:coal",
                    "weight": 4
                },
                {
                    "type": "minecraft:item",
                    "functions": [
                        {
                            "add": false,
                            "count": {
                                "type": "minecraft:uniform",
                                "max": 3.0,
                                "min": 1.0
                            },
                            "function": "minecraft:set_count"
                        }
                    ],
                    "name": "minecraft:stick",
                    "weight": 30
                },
                {
                    "type": "minecraft:item",
                    "name": "minecraft:iron_shovel",
                    "weight": 8
                },
                {
                    "type": "minecraft:item",
                    "name": "minecraft:lime_concrete",
                    "weight": 79
                },
                {
                    "type": "minecraft:item",
                    "name": "minecraft:flower_pot",
                    "weight": 40
                },
                {
                    "type": "minecraft:item",
                    "name": "minecraft:white_tulip",
                    "weight": 40
                },
                {
                    "type": "minecraft:item",
                    "name": "minecraft:mangrove_button",
                    "weight": 79
                },
                {
                    "type": "minecraft:item",
                    "name": "minecraft:burn_pottery_sherd",
                    "weight": 7
                },
                {
                    "type": "minecraft:item",
                    "name": "minecraft:danger_pottery_sherd",
                    "weight": 7
                },
                {
                    "type": "minecraft:item",
                    "name": "minecraft:friend_pottery_sherd",
                    "weight": 7
                },
                {
                    "type": "minecraft:item",
                    "name": "minecraft:heart_pottery_sherd",
                    "weight": 7
                },
                {
                    "type": "minecraft:item",
                    "name": "minecraft:heartbreak_pottery_sherd",
                    "weight": 7
                },
                {
                    "type": "minecraft:item",
                    "name": "minecraft:howl_pottery_sherd",
                    "weight": 7
                },
                {
                    "type": "minecraft:item",
                    "name": "minecraft:sheaf_pottery_sherd",
                    "weight": 7
                },
                {
                    "type": "minecraft:item",
                    "name": "minecraft:wayfinder_armor_trim_smithing_template",
                    "weight": 7
                },
                {
                    "type": "minecraft:item",
                    "name": "minecraft:raiser_armor_trim_smithing_template",
                    "weight": 7
                },
                {
                    "type": "minecraft:item",
                    "name": "minecraft:shaper_armor_trim_smithing_template",
                    "weight": 7
                },
                {
                    "type": "minecraft:item",
                    "name": "minecraft:host_armor_trim_smithing_template",
                    "weight": 7
                },
                {
                    "type": "minecraft:item",
                    "name": "minecraft:music_disc_relic",
                    "weight": 7
                },
                {
                    "type": "minecraft:item",
                    "name": "minecraft:carrot",
                    "weight": 40
                },
                {
                    "type": "minecraft:item",
                    "name": "minecraft:carrot",
                    "weight": 40
                },
                {
                    "type": "minecraft:item",
                    "name": "minecraft:stripped_acacia_log",
                    "weight": 79
                },
                {
                    "type": "minecraft:item",
                    "functions": [
                        {
                            "add": false,
                            "count": 1.0,
                            "function": "minecraft:set_count"
                        }
                    ],
                    "name": "minecraft:bamboo",
                    "weight": 79
                }
            ]
        }
    ]
}