{
    "pools": [
        {
            "rolls": {
                "min": 10,
                "max": 50
            },
            "entries": [
                {
                    "type": "minecraft:item",
                    "name": "minecraft:sandstone_stairs",
                    "weight": 57
                },
                {
                    "type": "minecraft:item",
                    "name": "minecraft:crimson_trapdoor",
                    "weight": 57
                },
                {
                    "type": "minecraft:item",
                    "name": "minecraft:oak_fence",
                    "weight": 57
                },
                {
                    "type": "minecraft:item",
                    "name": "minecraft:deepslate_copper_ore",
                    "weight": 29
                },
                {
                    "type": "minecraft:item",
                    "functions": [
                        {
                            "add": false,
                            "count": {
                                "type": "minecraft:uniform",
                                "max": 5.0,
                                "min": 2.0
                            },
                            "function": "minecraft:set_count"
                        },
                        {
                            "function": "minecraft:explosion_decay"
                        }
                    ],
                    "name": "minecraft:raw_copper",
                    "weight": 29
                },
                {
                    "type": "minecraft:item",
                    "functions": [
                        {
                            "function": "minecraft:explosion_decay"
                        }
                    ],
                    "name": "minecraft:prismarine_brick_slab",
                    "weight": 57
                },
                {
                    "type": "minecraft:item",
                    "name": "minecraft:flower_pot",
                    "weight": 29
                },
                {
                    "type": "minecraft:item",
                    "name": "minecraft:pink_tulip",
                    "weight": 29
                },
                {
                    "type": "minecraft:item",
                    "functions": [
                        {
                            "decoration": "red_x",
                            "function": "minecraft:exploration_map",
                            "skip_existing_chunks": false,
                            "zoom": 1
                        },
                        {
                            "function": "minecraft:set_name",
                            "name": {
                                "translate": "filled_map.buried_treasure"
                            }
                        }
                    ],
                    "name": "minecraft:map",
                    "weight": 2
                },
                {
                    "type": "minecraft:item",
                    "name": "minecraft:compass",
                    "weight": 2
                },
                {
                    "type": "minecraft:item",
                    "name": "minecraft:map",
                    "weight": 2
                },
                {
                    "type": "minecraft:item",
                    "name": "minecraft:clock",
                    "weight": 2
                },
                {
                    "type": "minecraft:item",
                    "functions": [
                        {
                            "add": false,
                            "count": {
                                "type": "minecraft:uniform",
                                "max": 10.0,
                                "min": 1.0
                            },
                            "function": "minecraft:set_count"
                        }
                    ],
                    "name": "minecraft:paper",
                    "weight": 26
                },
                {
                    "type": "minecraft:item",
                    "functions": [
                        {
                            "add": false,
                            "count": {
                                "type": "minecraft:uniform",
                                "max": 5.0,
                                "min": 1.0
                            },
                            "function": "minecraft:set_count"
                        }
                    ],
                    "name": "minecraft:feather",
                    "weight": 13
                },
                {
                    "type": "minecraft:item",
                    "functions": [
                        {
                            "add": false,
                            "count": {
                                "type": "minecraft:uniform",
                                "max": 5.0,
                                "min": 1.0
                            },
                            "function": "minecraft:set_count"
                        }
                    ],
                    "name": "minecraft:book",
                    "weight": 7
                },
                {
                    "type": "minecraft:empty",
                    "weight": 7
                },
                {
                    "type": "minecraft:item",
                    "functions": [
                        {
                            "add": false,
                            "count": 2.0,
                            "function": "minecraft:set_count"
                        }
                    ],
                    "name": "minecraft:coast_armor_trim_smithing_template",
                    "weight": 2
                },
                {
                    "type": "minecraft:item",
                    "name": "minecraft:chiseled_quartz_block",
                    "weight": 57
                },
                {
                    "type": "minecraft:item",
                    "functions": [
                        {
                            "add": false,
                            "count": {
                                "type": "minecraft:uniform",
                                "max": 5.0,
                                "min": 2.0
                            },
                            "function": "minecraft:set_count"
                        }
                    ],
                    "name": "minecraft:string",
                    "weight": 57
                },
                {
                    "type": "minecraft:item",
                    "name": "minecraft:spruce_button",
                    "weight": 57
                },
                {
                    "type": "minecraft:item",
                    "functions": [
                        {
                            "add": false,
                            "count": {
                                "type": "minecraft:uniform",
                                "max": 2.0,
                                "min": 0.0
                            },
                            "function": "minecraft:set_count"
                        }
                    ],
                    "name": "minecraft:leather",
                    "weight": 57
                }
            ]
        }
    ]
}