{
    "pools": [
        {
            "rolls": {
                "min": 10,
                "max": 50
            },
            "entries": [
                {
                    "type": "minecraft:item",
                    "name": "minecraft:lightning_rod",
                    "weight": 141
                },
                {
                    "type": "minecraft:item",
                    "name": "minecraft:ender_pearl",
                    "weight": 12
                },
                {
                    "type": "minecraft:item",
                    "functions": [
                        {
                            "add": false,
                            "count": {
                                "type": "minecraft:uniform",
                                "max": 3.0,
                                "min": 1.0
                            },
                            "function": "minecraft:set_count"
                        }
                    ],
                    "name": "minecraft:diamond",
                    "weight": 5
                },
                {
                    "type": "minecraft:item",
                    "functions": [
                        {
                            "add": false,
                            "count": {
                                "type": "minecraft:uniform",
                                "max": 5.0,
                                "min": 1.0
                            },
                            "function": "minecraft:set_count"
                        }
                    ],
                    "name": "minecraft:iron_ingot",
                    "weight": 12
                },
                {
                    "type": "minecraft:item",
                    "functions": [
                        {
                            "add": false,
                            "count": {
                                "type": "minecraft:uniform",
                                "max": 3.0,
                                "min": 1.0
                            },
                            "function": "minecraft:set_count"
                        }
                    ],
                    "name": "minecraft:gold_ingot",
                    "weight": 8
                },
                {
                    "type": "minecraft:item",
                    "functions": [
                        {
                            "add": false,
                            "count": {
                                "type": "minecraft:uniform",
                                "max": 9.0,
                                "min": 4.0
                            },
                            "function": "minecraft:set_count"
                        }
                    ],
                    "name": "minecraft:redstone",
                    "weight": 8
                },
                {
                    "type": "minecraft:item",
                    "functions": [
                        {
                            "add": false,
                            "count": {
                                "type": "minecraft:uniform",
                                "max": 3.0,
                                "min": 1.0
                            },
                            "function": "minecraft:set_count"
                        }
                    ],
                    "name": "minecraft:bread",
                    "weight": 17
                },
                {
                    "type": "minecraft:item",
                    "functions": [
                        {
                            "add": false,
                            "count": {
                                "type": "minecraft:uniform",
                                "max": 3.0,
                                "min": 1.0
                            },
                            "function": "minecraft:set_count"
                        }
                    ],
                    "name": "minecraft:apple",
                    "weight": 17
                },
                {
                    "type": "minecraft:item",
                    "name": "minecraft:iron_pickaxe",
                    "weight": 8
                },
                {
                    "type": "minecraft:item",
                    "name": "minecraft:iron_sword",
                    "weight": 8
                },
                {
                    "type": "minecraft:item",
                    "name": "minecraft:iron_chestplate",
                    "weight": 8
                },
                {
                    "type": "minecraft:item",
                    "name": "minecraft:iron_helmet",
                    "weight": 8
                },
                {
                    "type": "minecraft:item",
                    "name": "minecraft:iron_leggings",
                    "weight": 8
                },
                {
                    "type": "minecraft:item",
                    "name": "minecraft:iron_boots",
                    "weight": 8
                },
                {
                    "type": "minecraft:item",
                    "name": "minecraft:golden_apple",
                    "weight": 3
                },
                {
                    "type": "minecraft:item",
                    "name": "minecraft:saddle",
                    "weight": 3
                },
                {
                    "type": "minecraft:item",
                    "name": "minecraft:iron_horse_armor",
                    "weight": 3
                },
                {
                    "type": "minecraft:item",
                    "name": "minecraft:golden_horse_armor",
                    "weight": 3
                },
                {
                    "type": "minecraft:item",
                    "name": "minecraft:diamond_horse_armor",
                    "weight": 3
                },
                {
                    "type": "minecraft:item",
                    "name": "minecraft:music_disc_otherside",
                    "weight": 3
                },
                {
                    "type": "minecraft:item",
                    "functions": [
                        {
                            "function": "minecraft:enchant_with_levels",
                            "levels": 30.0,
                            "treasure": true
                        }
                    ],
                    "name": "minecraft:book",
                    "weight": 3
                },
                {
                    "type": "minecraft:empty",
                    "weight": 10
                },
                {
                    "type": "minecraft:item",
                    "name": "minecraft:eye_armor_trim_smithing_template",
                    "weight": 3
                },
                {
                    "type": "minecraft:item",
                    "name": "minecraft:smooth_stone",
                    "weight": 141
                },
                {
                    "type": "minecraft:item",
                    "name": "minecraft:brown_wool",
                    "weight": 71
                },
                {
                    "type": "minecraft:item",
                    "functions": [
                        {
                            "add": false,
                            "count": {
                                "type": "minecraft:uniform",
                                "max": 2.0,
                                "min": 1.0
                            },
                            "function": "minecraft:set_count"
                        }
                    ],
                    "name": "minecraft:mutton",
                    "weight": 71
                },
                {
                    "type": "minecraft:item",
                    "name": "minecraft:birch_log",
                    "weight": 141
                },
                {
                    "type": "minecraft:item",
                    "name": "minecraft:dispenser",
                    "weight": 141
                },
                {
                    "type": "minecraft:item",
                    "name": "minecraft:magenta_carpet",
                    "weight": 141
                },
                {
                    "type": "minecraft:item",
                    "name": "minecraft:crimson_fungus",
                    "weight": 141
                },
                {
                    "type": "minecraft:item",
                    "name": "minecraft:blue_ice",
                    "weight": 141
                },
                {
                    "type": "minecraft:item",
                    "name": "minecraft:quartz_bricks",
                    "weight": 141
                }
            ]
        }
    ]
}