{
    "pools": [
        {
            "rolls": {
                "min": 1,
                "max": 5
            },
            "entries": [
                {
                    "type": "minecraft:item",
                    "name": "minecraft:moss_block",
                    "weight": 178
                },
                {
                    "type": "minecraft:item",
                    "name": "minecraft:yellow_stained_glass_pane",
                    "weight": 178
                },
                {
                    "type": "minecraft:item",
                    "name": "minecraft:red_sandstone_stairs",
                    "weight": 178
                },
                {
                    "type": "minecraft:item",
                    "name": "minecraft:arrow",
                    "weight": 91
                },
                {
                    "type": "minecraft:item",
                    "functions": [
                        {
                            "add": false,
                            "count": {
                                "type": "minecraft:uniform",
                                "max": 1.0,
                                "min": 0.0
                            },
                            "function": "minecraft:set_count"
                        },
                        {
                            "function": "minecraft:set_potion",
                            "id": "minecraft:swiftness"
                        }
                    ],
                    "name": "minecraft:tipped_arrow",
                    "weight": 8
                },
                {
                    "type": "minecraft:item",
                    "functions": [
                        {
                            "add": false,
                            "count": {
                                "type": "minecraft:uniform",
                                "max": 1.0,
                                "min": 0.0
                            },
                            "function": "minecraft:set_count"
                        },
                        {
                            "function": "minecraft:set_potion",
                            "id": "minecraft:slowness"
                        }
                    ],
                    "name": "minecraft:tipped_arrow",
                    "weight": 8
                },
                {
                    "type": "minecraft:item",
                    "functions": [
                        {
                            "add": false,
                            "count": {
                                "type": "minecraft:uniform",
                                "max": 1.0,
                                "min": 0.0
                            },
                            "function": "minecraft:set_count"
                        },
                        {
                            "function": "minecraft:set_potion",
                            "id": "minecraft:strength"
                        }
                    ],
                    "name": "minecraft:tipped_arrow",
                    "weight": 8
                },
                {
                    "type": "minecraft:item",
                    "functions": [
                        {
                            "add": false,
                            "count": {
                                "type": "minecraft:uniform",
                                "max": 1.0,
                                "min": 0.0
                            },
                            "function": "minecraft:set_count"
                        },
                        {
                            "function": "minecraft:set_potion",
                            "id": "minecraft:healing"
                        }
                    ],
                    "name": "minecraft:tipped_arrow",
                    "weight": 8
                },
                {
                    "type": "minecraft:item",
                    "functions": [
                        {
                            "add": false,
                            "count": {
                                "type": "minecraft:uniform",
                                "max": 1.0,
                                "min": 0.0
                            },
                            "function": "minecraft:set_count"
                        },
                        {
                            "function": "minecraft:set_potion",
                            "id": "minecraft:harming"
                        }
                    ],
                    "name": "minecraft:tipped_arrow",
                    "weight": 8
                },
                {
                    "type": "minecraft:item",
                    "functions": [
                        {
                            "add": false,
                            "count": {
                                "type": "minecraft:uniform",
                                "max": 1.0,
                                "min": 0.0
                            },
                            "function": "minecraft:set_count"
                        },
                        {
                            "function": "minecraft:set_potion",
                            "id": "minecraft:leaping"
                        }
                    ],
                    "name": "minecraft:tipped_arrow",
                    "weight": 8
                },
                {
                    "type": "minecraft:item",
                    "functions": [
                        {
                            "add": false,
                            "count": {
                                "type": "minecraft:uniform",
                                "max": 1.0,
                                "min": 0.0
                            },
                            "function": "minecraft:set_count"
                        },
                        {
                            "function": "minecraft:set_potion",
                            "id": "minecraft:regeneration"
                        }
                    ],
                    "name": "minecraft:tipped_arrow",
                    "weight": 8
                },
                {
                    "type": "minecraft:item",
                    "functions": [
                        {
                            "add": false,
                            "count": {
                                "type": "minecraft:uniform",
                                "max": 1.0,
                                "min": 0.0
                            },
                            "function": "minecraft:set_count"
                        },
                        {
                            "function": "minecraft:set_potion",
                            "id": "minecraft:fire_resistance"
                        }
                    ],
                    "name": "minecraft:tipped_arrow",
                    "weight": 8
                },
                {
                    "type": "minecraft:item",
                    "functions": [
                        {
                            "add": false,
                            "count": {
                                "type": "minecraft:uniform",
                                "max": 1.0,
                                "min": 0.0
                            },
                            "function": "minecraft:set_count"
                        },
                        {
                            "function": "minecraft:set_potion",
                            "id": "minecraft:water_breathing"
                        }
                    ],
                    "name": "minecraft:tipped_arrow",
                    "weight": 8
                },
                {
                    "type": "minecraft:item",
                    "functions": [
                        {
                            "add": false,
                            "count": {
                                "type": "minecraft:uniform",
                                "max": 1.0,
                                "min": 0.0
                            },
                            "function": "minecraft:set_count"
                        },
                        {
                            "function": "minecraft:set_potion",
                            "id": "minecraft:invisibility"
                        }
                    ],
                    "name": "minecraft:tipped_arrow",
                    "weight": 8
                },
                {
                    "type": "minecraft:item",
                    "functions": [
                        {
                            "add": false,
                            "count": {
                                "type": "minecraft:uniform",
                                "max": 1.0,
                                "min": 0.0
                            },
                            "function": "minecraft:set_count"
                        },
                        {
                            "function": "minecraft:set_potion",
                            "id": "minecraft:night_vision"
                        }
                    ],
                    "name": "minecraft:tipped_arrow",
                    "weight": 8
                },
                {
                    "type": "minecraft:item",
                    "functions": [
                        {
                            "add": false,
                            "count": {
                                "type": "minecraft:uniform",
                                "max": 1.0,
                                "min": 0.0
                            },
                            "function": "minecraft:set_count"
                        },
                        {
                            "function": "minecraft:set_potion",
                            "id": "minecraft:weakness"
                        }
                    ],
                    "name": "minecraft:tipped_arrow",
                    "weight": 8
                },
                {
                    "type": "minecraft:item",
                    "functions": [
                        {
                            "add": false,
                            "count": {
                                "type": "minecraft:uniform",
                                "max": 1.0,
                                "min": 0.0
                            },
                            "function": "minecraft:set_count"
                        },
                        {
                            "function": "minecraft:set_potion",
                            "id": "minecraft:poison"
                        }
                    ],
                    "name": "minecraft:tipped_arrow",
                    "weight": 8
                },
                {
                    "type": "minecraft:item",
                    "name": "minecraft:blue_terracotta",
                    "weight": 178
                },
                {
                    "type": "minecraft:item",
                    "name": "minecraft:brick_stairs",
                    "weight": 178
                },
                {
                    "type": "minecraft:item",
                    "name": "minecraft:red_nether_bricks",
                    "weight": 178
                },
                {
                    "type": "minecraft:item",
                    "name": "minecraft:iron_bars",
                    "weight": 178
                },
                {
                    "type": "minecraft:item",
                    "functions": [
                        {
                            "add": false,
                            "count": {
                                "type": "minecraft:uniform",
                                "max": 7.0,
                                "min": 2.0
                            },
                            "function": "minecraft:set_count"
                        }
                    ],
                    "name": "minecraft:diamond",
                    "weight": 9
                },
                {
                    "type": "minecraft:item",
                    "functions": [
                        {
                            "add": false,
                            "count": {
                                "type": "minecraft:uniform",
                                "max": 8.0,
                                "min": 4.0
                            },
                            "function": "minecraft:set_count"
                        }
                    ],
                    "name": "minecraft:iron_ingot",
                    "weight": 18
                },
                {
                    "type": "minecraft:item",
                    "functions": [
                        {
                            "add": false,
                            "count": {
                                "type": "minecraft:uniform",
                                "max": 7.0,
                                "min": 2.0
                            },
                            "function": "minecraft:set_count"
                        }
                    ],
                    "name": "minecraft:gold_ingot",
                    "weight": 27
                },
                {
                    "type": "minecraft:item",
                    "functions": [
                        {
                            "add": false,
                            "count": {
                                "type": "minecraft:uniform",
                                "max": 6.0,
                                "min": 2.0
                            },
                            "function": "minecraft:set_count"
                        }
                    ],
                    "name": "minecraft:emerald",
                    "weight": 4
                },
                {
                    "type": "minecraft:item",
                    "functions": [
                        {
                            "add": false,
                            "count": {
                                "type": "minecraft:uniform",
                                "max": 10.0,
                                "min": 1.0
                            },
                            "function": "minecraft:set_count"
                        }
                    ],
                    "name": "minecraft:beetroot_seeds",
                    "weight": 9
                },
                {
                    "type": "minecraft:item",
                    "name": "minecraft:saddle",
                    "weight": 6
                },
                {
                    "type": "minecraft:item",
                    "name": "minecraft:iron_horse_armor",
                    "weight": 2
                },
                {
                    "type": "minecraft:item",
                    "name": "minecraft:golden_horse_armor",
                    "weight": 2
                },
                {
                    "type": "minecraft:item",
                    "name": "minecraft:diamond_horse_armor",
                    "weight": 2
                },
                {
                    "type": "minecraft:item",
                    "functions": [
                        {
                            "function": "minecraft:enchant_with_levels",
                            "levels": {
                                "type": "minecraft:uniform",
                                "max": 39.0,
                                "min": 20.0
                            },
                            "treasure": true
                        }
                    ],
                    "name": "minecraft:diamond_sword",
                    "weight": 6
                },
                {
                    "type": "minecraft:item",
                    "functions": [
                        {
                            "function": "minecraft:enchant_with_levels",
                            "levels": {
                                "type": "minecraft:uniform",
                                "max": 39.0,
                                "min": 20.0
                            },
                            "treasure": true
                        }
                    ],
                    "name": "minecraft:diamond_boots",
                    "weight": 6
                },
                {
                    "type": "minecraft:item",
                    "functions": [
                        {
                            "function": "minecraft:enchant_with_levels",
                            "levels": {
                                "type": "minecraft:uniform",
                                "max": 39.0,
                                "min": 20.0
                            },
                            "treasure": true
                        }
                    ],
                    "name": "minecraft:diamond_chestplate",
                    "weight": 6
                },
                {
                    "type": "minecraft:item",
                    "functions": [
                        {
                            "function": "minecraft:enchant_with_levels",
                            "levels": {
                                "type": "minecraft:uniform",
                                "max": 39.0,
                                "min": 20.0
                            },
                            "treasure": true
                        }
                    ],
                    "name": "minecraft:diamond_leggings",
                    "weight": 6
                },
                {
                    "type": "minecraft:item",
                    "functions": [
                        {
                            "function": "minecraft:enchant_with_levels",
                            "levels": {
                                "type": "minecraft:uniform",
                                "max": 39.0,
                                "min": 20.0
                            },
                            "treasure": true
                        }
                    ],
                    "name": "minecraft:diamond_helmet",
                    "weight": 6
                },
                {
                    "type": "minecraft:item",
                    "functions": [
                        {
                            "function": "minecraft:enchant_with_levels",
                            "levels": {
                                "type": "minecraft:uniform",
                                "max": 39.0,
                                "min": 20.0
                            },
                            "treasure": true
                        }
                    ],
                    "name": "minecraft:diamond_pickaxe",
                    "weight": 6
                },
                {
                    "type": "minecraft:item",
                    "functions": [
                        {
                            "function": "minecraft:enchant_with_levels",
                            "levels": {
                                "type": "minecraft:uniform",
                                "max": 39.0,
                                "min": 20.0
                            },
                            "treasure": true
                        }
                    ],
                    "name": "minecraft:diamond_shovel",
                    "weight": 6
                },
                {
                    "type": "minecraft:item",
                    "functions": [
                        {
                            "function": "minecraft:enchant_with_levels",
                            "levels": {
                                "type": "minecraft:uniform",
                                "max": 39.0,
                                "min": 20.0
                            },
                            "treasure": true
                        }
                    ],
                    "name": "minecraft:iron_sword",
                    "weight": 6
                },
                {
                    "type": "minecraft:item",
                    "functions": [
                        {
                            "function": "minecraft:enchant_with_levels",
                            "levels": {
                                "type": "minecraft:uniform",
                                "max": 39.0,
                                "min": 20.0
                            },
                            "treasure": true
                        }
                    ],
                    "name": "minecraft:iron_boots",
                    "weight": 6
                },
                {
                    "type": "minecraft:item",
                    "functions": [
                        {
                            "function": "minecraft:enchant_with_levels",
                            "levels": {
                                "type": "minecraft:uniform",
                                "max": 39.0,
                                "min": 20.0
                            },
                            "treasure": true
                        }
                    ],
                    "name": "minecraft:iron_chestplate",
                    "weight": 6
                },
                {
                    "type": "minecraft:item",
                    "functions": [
                        {
                            "function": "minecraft:enchant_with_levels",
                            "levels": {
                                "type": "minecraft:uniform",
                                "max": 39.0,
                                "min": 20.0
                            },
                            "treasure": true
                        }
                    ],
                    "name": "minecraft:iron_leggings",
                    "weight": 6
                },
                {
                    "type": "minecraft:item",
                    "functions": [
                        {
                            "function": "minecraft:enchant_with_levels",
                            "levels": {
                                "type": "minecraft:uniform",
                                "max": 39.0,
                                "min": 20.0
                            },
                            "treasure": true
                        }
                    ],
                    "name": "minecraft:iron_helmet",
                    "weight": 6
                },
                {
                    "type": "minecraft:item",
                    "functions": [
                        {
                            "function": "minecraft:enchant_with_levels",
                            "levels": {
                                "type": "minecraft:uniform",
                                "max": 39.0,
                                "min": 20.0
                            },
                            "treasure": true
                        }
                    ],
                    "name": "minecraft:iron_pickaxe",
                    "weight": 6
                },
                {
                    "type": "minecraft:item",
                    "functions": [
                        {
                            "function": "minecraft:enchant_with_levels",
                            "levels": {
                                "type": "minecraft:uniform",
                                "max": 39.0,
                                "min": 20.0
                            },
                            "treasure": true
                        }
                    ],
                    "name": "minecraft:iron_shovel",
                    "weight": 6
                },
                {
                    "type": "minecraft:empty",
                    "weight": 27
                },
                {
                    "type": "minecraft:item",
                    "name": "minecraft:spire_armor_trim_smithing_template",
                    "weight": 2
                },
                {
                    "type": "minecraft:item",
                    "name": "minecraft:dragon_head",
                    "weight": 178
                },
                {
                    "type": "minecraft:item",
                    "name": "minecraft:muddy_mangrove_roots",
                    "weight": 178
                },
                {
                    "type": "minecraft:item",
                    "name": "minecraft:soul_torch",
                    "weight": 178
                },
                {
                    "type": "minecraft:item",
                    "name": "minecraft:mossy_stone_bricks",
                    "weight": 178
                },
                {
                    "type": "minecraft:item",
                    "name": "minecraft:target",
                    "weight": 178
                },
                {
                    "type": "minecraft:item",
                    "name": "minecraft:birch_planks",
                    "weight": 178
                },
                {
                    "type": "minecraft:item",
                    "name": "minecraft:redstone",
                    "weight": 89
                },
                {
                    "type": "minecraft:item",
                    "name": "minecraft:lapis_lazuli",
                    "weight": 89
                },
                {
                    "type": "minecraft:item",
                    "name": "minecraft:mangrove_wood",
                    "weight": 178
                },
                {
                    "type": "minecraft:item",
                    "name": "minecraft:daylight_detector",
                    "weight": 178
                },
                {
                    "type": "minecraft:item",
                    "name": "minecraft:book",
                    "weight": 178
                },
                {
                    "type": "minecraft:item",
                    "name": "minecraft:emerald_ore",
                    "weight": 89
                },
                {
                    "type": "minecraft:item",
                    "functions": [
                        {
                            "function": "minecraft:explosion_decay"
                        }
                    ],
                    "name": "minecraft:emerald",
                    "weight": 89
                },
                {
                    "type": "minecraft:item",
                    "name": "minecraft:pearlescent_froglight",
                    "weight": 178
                },
                {
                    "type": "minecraft:item",
                    "name": "minecraft:jungle_leaves",
                    "weight": 59
                },
                {
                    "type": "minecraft:item",
                    "name": "minecraft:jungle_sapling",
                    "weight": 59
                },
                {
                    "type": "minecraft:item",
                    "functions": [
                        {
                            "add": false,
                            "count": {
                                "type": "minecraft:uniform",
                                "max": 2.0,
                                "min": 1.0
                            },
                            "function": "minecraft:set_count"
                        },
                        {
                            "function": "minecraft:explosion_decay"
                        }
                    ],
                    "name": "minecraft:stick",
                    "weight": 59
                }
            ]
        }
    ]
}