{
    "pools": [
        {
            "rolls": {
                "min": 10,
                "max": 50
            },
            "entries": [
                {
                    "type": "minecraft:item",
                    "name": "minecraft:purple_wool",
                    "weight": 9
                },
                {
                    "type": "minecraft:item",
                    "functions": [
                        {
                            "add": false,
                            "count": {
                                "type": "minecraft:uniform",
                                "max": 2.0,
                                "min": 1.0
                            },
                            "function": "minecraft:set_count"
                        }
                    ],
                    "name": "minecraft:mutton",
                    "weight": 9
                },
                {
                    "type": "minecraft:item",
                    "name": "minecraft:bamboo_fence_gate",
                    "weight": 17
                },
                {
                    "type": "minecraft:item",
                    "functions": [
                        {
                            "function": "minecraft:explosion_decay"
                        }
                    ],
                    "name": "minecraft:waxed_oxidized_cut_copper_slab",
                    "weight": 17
                },
                {
                    "type": "minecraft:item",
                    "name": "minecraft:prismarine_brick_stairs",
                    "weight": 17
                },
                {
                    "type": "minecraft:item",
                    "name": "minecraft:wither_skeleton_skull",
                    "weight": 17
                },
                {
                    "type": "minecraft:item",
                    "name": "minecraft:dark_oak_door",
                    "weight": 17
                },
                {
                    "type": "minecraft:item",
                    "name": "minecraft:dark_oak_wood",
                    "weight": 17
                },
                {
                    "type": "minecraft:item",
                    "name": "minecraft:granite_stairs",
                    "weight": 17
                },
                {
                    "type": "minecraft:item",
                    "functions": [
                        {
                            "add": false,
                            "count": {
                                "type": "minecraft:uniform",
                                "max": 2.0,
                                "min": 0.0
                            },
                            "function": "minecraft:set_count"
                        }
                    ],
                    "name": "minecraft:rotten_flesh",
                    "weight": 5
                },
                {
                    "type": "minecraft:item",
                    "name": "minecraft:iron_ingot",
                    "weight": 5
                },
                {
                    "type": "minecraft:item",
                    "name": "minecraft:carrot",
                    "weight": 5
                },
                {
                    "type": "minecraft:item",
                    "name": "minecraft:potato",
                    "weight": 5
                },
                {
                    "type": "minecraft:item",
                    "name": "minecraft:cracked_deepslate_bricks",
                    "weight": 17
                },
                {
                    "type": "minecraft:item",
                    "name": "minecraft:dead_tube_coral_block",
                    "weight": 17
                }
            ]
        }
    ]
}