{
    "pools": [
        {
            "rolls": {
                "min": 10,
                "max": 50
            },
            "entries": [
                {
                    "type": "minecraft:item",
                    "name": "minecraft:cyan_bed",
                    "weight": 43
                },
                {
                    "type": "minecraft:item",
                    "name": "minecraft:flower_pot",
                    "weight": 22
                },
                {
                    "type": "minecraft:item",
                    "name": "minecraft:azalea",
                    "weight": 22
                },
                {
                    "type": "minecraft:item",
                    "name": "minecraft:chiseled_bookshelf",
                    "weight": 43
                },
                {
                    "type": "minecraft:item",
                    "functions": [
                        {
                            "add": false,
                            "count": {
                                "type": "minecraft:uniform",
                                "max": 7.0,
                                "min": 2.0
                            },
                            "function": "minecraft:set_count"
                        }
                    ],
                    "name": "minecraft:arrow",
                    "weight": 43
                },
                {
                    "type": "minecraft:item",
                    "name": "minecraft:deepslate_lapis_ore",
                    "weight": 22
                },
                {
                    "type": "minecraft:item",
                    "functions": [
                        {
                            "add": false,
                            "count": {
                                "type": "minecraft:uniform",
                                "max": 9.0,
                                "min": 4.0
                            },
                            "function": "minecraft:set_count"
                        },
                        {
                            "function": "minecraft:explosion_decay"
                        }
                    ],
                    "name": "minecraft:lapis_lazuli",
                    "weight": 22
                },
                {
                    "type": "minecraft:item",
                    "functions": [
                        {
                            "function": "minecraft:explosion_decay"
                        }
                    ],
                    "name": "minecraft:cut_red_sandstone_slab",
                    "weight": 43
                },
                {
                    "type": "minecraft:item",
                    "name": "minecraft:small_dripleaf",
                    "weight": 43
                },
                {
                    "type": "minecraft:item",
                    "name": "minecraft:gold_block",
                    "weight": 43
                },
                {
                    "type": "minecraft:item",
                    "name": "minecraft:quartz_pillar",
                    "weight": 43
                },
                {
                    "type": "minecraft:item",
                    "name": "minecraft:mangrove_leaves",
                    "weight": 22
                },
                {
                    "type": "minecraft:item",
                    "functions": [
                        {
                            "add": false,
                            "count": {
                                "type": "minecraft:uniform",
                                "max": 2.0,
                                "min": 1.0
                            },
                            "function": "minecraft:set_count"
                        },
                        {
                            "function": "minecraft:explosion_decay"
                        }
                    ],
                    "name": "minecraft:stick",
                    "weight": 22
                },
                {
                    "type": "minecraft:item",
                    "name": "minecraft:mud_bricks",
                    "weight": 43
                }
            ]
        }
    ]
}