{
    "pools": [
        {
            "rolls": {
                "min": 10,
                "max": 50
            },
            "entries": [
                {
                    "type": "minecraft:item",
                    "name": "minecraft:flower_pot",
                    "weight": 16
                },
                {
                    "type": "minecraft:item",
                    "name": "minecraft:crimson_roots",
                    "weight": 16
                },
                {
                    "type": "minecraft:item",
                    "name": "minecraft:dark_oak_log",
                    "weight": 31
                },
                {
                    "type": "minecraft:item",
                    "name": "minecraft:angler_pottery_sherd",
                    "weight": 4
                },
                {
                    "type": "minecraft:item",
                    "name": "minecraft:shelter_pottery_sherd",
                    "weight": 4
                },
                {
                    "type": "minecraft:item",
                    "name": "minecraft:snort_pottery_sherd",
                    "weight": 4
                },
                {
                    "type": "minecraft:item",
                    "name": "minecraft:sniffer_egg",
                    "weight": 4
                },
                {
                    "type": "minecraft:item",
                    "name": "minecraft:iron_axe",
                    "weight": 4
                },
                {
                    "type": "minecraft:item",
                    "name": "minecraft:emerald",
                    "weight": 4
                },
                {
                    "type": "minecraft:item",
                    "name": "minecraft:wheat",
                    "weight": 4
                },
                {
                    "type": "minecraft:item",
                    "name": "minecraft:wooden_hoe",
                    "weight": 4
                },
                {
                    "type": "minecraft:item",
                    "name": "minecraft:coal",
                    "weight": 4
                },
                {
                    "type": "minecraft:item",
                    "name": "minecraft:gold_nugget",
                    "weight": 4
                },
                {
                    "type": "minecraft:item",
                    "name": "minecraft:mangrove_wood",
                    "weight": 31
                },
                {
                    "type": "minecraft:item",
                    "name": "minecraft:glass_pane",
                    "weight": 31
                },
                {
                    "type": "minecraft:item",
                    "name": "minecraft:loom",
                    "weight": 31
                },
                {
                    "type": "minecraft:item",
                    "name": "minecraft:mud_brick_wall",
                    "weight": 31
                },
                {
                    "type": "minecraft:item",
                    "name": "minecraft:ancient_debris",
                    "weight": 31
                },
                {
                    "type": "minecraft:item",
                    "name": "minecraft:magenta_concrete",
                    "weight": 31
                },
                {
                    "type": "minecraft:item",
                    "name": "minecraft:vine",
                    "weight": 31
                },
                {
                    "type": "minecraft:item",
                    "name": "minecraft:cracked_stone_bricks",
                    "weight": 31
                }
            ]
        }
    ]
}