{
    "pools": [
        {
            "rolls": {
                "min": 10,
                "max": 50
            },
            "entries": [
                {
                    "type": "minecraft:item",
                    "name": "minecraft:mossy_stone_brick_wall",
                    "weight": 16
                },
                {
                    "type": "minecraft:item",
                    "name": "minecraft:purple_concrete",
                    "weight": 16
                },
                {
                    "type": "minecraft:item",
                    "name": "minecraft:red_mushroom",
                    "weight": 16
                },
                {
                    "type": "minecraft:item",
                    "name": "minecraft:crimson_hyphae",
                    "weight": 16
                },
                {
                    "type": "minecraft:item",
                    "name": "minecraft:weeping_vines",
                    "weight": 8
                },
                {
                    "type": "minecraft:item",
                    "name": "minecraft:weeping_vines",
                    "weight": 8
                },
                {
                    "type": "minecraft:item",
                    "functions": [
                        {
                            "add": false,
                            "count": {
                                "type": "minecraft:uniform",
                                "max": 2.0,
                                "min": 0.0
                            },
                            "function": "minecraft:set_count"
                        }
                    ],
                    "name": "minecraft:rotten_flesh",
                    "weight": 4
                },
                {
                    "type": "minecraft:item",
                    "name": "minecraft:iron_ingot",
                    "weight": 4
                },
                {
                    "type": "minecraft:item",
                    "name": "minecraft:carrot",
                    "weight": 4
                },
                {
                    "type": "minecraft:item",
                    "name": "minecraft:potato",
                    "weight": 4
                },
                {
                    "type": "minecraft:item",
                    "name": "minecraft:muddy_mangrove_roots",
                    "weight": 16
                },
                {
                    "type": "minecraft:item",
                    "functions": [
                        {
                            "type": "minecraft:shulker_box",
                            "entries": [
                                {
                                    "type": "minecraft:dynamic",
                                    "name": "minecraft:contents"
                                }
                            ],
                            "function": "minecraft:set_contents"
                        }
                    ],
                    "name": "minecraft:shulker_box",
                    "weight": 16
                },
                {
                    "type": "minecraft:item",
                    "name": "minecraft:mangrove_stairs",
                    "weight": 16
                },
                {
                    "type": "minecraft:item",
                    "name": "minecraft:birch_leaves",
                    "weight": 6
                },
                {
                    "type": "minecraft:item",
                    "name": "minecraft:birch_sapling",
                    "weight": 6
                },
                {
                    "type": "minecraft:item",
                    "functions": [
                        {
                            "add": false,
                            "count": {
                                "type": "minecraft:uniform",
                                "max": 2.0,
                                "min": 1.0
                            },
                            "function": "minecraft:set_count"
                        },
                        {
                            "function": "minecraft:explosion_decay"
                        }
                    ],
                    "name": "minecraft:stick",
                    "weight": 6
                }
            ]
        }
    ]
}