{
    "pools": [
        {
            "rolls": {
                "min": 10,
                "max": 50
            },
            "entries": [
                {
                    "type": "minecraft:item",
                    "name": "minecraft:gray_wool",
                    "weight": 8
                },
                {
                    "type": "minecraft:item",
                    "functions": [
                        {
                            "add": false,
                            "count": {
                                "type": "minecraft:uniform",
                                "max": 2.0,
                                "min": 1.0
                            },
                            "function": "minecraft:set_count"
                        }
                    ],
                    "name": "minecraft:mutton",
                    "weight": 8
                },
                {
                    "type": "minecraft:item",
                    "name": "minecraft:acacia_trapdoor",
                    "weight": 15
                },
                {
                    "type": "minecraft:item",
                    "name": "minecraft:flower_pot",
                    "weight": 8
                },
                {
                    "type": "minecraft:item",
                    "name": "minecraft:oak_sapling",
                    "weight": 8
                },
                {
                    "type": "minecraft:item",
                    "name": "minecraft:raw_copper_block",
                    "weight": 15
                },
                {
                    "type": "minecraft:item",
                    "name": "minecraft:mangrove_propagule",
                    "weight": 15
                },
                {
                    "type": "minecraft:item",
                    "name": "minecraft:green_wool",
                    "weight": 15
                },
                {
                    "type": "minecraft:item",
                    "name": "minecraft:light_blue_carpet",
                    "weight": 15
                },
                {
                    "type": "minecraft:item",
                    "name": "minecraft:kelp",
                    "weight": 15
                },
                {
                    "type": "minecraft:item",
                    "name": "minecraft:nether_bricks",
                    "weight": 15
                },
                {
                    "type": "minecraft:item",
                    "name": "minecraft:spore_blossom",
                    "weight": 15
                },
                {
                    "type": "minecraft:item",
                    "name": "minecraft:polished_blackstone",
                    "weight": 15
                }
            ]
        }
    ]
}