{
    "pools": [
        {
            "rolls": {
                "min": 1,
                "max": 5
            },
            "entries": [
                {
                    "type": "minecraft:item",
                    "name": "minecraft:flower_pot",
                    "weight": 14
                },
                {
                    "type": "minecraft:item",
                    "name": "minecraft:fern",
                    "weight": 14
                },
                {
                    "type": "minecraft:item",
                    "name": "minecraft:snow_block",
                    "weight": 14
                },
                {
                    "type": "minecraft:item",
                    "functions": [
                        {
                            "add": false,
                            "count": 4.0,
                            "function": "minecraft:set_count"
                        },
                        {
                            "function": "minecraft:explosion_decay"
                        }
                    ],
                    "name": "minecraft:snowball",
                    "weight": 14
                },
                {
                    "type": "minecraft:item",
                    "name": "minecraft:podzol",
                    "weight": 14
                },
                {
                    "type": "minecraft:item",
                    "name": "minecraft:dirt",
                    "weight": 14
                },
                {
                    "type": "minecraft:item",
                    "name": "minecraft:stripped_jungle_wood",
                    "weight": 27
                },
                {
                    "type": "minecraft:item",
                    "functions": [
                        {
                            "function": "minecraft:explosion_decay"
                        }
                    ],
                    "name": "minecraft:warped_slab",
                    "weight": 27
                },
                {
                    "type": "minecraft:item",
                    "name": "minecraft:torchflower_seeds",
                    "weight": 14
                },
                {
                    "type": "minecraft:item",
                    "name": "minecraft:pitcher_pod",
                    "weight": 14
                },
                {
                    "type": "minecraft:item",
                    "name": "minecraft:oak_stairs",
                    "weight": 27
                },
                {
                    "type": "minecraft:item",
                    "name": "minecraft:magenta_bed",
                    "weight": 27
                },
                {
                    "type": "minecraft:item",
                    "functions": [
                        {
                            "add": false,
                            "count": {
                                "type": "minecraft:uniform",
                                "max": 1.0,
                                "min": 0.0
                            },
                            "function": "minecraft:set_count"
                        }
                    ],
                    "name": "minecraft:ghast_tear",
                    "weight": 14
                },
                {
                    "type": "minecraft:item",
                    "functions": [
                        {
                            "add": false,
                            "count": {
                                "type": "minecraft:uniform",
                                "max": 2.0,
                                "min": 0.0
                            },
                            "function": "minecraft:set_count"
                        }
                    ],
                    "name": "minecraft:gunpowder",
                    "weight": 14
                },
                {
                    "type": "minecraft:item",
                    "name": "minecraft:birch_wood",
                    "weight": 27
                },
                {
                    "type": "minecraft:item",
                    "name": "minecraft:diamond_block",
                    "weight": 27
                },
                {
                    "type": "minecraft:item",
                    "name": "minecraft:spruce_trapdoor",
                    "weight": 27
                },
                {
                    "type": "minecraft:item",
                    "name": "minecraft:dark_oak_hanging_sign",
                    "weight": 27
                },
                {
                    "type": "minecraft:item",
                    "name": "minecraft:chiseled_nether_bricks",
                    "weight": 27
                },
                {
                    "type": "minecraft:item",
                    "name": "minecraft:purple_candle",
                    "weight": 27
                },
                {
                    "type": "minecraft:item",
                    "name": "minecraft:pink_banner",
                    "weight": 27
                },
                {
                    "type": "minecraft:item",
                    "name": "minecraft:birch_log",
                    "weight": 27
                },
                {
                    "type": "minecraft:item",
                    "functions": [
                        {
                            "function": "minecraft:explosion_decay"
                        }
                    ],
                    "name": "minecraft:cut_copper_slab",
                    "weight": 27
                },
                {
                    "type": "minecraft:item",
                    "name": "minecraft:waxed_cut_copper",
                    "weight": 27
                },
                {
                    "type": "minecraft:item",
                    "name": "minecraft:bricks",
                    "weight": 27
                },
                {
                    "type": "minecraft:item",
                    "name": "minecraft:cyan_carpet",
                    "weight": 27
                },
                {
                    "type": "minecraft:item",
                    "name": "minecraft:crimson_button",
                    "weight": 27
                }
            ]
        }
    ]
}