{
    "pools": [
        {
            "rolls": {
                "min": 1,
                "max": 5
            },
            "entries": [
                {
                    "type": "minecraft:item",
                    "name": "minecraft:acacia_door",
                    "weight": 32
                },
                {
                    "type": "minecraft:item",
                    "name": "minecraft:mossy_cobblestone_wall",
                    "weight": 32
                },
                {
                    "type": "minecraft:item",
                    "name": "minecraft:smooth_sandstone",
                    "weight": 32
                },
                {
                    "type": "minecraft:item",
                    "name": "minecraft:brain_coral_fan",
                    "weight": 32
                },
                {
                    "type": "minecraft:item",
                    "name": "minecraft:damaged_anvil",
                    "weight": 32
                },
                {
                    "type": "minecraft:item",
                    "functions": [
                        {
                            "function": "minecraft:explosion_decay"
                        }
                    ],
                    "name": "minecraft:quartz_slab",
                    "weight": 32
                },
                {
                    "type": "minecraft:item",
                    "name": "minecraft:dead_tube_coral_fan",
                    "weight": 32
                },
                {
                    "type": "minecraft:item",
                    "functions": [
                        {
                            "add": false,
                            "count": 1.0,
                            "function": "minecraft:set_count"
                        }
                    ],
                    "name": "minecraft:pufferfish",
                    "weight": 16
                },
                {
                    "type": "minecraft:item",
                    "name": "minecraft:bone_meal",
                    "weight": 16
                },
                {
                    "type": "minecraft:item",
                    "functions": [
                        {
                            "add": false,
                            "count": {
                                "type": "minecraft:uniform",
                                "max": 15.0,
                                "min": 0.0
                            },
                            "function": "minecraft:set_count"
                        }
                    ],
                    "name": "minecraft:snowball",
                    "weight": 32
                },
                {
                    "type": "minecraft:item",
                    "name": "minecraft:respawn_anchor",
                    "weight": 32
                },
                {
                    "type": "minecraft:item",
                    "functions": [
                        {
                            "add": false,
                            "count": 2.0,
                            "function": "minecraft:set_count"
                        }
                    ],
                    "name": "minecraft:fern",
                    "weight": 8
                },
                {
                    "type": "minecraft:item",
                    "name": "minecraft:wheat_seeds",
                    "weight": 8
                },
                {
                    "type": "minecraft:item",
                    "functions": [
                        {
                            "add": false,
                            "count": 2.0,
                            "function": "minecraft:set_count"
                        }
                    ],
                    "name": "minecraft:fern",
                    "weight": 8
                },
                {
                    "type": "minecraft:item",
                    "name": "minecraft:wheat_seeds",
                    "weight": 8
                },
                {
                    "type": "minecraft:item",
                    "name": "minecraft:nether_gold_ore",
                    "weight": 16
                },
                {
                    "type": "minecraft:item",
                    "functions": [
                        {
                            "add": false,
                            "count": {
                                "type": "minecraft:uniform",
                                "max": 6.0,
                                "min": 2.0
                            },
                            "function": "minecraft:set_count"
                        },
                        {
                            "function": "minecraft:explosion_decay"
                        }
                    ],
                    "name": "minecraft:gold_nugget",
                    "weight": 16
                },
                {
                    "type": "minecraft:item",
                    "name": "minecraft:ender_chest",
                    "weight": 16
                },
                {
                    "type": "minecraft:item",
                    "functions": [
                        {
                            "add": false,
                            "count": 8.0,
                            "function": "minecraft:set_count"
                        },
                        {
                            "function": "minecraft:explosion_decay"
                        }
                    ],
                    "name": "minecraft:obsidian",
                    "weight": 16
                },
                {
                    "type": "minecraft:item",
                    "name": "minecraft:flower_pot",
                    "weight": 16
                },
                {
                    "type": "minecraft:item",
                    "name": "minecraft:brown_mushroom",
                    "weight": 16
                },
                {
                    "type": "minecraft:item",
                    "name": "minecraft:lilac",
                    "weight": 32
                },
                {
                    "type": "minecraft:item",
                    "name": "minecraft:pink_concrete",
                    "weight": 32
                },
                {
                    "type": "minecraft:item",
                    "name": "minecraft:cauldron",
                    "weight": 32
                },
                {
                    "type": "minecraft:item",
                    "name": "minecraft:shulker_shell",
                    "weight": 32
                },
                {
                    "type": "minecraft:item",
                    "name": "minecraft:granite",
                    "weight": 32
                },
                {
                    "type": "minecraft:item",
                    "name": "minecraft:red_banner",
                    "weight": 32
                },
                {
                    "type": "minecraft:item",
                    "name": "minecraft:light_blue_wool",
                    "weight": 16
                },
                {
                    "type": "minecraft:item",
                    "functions": [
                        {
                            "add": false,
                            "count": {
                                "type": "minecraft:uniform",
                                "max": 2.0,
                                "min": 1.0
                            },
                            "function": "minecraft:set_count"
                        }
                    ],
                    "name": "minecraft:mutton",
                    "weight": 16
                },
                {
                    "type": "minecraft:item",
                    "name": "minecraft:yellow_concrete",
                    "weight": 32
                }
            ]
        }
    ]
}