{
    "pools": [
        {
            "rolls": {
                "min": 10,
                "max": 50
            },
            "entries": [
                {
                    "type": "minecraft:item",
                    "name": "minecraft:furnace",
                    "weight": 11
                },
                {
                    "type": "minecraft:item",
                    "name": "minecraft:crimson_button",
                    "weight": 11
                },
                {
                    "type": "minecraft:item",
                    "functions": [
                        {
                            "function": "minecraft:explosion_decay"
                        }
                    ],
                    "name": "minecraft:light_blue_candle",
                    "weight": 11
                },
                {
                    "type": "minecraft:item",
                    "name": "minecraft:red_banner",
                    "weight": 11
                },
                {
                    "type": "minecraft:item",
                    "name": "minecraft:turtle_egg",
                    "weight": 11
                },
                {
                    "type": "minecraft:item",
                    "name": "minecraft:sculk_sensor",
                    "weight": 11
                },
                {
                    "type": "minecraft:item",
                    "name": "minecraft:fletching_table",
                    "weight": 11
                },
                {
                    "type": "minecraft:item",
                    "name": "minecraft:dead_fire_coral_fan",
                    "weight": 11
                },
                {
                    "type": "minecraft:item",
                    "name": "minecraft:flower_pot",
                    "weight": 6
                },
                {
                    "type": "minecraft:item",
                    "name": "minecraft:fern",
                    "weight": 6
                },
                {
                    "type": "minecraft:item",
                    "functions": [
                        {
                            "function": "minecraft:explosion_decay"
                        }
                    ],
                    "name": "minecraft:polished_diorite_slab",
                    "weight": 11
                }
            ]
        }
    ]
}