{
    "pools": [
        {
            "rolls": {
                "min": 10,
                "max": 50
            },
            "entries": [
                {
                    "type": "minecraft:item",
                    "name": "minecraft:dark_oak_fence_gate",
                    "weight": 63
                },
                {
                    "type": "minecraft:item",
                    "functions": [
                        {
                            "function": "minecraft:explosion_decay"
                        }
                    ],
                    "name": "minecraft:polished_andesite_slab",
                    "weight": 63
                },
                {
                    "type": "minecraft:item",
                    "name": "minecraft:bubble_coral_block",
                    "weight": 32
                },
                {
                    "type": "minecraft:item",
                    "name": "minecraft:dead_bubble_coral_block",
                    "weight": 32
                },
                {
                    "type": "minecraft:item",
                    "name": "minecraft:flower_pot",
                    "weight": 32
                },
                {
                    "type": "minecraft:item",
                    "name": "minecraft:birch_sapling",
                    "weight": 32
                },
                {
                    "type": "minecraft:item",
                    "name": "minecraft:acacia_planks",
                    "weight": 63
                },
                {
                    "type": "minecraft:item",
                    "name": "minecraft:prismarine_stairs",
                    "weight": 63
                },
                {
                    "type": "minecraft:item",
                    "functions": [
                        {
                            "add": false,
                            "count": {
                                "type": "minecraft:uniform",
                                "max": 3.0,
                                "min": 1.0
                            },
                            "function": "minecraft:set_count"
                        }
                    ],
                    "name": "minecraft:gold_nugget",
                    "weight": 2
                },
                {
                    "type": "minecraft:item",
                    "name": "minecraft:grass",
                    "weight": 8
                },
                {
                    "type": "minecraft:item",
                    "name": "minecraft:tall_grass",
                    "weight": 8
                },
                {
                    "type": "minecraft:item",
                    "functions": [
                        {
                            "add": false,
                            "count": {
                                "type": "minecraft:uniform",
                                "max": 4.0,
                                "min": 1.0
                            },
                            "function": "minecraft:set_count"
                        }
                    ],
                    "name": "minecraft:bread",
                    "weight": 14
                },
                {
                    "type": "minecraft:item",
                    "functions": [
                        {
                            "add": false,
                            "count": {
                                "type": "minecraft:uniform",
                                "max": 5.0,
                                "min": 1.0
                            },
                            "function": "minecraft:set_count"
                        }
                    ],
                    "name": "minecraft:wheat_seeds",
                    "weight": 14
                },
                {
                    "type": "minecraft:item",
                    "functions": [
                        {
                            "add": false,
                            "count": {
                                "type": "minecraft:uniform",
                                "max": 4.0,
                                "min": 1.0
                            },
                            "function": "minecraft:set_count"
                        }
                    ],
                    "name": "minecraft:emerald",
                    "weight": 3
                },
                {
                    "type": "minecraft:item",
                    "functions": [
                        {
                            "add": false,
                            "count": {
                                "type": "minecraft:uniform",
                                "max": 2.0,
                                "min": 1.0
                            },
                            "function": "minecraft:set_count"
                        }
                    ],
                    "name": "minecraft:acacia_sapling",
                    "weight": 14
                },
                {
                    "type": "minecraft:item",
                    "name": "minecraft:saddle",
                    "weight": 2
                },
                {
                    "type": "minecraft:item",
                    "functions": [
                        {
                            "add": false,
                            "count": {
                                "type": "minecraft:uniform",
                                "max": 2.0,
                                "min": 1.0
                            },
                            "function": "minecraft:set_count"
                        }
                    ],
                    "name": "minecraft:torch",
                    "weight": 2
                },
                {
                    "type": "minecraft:item",
                    "name": "minecraft:bucket",
                    "weight": 2
                },
                {
                    "type": "minecraft:item",
                    "name": "minecraft:polished_granite_stairs",
                    "weight": 63
                },
                {
                    "type": "minecraft:item",
                    "name": "minecraft:chiseled_deepslate",
                    "weight": 63
                },
                {
                    "type": "minecraft:item",
                    "name": "minecraft:enchanting_table",
                    "weight": 63
                },
                {
                    "type": "minecraft:item",
                    "functions": [
                        {
                            "function": "minecraft:explosion_decay"
                        }
                    ],
                    "name": "minecraft:polished_deepslate_slab",
                    "weight": 63
                }
            ]
        }
    ]
}