{
    "pools": [
        {
            "rolls": {
                "min": 10,
                "max": 50
            },
            "entries": [
                {
                    "type": "minecraft:item",
                    "functions": [
                        {
                            "add": false,
                            "count": {
                                "type": "minecraft:uniform",
                                "max": 3.0,
                                "min": 1.0
                            },
                            "function": "minecraft:set_count"
                        }
                    ],
                    "name": "minecraft:leather",
                    "weight": 2
                },
                {
                    "type": "minecraft:item",
                    "name": "minecraft:leather_chestplate",
                    "weight": 4
                },
                {
                    "type": "minecraft:item",
                    "name": "minecraft:leather_boots",
                    "weight": 4
                },
                {
                    "type": "minecraft:item",
                    "name": "minecraft:leather_helmet",
                    "weight": 4
                },
                {
                    "type": "minecraft:item",
                    "functions": [
                        {
                            "add": false,
                            "count": {
                                "type": "minecraft:uniform",
                                "max": 4.0,
                                "min": 1.0
                            },
                            "function": "minecraft:set_count"
                        }
                    ],
                    "name": "minecraft:bread",
                    "weight": 10
                },
                {
                    "type": "minecraft:item",
                    "name": "minecraft:leather_leggings",
                    "weight": 4
                },
                {
                    "type": "minecraft:item",
                    "name": "minecraft:saddle",
                    "weight": 2
                },
                {
                    "type": "minecraft:item",
                    "functions": [
                        {
                            "add": false,
                            "count": {
                                "type": "minecraft:uniform",
                                "max": 4.0,
                                "min": 1.0
                            },
                            "function": "minecraft:set_count"
                        }
                    ],
                    "name": "minecraft:emerald",
                    "weight": 2
                },
                {
                    "type": "minecraft:item",
                    "name": "minecraft:warped_fence_gate",
                    "weight": 31
                },
                {
                    "type": "minecraft:item",
                    "name": "minecraft:dark_oak_sapling",
                    "weight": 31
                },
                {
                    "type": "minecraft:item",
                    "name": "minecraft:crimson_nylium",
                    "weight": 16
                },
                {
                    "type": "minecraft:item",
                    "name": "minecraft:netherrack",
                    "weight": 16
                },
                {
                    "type": "minecraft:item",
                    "name": "minecraft:mud_brick_stairs",
                    "weight": 31
                },
                {
                    "type": "minecraft:item",
                    "name": "minecraft:flower_pot",
                    "weight": 16
                },
                {
                    "type": "minecraft:item",
                    "name": "minecraft:crimson_fungus",
                    "weight": 16
                },
                {
                    "type": "minecraft:item",
                    "name": "minecraft:oak_pressure_plate",
                    "weight": 31
                },
                {
                    "type": "minecraft:item",
                    "name": "minecraft:bamboo_door",
                    "weight": 31
                },
                {
                    "type": "minecraft:item",
                    "name": "minecraft:black_wool",
                    "weight": 16
                },
                {
                    "type": "minecraft:item",
                    "functions": [
                        {
                            "add": false,
                            "count": {
                                "type": "minecraft:uniform",
                                "max": 2.0,
                                "min": 1.0
                            },
                            "function": "minecraft:set_count"
                        }
                    ],
                    "name": "minecraft:mutton",
                    "weight": 16
                },
                {
                    "type": "minecraft:item",
                    "name": "minecraft:oak_trapdoor",
                    "weight": 31
                },
                {
                    "type": "minecraft:item",
                    "name": "minecraft:lime_glazed_terracotta",
                    "weight": 31
                }
            ]
        }
    ]
}