{
    "pools": [
        {
            "rolls": {
                "min": 10,
                "max": 50
            },
            "entries": [
                {
                    "type": "minecraft:item",
                    "functions": [
                        {
                            "add": false,
                            "count": {
                                "type": "minecraft:uniform",
                                "max": 3.0,
                                "min": 1.0
                            },
                            "function": "minecraft:set_count"
                        }
                    ],
                    "name": "minecraft:clay_ball",
                    "weight": 56
                },
                {
                    "type": "minecraft:item",
                    "name": "minecraft:flower_pot",
                    "weight": 56
                },
                {
                    "type": "minecraft:item",
                    "name": "minecraft:stone",
                    "weight": 56
                },
                {
                    "type": "minecraft:item",
                    "name": "minecraft:stone_bricks",
                    "weight": 56
                },
                {
                    "type": "minecraft:item",
                    "functions": [
                        {
                            "add": false,
                            "count": {
                                "type": "minecraft:uniform",
                                "max": 4.0,
                                "min": 1.0
                            },
                            "function": "minecraft:set_count"
                        }
                    ],
                    "name": "minecraft:bread",
                    "weight": 133
                },
                {
                    "type": "minecraft:item",
                    "name": "minecraft:yellow_dye",
                    "weight": 56
                },
                {
                    "type": "minecraft:item",
                    "name": "minecraft:smooth_stone",
                    "weight": 56
                },
                {
                    "type": "minecraft:item",
                    "name": "minecraft:emerald",
                    "weight": 56
                },
                {
                    "type": "minecraft:item",
                    "name": "minecraft:pink_carpet",
                    "weight": 509
                },
                {
                    "type": "minecraft:item",
                    "name": "minecraft:acacia_hanging_sign",
                    "weight": 509
                },
                {
                    "type": "minecraft:item",
                    "name": "minecraft:lime_banner",
                    "weight": 509
                },
                {
                    "type": "minecraft:item",
                    "name": "minecraft:light_blue_bed",
                    "weight": 509
                },
                {
                    "type": "minecraft:item",
                    "name": "minecraft:smooth_sandstone",
                    "weight": 509
                },
                {
                    "type": "minecraft:item",
                    "functions": [
                        {
                            "function": "minecraft:explosion_decay"
                        }
                    ],
                    "name": "minecraft:smooth_sandstone_slab",
                    "weight": 509
                },
                {
                    "type": "minecraft:item",
                    "functions": [
                        {
                            "enchantments": [
                                "minecraft:soul_speed"
                            ],
                            "function": "minecraft:enchant_randomly"
                        }
                    ],
                    "name": "minecraft:book",
                    "weight": 6
                },
                {
                    "type": "minecraft:item",
                    "functions": [
                        {
                            "enchantments": [
                                "minecraft:soul_speed"
                            ],
                            "function": "minecraft:enchant_randomly"
                        }
                    ],
                    "name": "minecraft:iron_boots",
                    "weight": 11
                },
                {
                    "type": "minecraft:item",
                    "functions": [
                        {
                            "function": "minecraft:set_potion",
                            "id": "minecraft:fire_resistance"
                        }
                    ],
                    "name": "minecraft:potion",
                    "weight": 11
                },
                {
                    "type": "minecraft:item",
                    "functions": [
                        {
                            "function": "minecraft:set_potion",
                            "id": "minecraft:fire_resistance"
                        }
                    ],
                    "name": "minecraft:splash_potion",
                    "weight": 11
                },
                {
                    "type": "minecraft:item",
                    "functions": [
                        {
                            "function": "minecraft:set_potion",
                            "id": "minecraft:water"
                        }
                    ],
                    "name": "minecraft:potion",
                    "weight": 11
                },
                {
                    "type": "minecraft:item",
                    "functions": [
                        {
                            "add": false,
                            "count": {
                                "type": "minecraft:uniform",
                                "max": 36.0,
                                "min": 10.0
                            },
                            "function": "minecraft:set_count"
                        }
                    ],
                    "name": "minecraft:iron_nugget",
                    "weight": 11
                },
                {
                    "type": "minecraft:item",
                    "functions": [
                        {
                            "add": false,
                            "count": {
                                "type": "minecraft:uniform",
                                "max": 4.0,
                                "min": 2.0
                            },
                            "function": "minecraft:set_count"
                        }
                    ],
                    "name": "minecraft:ender_pearl",
                    "weight": 11
                },
                {
                    "type": "minecraft:item",
                    "functions": [
                        {
                            "add": false,
                            "count": {
                                "type": "minecraft:uniform",
                                "max": 9.0,
                                "min": 3.0
                            },
                            "function": "minecraft:set_count"
                        }
                    ],
                    "name": "minecraft:string",
                    "weight": 21
                },
                {
                    "type": "minecraft:item",
                    "functions": [
                        {
                            "add": false,
                            "count": {
                                "type": "minecraft:uniform",
                                "max": 12.0,
                                "min": 5.0
                            },
                            "function": "minecraft:set_count"
                        }
                    ],
                    "name": "minecraft:quartz",
                    "weight": 21
                },
                {
                    "type": "minecraft:item",
                    "name": "minecraft:obsidian",
                    "weight": 46
                },
                {
                    "type": "minecraft:item",
                    "functions": [
                        {
                            "add": false,
                            "count": {
                                "type": "minecraft:uniform",
                                "max": 3.0,
                                "min": 1.0
                            },
                            "function": "minecraft:set_count"
                        }
                    ],
                    "name": "minecraft:crying_obsidian",
                    "weight": 46
                },
                {
                    "type": "minecraft:item",
                    "name": "minecraft:fire_charge",
                    "weight": 46
                },
                {
                    "type": "minecraft:item",
                    "functions": [
                        {
                            "add": false,
                            "count": {
                                "type": "minecraft:uniform",
                                "max": 4.0,
                                "min": 2.0
                            },
                            "function": "minecraft:set_count"
                        }
                    ],
                    "name": "minecraft:leather",
                    "weight": 46
                },
                {
                    "type": "minecraft:item",
                    "functions": [
                        {
                            "add": false,
                            "count": {
                                "type": "minecraft:uniform",
                                "max": 8.0,
                                "min": 2.0
                            },
                            "function": "minecraft:set_count"
                        }
                    ],
                    "name": "minecraft:soul_sand",
                    "weight": 46
                },
                {
                    "type": "minecraft:item",
                    "functions": [
                        {
                            "add": false,
                            "count": {
                                "type": "minecraft:uniform",
                                "max": 8.0,
                                "min": 2.0
                            },
                            "function": "minecraft:set_count"
                        }
                    ],
                    "name": "minecraft:nether_brick",
                    "weight": 46
                },
                {
                    "type": "minecraft:item",
                    "functions": [
                        {
                            "add": false,
                            "count": {
                                "type": "minecraft:uniform",
                                "max": 12.0,
                                "min": 6.0
                            },
                            "function": "minecraft:set_count"
                        }
                    ],
                    "name": "minecraft:spectral_arrow",
                    "weight": 46
                },
                {
                    "type": "minecraft:item",
                    "functions": [
                        {
                            "add": false,
                            "count": {
                                "type": "minecraft:uniform",
                                "max": 16.0,
                                "min": 8.0
                            },
                            "function": "minecraft:set_count"
                        }
                    ],
                    "name": "minecraft:gravel",
                    "weight": 46
                },
                {
                    "type": "minecraft:item",
                    "functions": [
                        {
                            "add": false,
                            "count": {
                                "type": "minecraft:uniform",
                                "max": 16.0,
                                "min": 8.0
                            },
                            "function": "minecraft:set_count"
                        }
                    ],
                    "name": "minecraft:blackstone",
                    "weight": 46
                },
                {
                    "type": "minecraft:item",
                    "name": "minecraft:calcite",
                    "weight": 509
                },
                {
                    "type": "minecraft:item",
                    "name": "minecraft:light_blue_wool",
                    "weight": 509
                },
                {
                    "type": "minecraft:item",
                    "name": "minecraft:deepslate_tiles",
                    "weight": 509
                }
            ]
        }
    ]
}