{
    "pools": [
        {
            "rolls": {
                "min": 10,
                "max": 50
            },
            "entries": [
                {
                    "type": "minecraft:item",
                    "functions": [
                        {
                            "function": "minecraft:explosion_decay"
                        }
                    ],
                    "name": "minecraft:purple_candle",
                    "weight": 32
                },
                {
                    "type": "minecraft:item",
                    "functions": [
                        {
                            "function": "minecraft:explosion_decay"
                        }
                    ],
                    "name": "minecraft:yellow_candle",
                    "weight": 32
                },
                {
                    "type": "minecraft:item",
                    "name": "minecraft:warped_button",
                    "weight": 32
                },
                {
                    "type": "minecraft:item",
                    "name": "minecraft:blade_pottery_sherd",
                    "weight": 4
                },
                {
                    "type": "minecraft:item",
                    "name": "minecraft:explorer_pottery_sherd",
                    "weight": 4
                },
                {
                    "type": "minecraft:item",
                    "name": "minecraft:mourner_pottery_sherd",
                    "weight": 4
                },
                {
                    "type": "minecraft:item",
                    "name": "minecraft:plenty_pottery_sherd",
                    "weight": 4
                },
                {
                    "type": "minecraft:item",
                    "name": "minecraft:iron_axe",
                    "weight": 4
                },
                {
                    "type": "minecraft:item",
                    "name": "minecraft:emerald",
                    "weight": 4
                },
                {
                    "type": "minecraft:item",
                    "name": "minecraft:wheat",
                    "weight": 4
                },
                {
                    "type": "minecraft:item",
                    "name": "minecraft:wooden_hoe",
                    "weight": 4
                },
                {
                    "type": "minecraft:item",
                    "name": "minecraft:coal",
                    "weight": 4
                },
                {
                    "type": "minecraft:item",
                    "name": "minecraft:gold_nugget",
                    "weight": 4
                },
                {
                    "type": "minecraft:item",
                    "name": "minecraft:calibrated_sculk_sensor",
                    "weight": 32
                },
                {
                    "type": "minecraft:item",
                    "name": "minecraft:oak_stairs",
                    "weight": 32
                },
                {
                    "type": "minecraft:item",
                    "name": "minecraft:green_stained_glass",
                    "weight": 32
                },
                {
                    "type": "minecraft:item",
                    "name": "minecraft:azalea_leaves",
                    "weight": 11
                },
                {
                    "type": "minecraft:item",
                    "name": "minecraft:azalea",
                    "weight": 11
                },
                {
                    "type": "minecraft:item",
                    "functions": [
                        {
                            "add": false,
                            "count": {
                                "type": "minecraft:uniform",
                                "max": 2.0,
                                "min": 1.0
                            },
                            "function": "minecraft:set_count"
                        },
                        {
                            "function": "minecraft:explosion_decay"
                        }
                    ],
                    "name": "minecraft:stick",
                    "weight": 11
                },
                {
                    "type": "minecraft:item",
                    "name": "minecraft:brown_wool",
                    "weight": 32
                },
                {
                    "type": "minecraft:item",
                    "functions": [
                        {
                            "add": false,
                            "count": {
                                "type": "minecraft:uniform",
                                "max": 2.0,
                                "min": 0.0
                            },
                            "function": "minecraft:set_count"
                        }
                    ],
                    "name": "minecraft:string",
                    "weight": 16
                },
                {
                    "type": "minecraft:item",
                    "functions": [
                        {
                            "add": false,
                            "count": {
                                "type": "minecraft:uniform",
                                "max": 1.0,
                                "min": -1.0
                            },
                            "function": "minecraft:set_count"
                        }
                    ],
                    "name": "minecraft:spider_eye",
                    "weight": 16
                }
            ]
        }
    ]
}