{
    "pools": [
        {
            "rolls": {
                "min": 1,
                "max": 5
            },
            "entries": [
                {
                    "type": "minecraft:item",
                    "name": "minecraft:lime_carpet",
                    "weight": 91
                },
                {
                    "type": "minecraft:item",
                    "name": "minecraft:acacia_hanging_sign",
                    "weight": 91
                },
                {
                    "type": "minecraft:item",
                    "name": "minecraft:leather",
                    "weight": 91
                },
                {
                    "type": "minecraft:item",
                    "name": "minecraft:anvil",
                    "weight": 91
                },
                {
                    "type": "minecraft:item",
                    "functions": [
                        {
                            "function": "minecraft:explosion_decay"
                        }
                    ],
                    "name": "minecraft:sandstone_slab",
                    "weight": 91
                },
                {
                    "type": "minecraft:item",
                    "name": "minecraft:stripped_jungle_log",
                    "weight": 91
                },
                {
                    "type": "minecraft:item",
                    "name": "minecraft:dark_oak_sapling",
                    "weight": 91
                },
                {
                    "type": "minecraft:item",
                    "functions": [
                        {
                            "function": "minecraft:explosion_decay"
                        }
                    ],
                    "name": "minecraft:acacia_slab",
                    "weight": 91
                },
                {
                    "type": "minecraft:item",
                    "name": "minecraft:green_concrete_powder",
                    "weight": 91
                },
                {
                    "type": "minecraft:item",
                    "name": "minecraft:flower_pot",
                    "weight": 46
                },
                {
                    "type": "minecraft:item",
                    "name": "minecraft:red_tulip",
                    "weight": 46
                },
                {
                    "type": "minecraft:item",
                    "functions": [
                        {
                            "function": "minecraft:explosion_decay"
                        }
                    ],
                    "name": "minecraft:red_sandstone_slab",
                    "weight": 91
                },
                {
                    "type": "minecraft:item",
                    "name": "minecraft:allium",
                    "weight": 91
                },
                {
                    "type": "minecraft:item",
                    "name": "minecraft:stripped_birch_log",
                    "weight": 91
                },
                {
                    "type": "minecraft:item",
                    "functions": [
                        {
                            "add": false,
                            "count": {
                                "type": "minecraft:uniform",
                                "max": 2.0,
                                "min": 0.0
                            },
                            "function": "minecraft:set_count"
                        }
                    ],
                    "name": "minecraft:rotten_flesh",
                    "weight": 23
                },
                {
                    "type": "minecraft:item",
                    "name": "minecraft:iron_ingot",
                    "weight": 23
                },
                {
                    "type": "minecraft:item",
                    "name": "minecraft:carrot",
                    "weight": 23
                },
                {
                    "type": "minecraft:item",
                    "name": "minecraft:potato",
                    "weight": 23
                },
                {
                    "type": "minecraft:item",
                    "name": "minecraft:spruce_sapling",
                    "weight": 91
                },
                {
                    "type": "minecraft:item",
                    "functions": [
                        {
                            "add": false,
                            "count": {
                                "type": "minecraft:uniform",
                                "max": 4.0,
                                "min": 1.0
                            },
                            "function": "minecraft:set_count"
                        }
                    ],
                    "name": "minecraft:coal",
                    "weight": 17
                },
                {
                    "type": "minecraft:item",
                    "functions": [
                        {
                            "add": false,
                            "count": {
                                "type": "minecraft:uniform",
                                "max": 3.0,
                                "min": 1.0
                            },
                            "function": "minecraft:set_count"
                        }
                    ],
                    "name": "minecraft:gold_nugget",
                    "weight": 17
                },
                {
                    "type": "minecraft:item",
                    "name": "minecraft:emerald",
                    "weight": 3
                },
                {
                    "type": "minecraft:item",
                    "functions": [
                        {
                            "add": false,
                            "count": {
                                "type": "minecraft:uniform",
                                "max": 3.0,
                                "min": 2.0
                            },
                            "function": "minecraft:set_count"
                        }
                    ],
                    "name": "minecraft:wheat",
                    "weight": 17
                },
                {
                    "type": "minecraft:item",
                    "name": "minecraft:golden_apple",
                    "weight": 3
                },
                {
                    "type": "minecraft:item",
                    "functions": [
                        {
                            "function": "minecraft:enchant_randomly"
                        }
                    ],
                    "name": "minecraft:book",
                    "weight": 8
                },
                {
                    "type": "minecraft:item",
                    "name": "minecraft:leather_chestplate",
                    "weight": 3
                },
                {
                    "type": "minecraft:item",
                    "name": "minecraft:golden_helmet",
                    "weight": 3
                },
                {
                    "type": "minecraft:item",
                    "functions": [
                        {
                            "function": "minecraft:enchant_randomly"
                        }
                    ],
                    "name": "minecraft:fishing_rod",
                    "weight": 8
                },
                {
                    "type": "minecraft:item",
                    "functions": [
                        {
                            "decoration": "red_x",
                            "function": "minecraft:exploration_map",
                            "skip_existing_chunks": false,
                            "zoom": 1
                        },
                        {
                            "function": "minecraft:set_name",
                            "name": {
                                "translate": "filled_map.buried_treasure"
                            }
                        }
                    ],
                    "name": "minecraft:map",
                    "weight": 17
                },
                {
                    "type": "minecraft:item",
                    "name": "minecraft:green_stained_glass_pane",
                    "weight": 91
                },
                {
                    "type": "minecraft:item",
                    "name": "minecraft:stone_button",
                    "weight": 91
                },
                {
                    "type": "minecraft:item",
                    "name": "minecraft:spruce_planks",
                    "weight": 91
                },
                {
                    "type": "minecraft:item",
                    "name": "minecraft:cooked_rabbit",
                    "weight": 19
                },
                {
                    "type": "minecraft:item",
                    "name": "minecraft:cooked_chicken",
                    "weight": 19
                },
                {
                    "type": "minecraft:item",
                    "name": "minecraft:cooked_porkchop",
                    "weight": 19
                },
                {
                    "type": "minecraft:item",
                    "name": "minecraft:cooked_beef",
                    "weight": 19
                },
                {
                    "type": "minecraft:item",
                    "name": "minecraft:cooked_mutton",
                    "weight": 19
                },
                {
                    "type": "minecraft:item",
                    "name": "minecraft:crimson_planks",
                    "weight": 91
                },
                {
                    "type": "minecraft:item",
                    "name": "minecraft:smooth_sandstone_stairs",
                    "weight": 91
                }
            ]
        }
    ]
}