{
    "pools": [
        {
            "rolls": {
                "min": 10,
                "max": 50
            },
            "entries": [
                {
                    "type": "minecraft:item",
                    "name": "minecraft:cod",
                    "weight": 76
                },
                {
                    "type": "minecraft:item",
                    "name": "minecraft:salmon",
                    "weight": 32
                },
                {
                    "type": "minecraft:item",
                    "name": "minecraft:tropical_fish",
                    "weight": 3
                },
                {
                    "type": "minecraft:item",
                    "name": "minecraft:pufferfish",
                    "weight": 17
                },
                {
                    "type": "minecraft:item",
                    "name": "minecraft:comparator",
                    "weight": 126
                },
                {
                    "type": "minecraft:item",
                    "functions": [
                        {
                            "add": false,
                            "count": 1.0,
                            "function": "minecraft:set_count"
                        }
                    ],
                    "name": "minecraft:snowball",
                    "weight": 8
                },
                {
                    "type": "minecraft:item",
                    "functions": [
                        {
                            "add": false,
                            "count": 2.0,
                            "function": "minecraft:set_count"
                        }
                    ],
                    "name": "minecraft:snowball",
                    "weight": 8
                },
                {
                    "type": "minecraft:item",
                    "functions": [
                        {
                            "add": false,
                            "count": 3.0,
                            "function": "minecraft:set_count"
                        }
                    ],
                    "name": "minecraft:snowball",
                    "weight": 8
                },
                {
                    "type": "minecraft:item",
                    "functions": [
                        {
                            "add": false,
                            "count": 4.0,
                            "function": "minecraft:set_count"
                        }
                    ],
                    "name": "minecraft:snowball",
                    "weight": 8
                },
                {
                    "type": "minecraft:item",
                    "functions": [
                        {
                            "add": false,
                            "count": 5.0,
                            "function": "minecraft:set_count"
                        }
                    ],
                    "name": "minecraft:snowball",
                    "weight": 8
                },
                {
                    "type": "minecraft:item",
                    "functions": [
                        {
                            "add": false,
                            "count": 6.0,
                            "function": "minecraft:set_count"
                        }
                    ],
                    "name": "minecraft:snowball",
                    "weight": 8
                },
                {
                    "type": "minecraft:item",
                    "functions": [
                        {
                            "add": false,
                            "count": 7.0,
                            "function": "minecraft:set_count"
                        }
                    ],
                    "name": "minecraft:snowball",
                    "weight": 8
                },
                {
                    "type": "minecraft:item",
                    "functions": [
                        {
                            "add": false,
                            "count": 8.0,
                            "function": "minecraft:set_count"
                        }
                    ],
                    "name": "minecraft:snowball",
                    "weight": 8
                },
                {
                    "type": "minecraft:item",
                    "functions": [
                        {
                            "add": false,
                            "count": 1.0,
                            "function": "minecraft:set_count"
                        }
                    ],
                    "name": "minecraft:snow",
                    "weight": 8
                },
                {
                    "type": "minecraft:item",
                    "functions": [
                        {
                            "add": false,
                            "count": 2.0,
                            "function": "minecraft:set_count"
                        }
                    ],
                    "name": "minecraft:snow",
                    "weight": 8
                },
                {
                    "type": "minecraft:item",
                    "functions": [
                        {
                            "add": false,
                            "count": 3.0,
                            "function": "minecraft:set_count"
                        }
                    ],
                    "name": "minecraft:snow",
                    "weight": 8
                },
                {
                    "type": "minecraft:item",
                    "functions": [
                        {
                            "add": false,
                            "count": 4.0,
                            "function": "minecraft:set_count"
                        }
                    ],
                    "name": "minecraft:snow",
                    "weight": 8
                },
                {
                    "type": "minecraft:item",
                    "functions": [
                        {
                            "add": false,
                            "count": 5.0,
                            "function": "minecraft:set_count"
                        }
                    ],
                    "name": "minecraft:snow",
                    "weight": 8
                },
                {
                    "type": "minecraft:item",
                    "functions": [
                        {
                            "add": false,
                            "count": 6.0,
                            "function": "minecraft:set_count"
                        }
                    ],
                    "name": "minecraft:snow",
                    "weight": 8
                },
                {
                    "type": "minecraft:item",
                    "functions": [
                        {
                            "add": false,
                            "count": 7.0,
                            "function": "minecraft:set_count"
                        }
                    ],
                    "name": "minecraft:snow",
                    "weight": 8
                },
                {
                    "type": "minecraft:item",
                    "name": "minecraft:snow_block",
                    "weight": 8
                },
                {
                    "type": "minecraft:item",
                    "name": "minecraft:black_banner",
                    "weight": 126
                },
                {
                    "type": "minecraft:item",
                    "name": "minecraft:lime_bed",
                    "weight": 126
                },
                {
                    "type": "minecraft:item",
                    "name": "minecraft:snow_block",
                    "weight": 63
                },
                {
                    "type": "minecraft:item",
                    "functions": [
                        {
                            "add": false,
                            "count": 4.0,
                            "function": "minecraft:set_count"
                        },
                        {
                            "function": "minecraft:explosion_decay"
                        }
                    ],
                    "name": "minecraft:snowball",
                    "weight": 63
                },
                {
                    "type": "minecraft:item",
                    "name": "minecraft:brown_carpet",
                    "weight": 126
                },
                {
                    "type": "minecraft:item",
                    "name": "minecraft:stripped_spruce_wood",
                    "weight": 126
                },
                {
                    "type": "minecraft:item",
                    "name": "minecraft:black_concrete",
                    "weight": 126
                },
                {
                    "type": "minecraft:item",
                    "name": "minecraft:polished_deepslate_wall",
                    "weight": 126
                },
                {
                    "type": "minecraft:item",
                    "name": "minecraft:orange_concrete",
                    "weight": 126
                }
            ]
        }
    ]
}