{
    "pools": [
        {
            "rolls": {
                "min": 10,
                "max": 50
            },
            "entries": [
                {
                    "type": "minecraft:item",
                    "name": "minecraft:hopper",
                    "weight": 34
                },
                {
                    "type": "minecraft:item",
                    "name": "minecraft:yellow_stained_glass_pane",
                    "weight": 34
                },
                {
                    "type": "minecraft:item",
                    "functions": [
                        {
                            "function": "minecraft:explosion_decay"
                        }
                    ],
                    "name": "minecraft:magenta_candle",
                    "weight": 34
                },
                {
                    "type": "minecraft:item",
                    "functions": [
                        {
                            "function": "minecraft:explosion_decay"
                        }
                    ],
                    "name": "minecraft:black_candle",
                    "weight": 34
                },
                {
                    "type": "minecraft:item",
                    "name": "minecraft:emerald",
                    "weight": 2
                },
                {
                    "type": "minecraft:item",
                    "functions": [
                        {
                            "add": false,
                            "count": {
                                "type": "minecraft:uniform",
                                "max": 3.0,
                                "min": 1.0
                            },
                            "function": "minecraft:set_count"
                        }
                    ],
                    "name": "minecraft:arrow",
                    "weight": 5
                },
                {
                    "type": "minecraft:item",
                    "functions": [
                        {
                            "add": false,
                            "count": {
                                "type": "minecraft:uniform",
                                "max": 3.0,
                                "min": 1.0
                            },
                            "function": "minecraft:set_count"
                        }
                    ],
                    "name": "minecraft:feather",
                    "weight": 9
                },
                {
                    "type": "minecraft:item",
                    "functions": [
                        {
                            "add": false,
                            "count": {
                                "type": "minecraft:uniform",
                                "max": 3.0,
                                "min": 1.0
                            },
                            "function": "minecraft:set_count"
                        }
                    ],
                    "name": "minecraft:egg",
                    "weight": 5
                },
                {
                    "type": "minecraft:item",
                    "functions": [
                        {
                            "add": false,
                            "count": {
                                "type": "minecraft:uniform",
                                "max": 3.0,
                                "min": 1.0
                            },
                            "function": "minecraft:set_count"
                        }
                    ],
                    "name": "minecraft:flint",
                    "weight": 9
                },
                {
                    "type": "minecraft:item",
                    "functions": [
                        {
                            "add": false,
                            "count": {
                                "type": "minecraft:uniform",
                                "max": 3.0,
                                "min": 1.0
                            },
                            "function": "minecraft:set_count"
                        }
                    ],
                    "name": "minecraft:stick",
                    "weight": 9
                },
                {
                    "type": "minecraft:item",
                    "name": "minecraft:light_gray_glazed_terracotta",
                    "weight": 34
                },
                {
                    "type": "minecraft:item",
                    "name": "minecraft:respawn_anchor",
                    "weight": 34
                },
                {
                    "type": "minecraft:item",
                    "name": "minecraft:orange_banner",
                    "weight": 34
                },
                {
                    "type": "minecraft:item",
                    "name": "minecraft:ice",
                    "weight": 34
                },
                {
                    "type": "minecraft:item",
                    "name": "minecraft:blue_banner",
                    "weight": 34
                }
            ]
        }
    ]
}