{
    "pools": [
        {
            "rolls": {
                "min": 1,
                "max": 5
            },
            "entries": [
                {
                    "type": "minecraft:item",
                    "functions": [
                        {
                            "function": "minecraft:explosion_decay"
                        }
                    ],
                    "name": "minecraft:granite_slab",
                    "weight": 136
                },
                {
                    "type": "minecraft:item",
                    "functions": [
                        {
                            "function": "minecraft:explosion_decay"
                        }
                    ],
                    "name": "minecraft:pink_candle",
                    "weight": 136
                },
                {
                    "type": "minecraft:item",
                    "name": "minecraft:mangrove_door",
                    "weight": 136
                },
                {
                    "type": "minecraft:item",
                    "functions": [
                        {
                            "function": "minecraft:explosion_decay"
                        }
                    ],
                    "name": "minecraft:mossy_stone_brick_slab",
                    "weight": 136
                },
                {
                    "type": "minecraft:item",
                    "name": "minecraft:light_blue_wool",
                    "weight": 136
                },
                {
                    "type": "minecraft:item",
                    "name": "minecraft:lime_bed",
                    "weight": 136
                },
                {
                    "type": "minecraft:item",
                    "name": "minecraft:deepslate_tiles",
                    "weight": 136
                },
                {
                    "type": "minecraft:item",
                    "name": "minecraft:birch_fence",
                    "weight": 136
                },
                {
                    "type": "minecraft:item",
                    "name": "minecraft:bell",
                    "weight": 136
                },
                {
                    "type": "minecraft:item",
                    "name": "minecraft:lily_pad",
                    "weight": 21
                },
                {
                    "type": "minecraft:item",
                    "functions": [
                        {
                            "add": false,
                            "damage": {
                                "type": "minecraft:uniform",
                                "max": 0.9,
                                "min": 0.0
                            },
                            "function": "minecraft:set_damage"
                        }
                    ],
                    "name": "minecraft:leather_boots",
                    "weight": 13
                },
                {
                    "type": "minecraft:item",
                    "name": "minecraft:leather",
                    "weight": 13
                },
                {
                    "type": "minecraft:item",
                    "name": "minecraft:bone",
                    "weight": 13
                },
                {
                    "type": "minecraft:item",
                    "functions": [
                        {
                            "function": "minecraft:set_potion",
                            "id": "minecraft:water"
                        }
                    ],
                    "name": "minecraft:potion",
                    "weight": 13
                },
                {
                    "type": "minecraft:item",
                    "name": "minecraft:string",
                    "weight": 7
                },
                {
                    "type": "minecraft:item",
                    "functions": [
                        {
                            "add": false,
                            "damage": {
                                "type": "minecraft:uniform",
                                "max": 0.9,
                                "min": 0.0
                            },
                            "function": "minecraft:set_damage"
                        }
                    ],
                    "name": "minecraft:fishing_rod",
                    "weight": 5
                },
                {
                    "type": "minecraft:item",
                    "name": "minecraft:bowl",
                    "weight": 13
                },
                {
                    "type": "minecraft:item",
                    "name": "minecraft:stick",
                    "weight": 7
                },
                {
                    "type": "minecraft:item",
                    "functions": [
                        {
                            "add": false,
                            "count": 10.0,
                            "function": "minecraft:set_count"
                        }
                    ],
                    "name": "minecraft:ink_sac",
                    "weight": 3
                },
                {
                    "type": "minecraft:item",
                    "name": "minecraft:tripwire_hook",
                    "weight": 13
                },
                {
                    "type": "minecraft:item",
                    "name": "minecraft:rotten_flesh",
                    "weight": 13
                },
                {
                    "type": "minecraft:item",
                    "name": "minecraft:bamboo",
                    "weight": 13
                },
                {
                    "type": "minecraft:item",
                    "name": "minecraft:end_stone_bricks",
                    "weight": 136
                },
                {
                    "type": "minecraft:item",
                    "name": "minecraft:blue_candle",
                    "weight": 136
                },
                {
                    "type": "minecraft:item",
                    "name": "minecraft:pink_terracotta",
                    "weight": 136
                },
                {
                    "type": "minecraft:item",
                    "name": "minecraft:cobweb",
                    "weight": 68
                },
                {
                    "type": "minecraft:item",
                    "name": "minecraft:string",
                    "weight": 68
                },
                {
                    "type": "minecraft:item",
                    "functions": [
                        {
                            "function": "minecraft:explosion_decay"
                        }
                    ],
                    "name": "minecraft:white_candle",
                    "weight": 136
                },
                {
                    "type": "minecraft:item",
                    "name": "minecraft:crimson_stem",
                    "weight": 136
                },
                {
                    "type": "minecraft:item",
                    "name": "minecraft:bamboo",
                    "weight": 136
                },
                {
                    "type": "minecraft:item",
                    "name": "minecraft:red_nether_brick_wall",
                    "weight": 136
                },
                {
                    "type": "minecraft:item",
                    "name": "minecraft:sweet_berries",
                    "weight": 68
                },
                {
                    "type": "minecraft:item",
                    "name": "minecraft:sweet_berries",
                    "weight": 68
                },
                {
                    "type": "minecraft:item",
                    "name": "minecraft:light_blue_terracotta",
                    "weight": 136
                },
                {
                    "type": "minecraft:item",
                    "name": "minecraft:lime_concrete",
                    "weight": 136
                }
            ]
        }
    ]
}